{
"type": "FeatureCollection",
"name": "vecinos",
"crs": { "type": "name", "properties": { "name": "urn:ogc:def:crs:OGC:1.3:CRS84" } },
"xy_coordinate_resolution": 1e-05,
"features": [
{ "type": "Feature", "properties": { "nombre": "Países vecinos" }, "geometry": { "type": "MultiPolygon", "coordinates": [ [ [ [ -80.81823, -6.4204 ], [ -80.81754, -6.42265 ], [ -80.81706, -6.42495 ], [ -80.8168, -6.42729 ], [ -80.81603, -6.43935 ], [ -80.81604, -6.44268 ], [ -80.81701, -6.45666 ], [ -80.81484, -6.47166 ], [ -80.81461, -6.4741 ], [ -80.81461, -6.47654 ], [ -80.81486, -6.47897 ], [ -80.81534, -6.48137 ], [ -80.81605, -6.48371 ], [ -80.81699, -6.48597 ], [ -80.81815, -6.48812 ], [ -80.81951, -6.49015 ], [ -80.82106, -6.49204 ], [ -80.82279, -6.49377 ], [ -80.82468, -6.49532 ], [ -80.82671, -6.49668 ], [ -80.82886, -6.49784 ], [ -80.83112, -6.49878 ], [ -80.83346, -6.49949 ], [ -80.83586, -6.49997 ], [ -80.84708, -6.50166 ], [ -80.84998, -6.50193 ], [ -80.8529, -6.50185 ], [ -80.86594, -6.50075 ], [ -80.86846, -6.50041 ], [ -80.87093, -6.49981 ], [ -80.87332, -6.49897 ], [ -80.87562, -6.49789 ], [ -80.8778, -6.49658 ], [ -80.87983, -6.49506 ], [ -80.8817, -6.49334 ], [ -80.88338, -6.49143 ], [ -80.88486, -6.48937 ], [ -80.88613, -6.48717 ], [ -80.88716, -6.48485 ], [ -80.89076, -6.47553 ], [ -80.89157, -6.47304 ], [ -80.89212, -6.47049 ], [ -80.8924, -6.46789 ], [ -80.89241, -6.46527 ], [ -80.89214, -6.46267 ], [ -80.89161, -6.46011 ], [ -80.8908, -6.45763 ], [ -80.88961, -6.45449 ], [ -80.88977, -6.45375 ], [ -80.89219, -6.45156 ], [ -80.89393, -6.44981 ], [ -80.89549, -6.44791 ], [ -80.89685, -6.44586 ], [ -80.89801, -6.44368 ], [ -80.89894, -6.44141 ], [ -80.89965, -6.43905 ], [ -80.90012, -6.43663 ], [ -80.90035, -6.43418 ], [ -80.90034, -6.43172 ], [ -80.90009, -6.42927 ], [ -80.8996, -6.42686 ], [ -80.89887, -6.4245 ], [ -80.89792, -6.42223 ], [ -80.89675, -6.42007 ], [ -80.89536, -6.41803 ], [ -80.89379, -6.41614 ], [ -80.89093, -6.41302 ], [ -80.88931, -6.40506 ], [ -80.88853, -6.40212 ], [ -80.87685, -6.36708 ], [ -80.87598, -6.36484 ], [ -80.8749, -6.3627 ], [ -80.87362, -6.36067 ], [ -80.87215, -6.35876 ], [ -80.8705, -6.35701 ], [ -80.8687, -6.35543 ], [ -80.86675, -6.35403 ], [ -80.86467, -6.35281 ], [ -80.86249, -6.35181 ], [ -80.86022, -6.35102 ], [ -80.85789, -6.35045 ], [ -80.85551, -6.3501 ], [ -80.85311, -6.34999 ], [ -80.85071, -6.35011 ], [ -80.84834, -6.35045 ], [ -80.846, -6.35103 ], [ -80.84374, -6.35182 ], [ -80.84156, -6.35283 ], [ -80.83948, -6.35404 ], [ -80.82932, -6.36066 ], [ -80.82735, -6.36209 ], [ -80.82553, -6.3637 ], [ -80.82387, -6.36548 ], [ -80.8224, -6.36741 ], [ -80.82111, -6.36947 ], [ -80.82004, -6.37165 ], [ -80.81918, -6.37393 ], [ -80.81855, -6.37627 ], [ -80.81814, -6.37867 ], [ -80.81798, -6.38109 ], [ -80.81804, -6.38352 ], [ -80.81835, -6.38594 ], [ -80.81888, -6.38831 ], [ -80.81965, -6.39061 ], [ -80.82063, -6.39284 ], [ -80.82183, -6.39495 ], [ -80.82322, -6.39694 ], [ -80.82682, -6.40157 ], [ -80.82853, -6.40577 ], [ -80.82832, -6.40631 ], [ -80.823, -6.41235 ], [ -80.82153, -6.41418 ], [ -80.82024, -6.41615 ], [ -80.81913, -6.41823 ], [ -80.81823, -6.4204 ] ] ], [ [ [ -80.94398, -2.16044 ], [ -80.94188, -2.16155 ], [ -80.93655, -2.16472 ], [ -80.9346, -2.16601 ], [ -80.93278, -2.16747 ], [ -80.93111, -2.16909 ], [ -80.92959, -2.17087 ], [ -80.92825, -2.17278 ], [ -80.92708, -2.1748 ], [ -80.92612, -2.17693 ], [ -80.92535, -2.17913 ], [ -80.92197, -2.19059 ], [ -80.9208, -2.19186 ], [ -80.91125, -2.19145 ], [ -80.88301, -2.18122 ], [ -80.83535, -2.1428 ], [ -80.83316, -2.14123 ], [ -80.83082, -2.1399 ], [ -80.79614, -2.1226 ], [ -80.7688, -2.09204 ], [ -80.76316, -2.04751 ], [ -80.77422, -2.02375 ], [ -80.7751, -2.0216 ], [ -80.77577, -2.01939 ], [ -80.78341, -1.98948 ], [ -80.78597, -1.98256 ], [ -80.78668, -1.98031 ], [ -80.78718, -1.978 ], [ -80.78746, -1.97565 ], [ -80.78751, -1.97329 ], [ -80.78734, -1.97093 ], [ -80.78695, -1.9686 ], [ -80.78634, -1.96631 ], [ -80.78552, -1.9641 ], [ -80.78108, -1.95367 ], [ -80.78002, -1.95148 ], [ -80.77876, -1.94941 ], [ -80.7773, -1.94747 ], [ -80.77565, -1.94568 ], [ -80.77384, -1.94406 ], [ -80.77189, -1.94262 ], [ -80.7698, -1.94138 ], [ -80.7676, -1.94034 ], [ -80.76531, -1.93953 ], [ -80.76295, -1.93894 ], [ -80.7564, -1.93764 ], [ -80.75538, -1.92924 ], [ -80.75767, -1.90851 ], [ -80.78449, -1.80489 ], [ -80.80494, -1.74747 ], [ -80.81157, -1.73586 ], [ -80.81966, -1.72603 ], [ -80.82142, -1.72362 ], [ -80.8333, -1.70506 ], [ -80.83445, -1.70306 ], [ -80.83541, -1.70097 ], [ -80.85763, -1.64615 ], [ -80.86927, -1.63114 ], [ -80.87079, -1.62895 ], [ -80.87207, -1.62662 ], [ -80.87309, -1.62416 ], [ -80.87764, -1.6113 ], [ -80.87846, -1.60845 ], [ -80.87894, -1.60552 ], [ -80.88045, -1.59087 ], [ -80.88058, -1.58866 ], [ -80.88051, -1.58645 ], [ -80.88025, -1.58425 ], [ -80.87979, -1.58209 ], [ -80.87915, -1.57997 ], [ -80.87512, -1.56858 ], [ -80.87414, -1.5662 ], [ -80.87292, -1.56394 ], [ -80.87147, -1.56181 ], [ -80.86981, -1.55985 ], [ -80.86796, -1.55806 ], [ -80.86594, -1.55647 ], [ -80.84398, -1.54102 ], [ -80.84538, -1.53343 ], [ -80.8457, -1.53107 ], [ -80.84579, -1.52869 ], [ -80.84555, -1.49972 ], [ -80.8454, -1.49716 ], [ -80.84498, -1.49463 ], [ -80.84431, -1.49215 ], [ -80.84338, -1.48975 ], [ -80.84222, -1.48746 ], [ -80.84083, -1.48531 ], [ -80.83922, -1.4833 ], [ -80.83742, -1.48148 ], [ -80.81649, -1.46235 ], [ -80.81459, -1.46077 ], [ -80.81254, -1.4594 ], [ -80.81037, -1.45823 ], [ -80.80809, -1.45728 ], [ -80.80573, -1.45656 ], [ -80.79348, -1.45347 ], [ -80.79196, -1.45315 ], [ -80.79202, -1.45149 ], [ -80.79189, -1.44788 ], [ -80.78976, -1.42841 ], [ -80.78942, -1.42619 ], [ -80.78888, -1.42401 ], [ -80.7855, -1.41264 ], [ -80.78882, -1.39571 ], [ -80.78917, -1.39331 ], [ -80.78929, -1.39089 ], [ -80.78917, -1.38848 ], [ -80.78882, -1.38608 ], [ -80.78824, -1.38373 ], [ -80.78397, -1.36944 ], [ -80.78311, -1.36701 ], [ -80.78199, -1.36467 ], [ -80.78064, -1.36247 ], [ -80.77907, -1.36041 ], [ -80.7773, -1.35853 ], [ -80.77534, -1.35684 ], [ -80.77322, -1.35537 ], [ -80.77095, -1.35412 ], [ -80.76871, -1.35303 ], [ -80.76874, -1.35258 ], [ -80.79379, -1.31789 ], [ -80.85278, -1.24727 ], [ -80.85413, -1.24548 ], [ -80.85533, -1.24359 ], [ -80.90389, -1.15812 ], [ -80.90517, -1.15553 ], [ -80.9392, -1.07528 ], [ -80.94007, -1.0729 ], [ -80.94069, -1.07045 ], [ -80.94106, -1.06794 ], [ -80.94118, -1.06541 ], [ -80.94104, -1.06288 ], [ -80.94065, -1.06038 ], [ -80.94, -1.05793 ], [ -80.93343, -1.03732 ], [ -80.9326, -1.03508 ], [ -80.93155, -1.03293 ], [ -80.93031, -1.03089 ], [ -80.92887, -1.02898 ], [ -80.92727, -1.02721 ], [ -80.9152, -1.01517 ], [ -80.91368, -1.01378 ], [ -80.90083, -1.00291 ], [ -80.88958, -0.99074 ], [ -80.87501, -0.97204 ], [ -80.87401, -0.97085 ], [ -80.85223, -0.94621 ], [ -80.85059, -0.94186 ], [ -80.84955, -0.93949 ], [ -80.84827, -0.93723 ], [ -80.84677, -0.93512 ], [ -80.84505, -0.93318 ], [ -80.84314, -0.93142 ], [ -80.84106, -0.92987 ], [ -80.83883, -0.92855 ], [ -80.83648, -0.92746 ], [ -80.82566, -0.92313 ], [ -80.82337, -0.92234 ], [ -80.82102, -0.92178 ], [ -80.81863, -0.92144 ], [ -80.81622, -0.92134 ], [ -80.8138, -0.92147 ], [ -80.81142, -0.92184 ], [ -80.80907, -0.92243 ], [ -80.79858, -0.92563 ], [ -80.7953, -0.92563 ], [ -80.78724, -0.92067 ], [ -80.78554, -0.91971 ], [ -80.78376, -0.91889 ], [ -80.77079, -0.91348 ], [ -80.76842, -0.91263 ], [ -80.76598, -0.91202 ], [ -80.76349, -0.91166 ], [ -80.76097, -0.91155 ], [ -80.75846, -0.9117 ], [ -80.75597, -0.9121 ], [ -80.74783, -0.91383 ], [ -80.73078, -0.90763 ], [ -80.72843, -0.90691 ], [ -80.72603, -0.90642 ], [ -80.72359, -0.90617 ], [ -80.72114, -0.90615 ], [ -80.7187, -0.90638 ], [ -80.7163, -0.90685 ], [ -80.71395, -0.90755 ], [ -80.71168, -0.90847 ], [ -80.70951, -0.90962 ], [ -80.70746, -0.91097 ], [ -80.70556, -0.91251 ], [ -80.70381, -0.91423 ], [ -80.70225, -0.91612 ], [ -80.70087, -0.91815 ], [ -80.69971, -0.9203 ], [ -80.69875, -0.92256 ], [ -80.69856, -0.92317 ], [ -80.69533, -0.92037 ], [ -80.6933, -0.91878 ], [ -80.69112, -0.91742 ], [ -80.68881, -0.91628 ], [ -80.68717, -0.91558 ], [ -80.68357, -0.91095 ], [ -80.68189, -0.909 ], [ -80.68002, -0.90724 ], [ -80.67797, -0.90568 ], [ -80.67577, -0.90433 ], [ -80.67345, -0.90322 ], [ -80.67102, -0.90235 ], [ -80.66022, -0.89911 ], [ -80.65788, -0.89853 ], [ -80.65549, -0.89818 ], [ -80.65308, -0.89806 ], [ -80.65066, -0.89817 ], [ -80.64827, -0.89852 ], [ -80.64593, -0.89909 ], [ -80.64365, -0.89989 ], [ -80.64145, -0.90091 ], [ -80.63937, -0.90213 ], [ -80.63741, -0.90355 ], [ -80.6356, -0.90515 ], [ -80.63395, -0.90691 ], [ -80.63249, -0.90883 ], [ -80.62834, -0.91483 ], [ -80.61961, -0.91585 ], [ -80.60484, -0.91007 ], [ -80.58731, -0.89429 ], [ -80.57003, -0.87618 ], [ -80.55727, -0.82099 ], [ -80.54042, -0.73716 ], [ -80.53996, -0.73527 ], [ -80.53936, -0.73342 ], [ -80.52101, -0.68377 ], [ -80.51992, -0.68126 ], [ -80.4976, -0.63661 ], [ -80.48547, -0.60813 ], [ -80.48425, -0.60566 ], [ -80.48277, -0.60334 ], [ -80.48104, -0.60119 ], [ -80.47618, -0.5958 ], [ -80.47447, -0.59408 ], [ -80.47261, -0.59254 ], [ -80.46397, -0.58606 ], [ -80.46194, -0.58469 ], [ -80.45978, -0.58352 ], [ -80.45752, -0.58257 ], [ -80.45517, -0.58184 ], [ -80.45277, -0.58135 ], [ -80.45116, -0.5811 ], [ -80.45762, -0.57184 ], [ -80.45887, -0.56986 ], [ -80.45993, -0.56777 ], [ -80.46079, -0.56559 ], [ -80.46144, -0.56333 ], [ -80.46187, -0.56103 ], [ -80.46209, -0.5587 ], [ -80.46301, -0.53899 ], [ -80.47233, -0.5146 ], [ -80.47301, -0.51255 ], [ -80.47352, -0.51045 ], [ -80.47384, -0.50832 ], [ -80.4765, -0.48335 ], [ -80.48759, -0.45866 ], [ -80.50364, -0.43979 ], [ -80.50527, -0.43765 ], [ -80.50667, -0.43534 ], [ -80.5078, -0.4329 ], [ -80.50867, -0.43035 ], [ -80.52053, -0.38813 ], [ -80.5211, -0.38562 ], [ -80.5214, -0.38307 ], [ -80.52144, -0.3805 ], [ -80.52122, -0.37794 ], [ -80.52074, -0.37541 ], [ -80.52, -0.37295 ], [ -80.51901, -0.37057 ], [ -80.51778, -0.36831 ], [ -80.51633, -0.36619 ], [ -80.50552, -0.35204 ], [ -80.50385, -0.35008 ], [ -80.502, -0.34831 ], [ -80.49997, -0.34673 ], [ -80.49779, -0.34537 ], [ -80.49548, -0.34424 ], [ -80.49307, -0.34335 ], [ -80.49058, -0.34271 ], [ -80.48804, -0.34233 ], [ -80.47499, -0.34108 ], [ -80.45143, -0.32215 ], [ -80.42275, -0.27877 ], [ -80.41512, -0.26553 ], [ -80.41334, -0.25617 ], [ -80.41275, -0.25375 ], [ -80.41193, -0.2514 ], [ -80.40303, -0.22958 ], [ -80.40193, -0.22724 ], [ -80.39328, -0.21105 ], [ -80.39209, -0.20906 ], [ -80.39073, -0.20718 ], [ -80.38919, -0.20544 ], [ -80.3875, -0.20385 ], [ -80.38567, -0.20242 ], [ -80.38372, -0.20117 ], [ -80.38166, -0.20011 ], [ -80.37951, -0.19924 ], [ -80.36629, -0.1946 ], [ -80.34497, -0.16004 ], [ -80.3436, -0.15805 ], [ -80.34204, -0.1562 ], [ -80.34032, -0.1545 ], [ -80.33844, -0.15298 ], [ -80.33642, -0.15165 ], [ -80.33428, -0.15052 ], [ -80.33204, -0.14961 ], [ -80.32973, -0.14891 ], [ -80.32736, -0.14844 ], [ -80.32495, -0.1482 ], [ -80.32253, -0.1482 ], [ -80.32013, -0.14843 ], [ -80.31775, -0.14889 ], [ -80.31543, -0.14957 ], [ -80.31319, -0.15048 ], [ -80.31105, -0.1516 ], [ -80.30903, -0.15292 ], [ -80.30714, -0.15443 ], [ -80.30143, -0.15947 ], [ -80.29691, -0.15721 ], [ -80.2487, -0.12108 ], [ -80.19145, -0.05874 ], [ -80.14459, 0.00172 ], [ -80.14417, 0.00224 ], [ -80.12999, 0.01955 ], [ -80.12512, 0.03321 ], [ -80.12346, 0.04328 ], [ -80.12292, 0.04573 ], [ -80.12215, 0.04812 ], [ -80.12114, 0.05041 ], [ -80.11991, 0.05259 ], [ -80.11846, 0.05464 ], [ -80.11682, 0.05653 ], [ -80.11499, 0.05825 ], [ -80.11002, 0.06248 ], [ -80.10807, 0.06398 ], [ -80.10597, 0.06529 ], [ -80.10376, 0.06638 ], [ -80.10145, 0.06725 ], [ -80.0853, 0.07242 ], [ -80.07516, 0.09778 ], [ -80.06738, 0.12796 ], [ -80.06206, 0.1766 ], [ -80.06327, 0.19702 ], [ -80.0708, 0.23811 ], [ -80.07107, 0.23998 ], [ -80.0712, 0.24187 ], [ -80.07348, 0.31756 ], [ -80.07344, 0.31982 ], [ -80.07321, 0.32207 ], [ -80.07276, 0.32429 ], [ -80.07212, 0.32647 ], [ -80.06422, 0.34937 ], [ -80.06403, 0.3543 ], [ -80.06384, 0.3566 ], [ -80.06343, 0.35887 ], [ -80.06282, 0.3611 ], [ -80.062, 0.36326 ], [ -80.06098, 0.36534 ], [ -80.05978, 0.36731 ], [ -80.05726, 0.37105 ], [ -80.05584, 0.37296 ], [ -80.05425, 0.37472 ], [ -80.05249, 0.37632 ], [ -80.05059, 0.37775 ], [ -80.04857, 0.37899 ], [ -80.04643, 0.38004 ], [ -80.04421, 0.38087 ], [ -80.04191, 0.38149 ], [ -80.03957, 0.38189 ], [ -80.0372, 0.38207 ], [ -80.03482, 0.38202 ], [ -80.03246, 0.38175 ], [ -80.03014, 0.38125 ], [ -80.02855, 0.38075 ], [ -80.0302, 0.38236 ], [ -80.03161, 0.38386 ], [ -80.03289, 0.38548 ], [ -80.03403, 0.38719 ], [ -80.05779, 0.42613 ], [ -80.059, 0.42835 ], [ -80.05997, 0.43068 ], [ -80.06709, 0.45046 ], [ -80.06787, 0.45304 ], [ -80.06836, 0.45568 ], [ -80.071, 0.47582 ], [ -80.07119, 0.47796 ], [ -80.07119, 0.48012 ], [ -80.07101, 0.48226 ], [ -80.06816, 0.5044 ], [ -80.06769, 0.50695 ], [ -80.06697, 0.50943 ], [ -80.06599, 0.51183 ], [ -80.06477, 0.51411 ], [ -80.05786, 0.52558 ], [ -80.05638, 0.52777 ], [ -80.05467, 0.5298 ], [ -80.048, 0.5369 ], [ -80.04332, 0.54548 ], [ -80.04227, 0.55678 ], [ -80.04611, 0.57117 ], [ -80.05266, 0.58713 ], [ -80.05332, 0.58895 ], [ -80.05384, 0.59081 ], [ -80.05947, 0.61432 ], [ -80.06203, 0.6177 ], [ -80.06737, 0.62056 ], [ -80.08106, 0.62254 ], [ -80.08377, 0.62308 ], [ -80.08641, 0.62392 ], [ -80.09923, 0.62881 ], [ -80.10141, 0.62976 ], [ -80.10349, 0.63092 ], [ -80.10545, 0.63227 ], [ -80.10728, 0.6338 ], [ -80.10895, 0.63549 ], [ -80.11045, 0.63734 ], [ -80.11932, 0.64938 ], [ -80.1206, 0.6513 ], [ -80.1217, 0.65333 ], [ -80.12261, 0.65546 ], [ -80.12839, 0.67092 ], [ -80.12941, 0.67443 ], [ -80.13271, 0.68981 ], [ -80.13312, 0.69231 ], [ -80.13327, 0.69484 ], [ -80.13363, 0.7379 ], [ -80.13355, 0.74016 ], [ -80.13326, 0.7424 ], [ -80.13277, 0.7446 ], [ -80.12142, 0.78683 ], [ -80.12072, 0.78903 ], [ -80.11982, 0.79115 ], [ -80.11873, 0.79318 ], [ -80.09729, 0.82899 ], [ -80.09605, 0.83087 ], [ -80.09464, 0.83263 ], [ -80.09308, 0.83425 ], [ -80.09138, 0.83573 ], [ -80.06175, 0.85925 ], [ -80.05983, 0.86064 ], [ -80.05778, 0.86183 ], [ -80.05563, 0.86283 ], [ -80.05339, 0.86362 ], [ -80.05109, 0.86419 ], [ -80.04875, 0.86454 ], [ -80.04638, 0.86467 ], [ -80.04401, 0.86457 ], [ -80.04166, 0.86425 ], [ -80.03935, 0.86371 ], [ -80.03711, 0.86295 ], [ -80.03494, 0.86199 ], [ -80.02178, 0.85534 ], [ -80.01408, 0.85442 ], [ -79.9859, 0.85691 ], [ -79.97908, 0.85887 ], [ -79.96381, 0.87309 ], [ -79.96209, 0.87456 ], [ -79.96024, 0.87586 ], [ -79.95828, 0.87699 ], [ -79.95622, 0.87794 ], [ -79.95409, 0.8787 ], [ -79.94054, 0.88285 ], [ -79.93716, 0.88364 ], [ -79.92554, 0.88549 ], [ -79.90298, 0.89432 ], [ -79.90055, 0.89513 ], [ -79.89805, 0.89569 ], [ -79.87233, 0.90004 ], [ -79.85835, 0.91055 ], [ -79.8563, 0.91194 ], [ -79.85412, 0.91312 ], [ -79.85183, 0.91408 ], [ -79.84946, 0.91481 ], [ -79.83956, 0.91731 ], [ -79.83691, 0.91864 ], [ -79.80987, 0.94011 ], [ -79.80524, 0.94499 ], [ -79.79353, 0.96199 ], [ -79.79216, 0.96381 ], [ -79.79062, 0.9655 ], [ -79.78329, 0.97283 ], [ -79.78163, 0.97434 ], [ -79.77985, 0.9757 ], [ -79.77795, 0.97689 ], [ -79.77596, 0.97791 ], [ -79.75216, 0.98873 ], [ -79.74936, 0.9898 ], [ -79.69326, 1.00757 ], [ -79.67026, 1.02397 ], [ -79.66814, 1.02532 ], [ -79.6659, 1.02645 ], [ -79.66356, 1.02736 ], [ -79.66114, 1.02802 ], [ -79.65867, 1.02844 ], [ -79.65616, 1.02861 ], [ -79.65365, 1.02852 ], [ -79.65116, 1.02819 ], [ -79.64872, 1.0276 ], [ -79.64635, 1.02678 ], [ -79.64408, 1.02572 ], [ -79.64192, 1.02443 ], [ -79.6399, 1.02294 ], [ -79.63804, 1.02126 ], [ -79.63636, 1.01939 ], [ -79.63487, 1.01737 ], [ -79.6336, 1.0152 ], [ -79.6332, 1.01444 ], [ -79.62714, 1.01786 ], [ -79.62493, 1.01896 ], [ -79.62261, 1.01985 ], [ -79.62022, 1.0205 ], [ -79.61778, 1.02091 ], [ -79.61531, 1.02108 ], [ -79.61283, 1.021 ], [ -79.61037, 1.02067 ], [ -79.60796, 1.02011 ], [ -79.57495, 1.01063 ], [ -79.53924, 1.03081 ], [ -79.47338, 1.09093 ], [ -79.47151, 1.09247 ], [ -79.4695, 1.09383 ], [ -79.46736, 1.09499 ], [ -79.46512, 1.09594 ], [ -79.46281, 1.09666 ], [ -79.44133, 1.10223 ], [ -79.43861, 1.10278 ], [ -79.43585, 1.10302 ], [ -79.43308, 1.10295 ], [ -79.3666, 1.09769 ], [ -79.36345, 1.09844 ], [ -79.3423, 1.10675 ], [ -79.34031, 1.10744 ], [ -79.33827, 1.10795 ], [ -79.3285, 1.10999 ], [ -79.32574, 1.11041 ], [ -79.32294, 1.11052 ], [ -79.29787, 1.11007 ], [ -79.29145, 1.11112 ], [ -79.28378, 1.11512 ], [ -79.28158, 1.11614 ], [ -79.2793, 1.11693 ], [ -79.27696, 1.11751 ], [ -79.27457, 1.11785 ], [ -79.27215, 1.11796 ], [ -79.26974, 1.11784 ], [ -79.26735, 1.11748 ], [ -79.26501, 1.1169 ], [ -79.26273, 1.11609 ], [ -79.26054, 1.11507 ], [ -79.24363, 1.10614 ], [ -79.22571, 1.10864 ], [ -79.19932, 1.11777 ], [ -79.19659, 1.11854 ], [ -79.17449, 1.12347 ], [ -79.16394, 1.12905 ], [ -79.0918, 1.2246 ], [ -79.09009, 1.22663 ], [ -79.08818, 1.22847 ], [ -79.08608, 1.23009 ], [ -79.08382, 1.23149 ], [ -79.06921, 1.23946 ], [ -79.06688, 1.24058 ], [ -79.06443, 1.24145 ], [ -79.06192, 1.24207 ], [ -79.05935, 1.24242 ], [ -79.05676, 1.24251 ], [ -79.05417, 1.24232 ], [ -79.05162, 1.24187 ], [ -79.04913, 1.24116 ], [ -79.02447, 1.2327 ], [ -79.02235, 1.23186 ], [ -79.02032, 1.23084 ], [ -79.01839, 1.22963 ], [ -79.01658, 1.22826 ], [ -78.99705, 1.21199 ], [ -78.99506, 1.21014 ], [ -78.99329, 1.20809 ], [ -78.99175, 1.20586 ], [ -78.98101, 1.18838 ], [ -78.97952, 1.20914 ], [ -78.97919, 1.21176 ], [ -78.97858, 1.21433 ], [ -78.97771, 1.21682 ], [ -78.97659, 1.21921 ], [ -78.97633, 1.21969 ], [ -78.99233, 1.23191 ], [ -78.99409, 1.23338 ], [ -78.9957, 1.23501 ], [ -79.01064, 1.25153 ], [ -79.01212, 1.25332 ], [ -79.01342, 1.25524 ], [ -79.01454, 1.25728 ], [ -79.01546, 1.25941 ], [ -79.01619, 1.26161 ], [ -79.01671, 1.26387 ], [ -79.02004, 1.28238 ], [ -79.02035, 1.28479 ], [ -79.02043, 1.28721 ], [ -79.02027, 1.28962 ], [ -79.01988, 1.29202 ], [ -79.01926, 1.29436 ], [ -79.01842, 1.29663 ], [ -79.01736, 1.29881 ], [ -79.0161, 1.30087 ], [ -79.00145, 1.3224 ], [ -79.00005, 1.32426 ], [ -78.99849, 1.32599 ], [ -78.99677, 1.32756 ], [ -78.91767, 1.39339 ], [ -78.91572, 1.39485 ], [ -78.91364, 1.39613 ], [ -78.91144, 1.39719 ], [ -78.90914, 1.39803 ], [ -78.90678, 1.39864 ], [ -78.90437, 1.39903 ], [ -78.90193, 1.39917 ], [ -78.89949, 1.39907 ], [ -78.89707, 1.39874 ], [ -78.89469, 1.39817 ], [ -78.89238, 1.39738 ], [ -78.89016, 1.39636 ], [ -78.88805, 1.39513 ], [ -78.88607, 1.3937 ], [ -78.88424, 1.39208 ], [ -78.88258, 1.39029 ], [ -78.88109, 1.38835 ], [ -78.87981, 1.38628 ], [ -78.87873, 1.38408 ], [ -78.87787, 1.3818 ], [ -78.87724, 1.37944 ], [ -78.87684, 1.37703 ], [ -78.87668, 1.37459 ], [ -78.87665, 1.37251 ], [ -78.85337, 1.39568 ], [ -78.85173, 1.39945 ], [ -78.85193, 1.40617 ], [ -78.85475, 1.41703 ], [ -78.85528, 1.41963 ], [ -78.85554, 1.42226 ], [ -78.85551, 1.42492 ], [ -78.8552, 1.42755 ], [ -78.85332, 1.43853 ], [ -78.85278, 1.44097 ], [ -78.85199, 1.44334 ], [ -78.85097, 1.44563 ], [ -78.84973, 1.4478 ], [ -78.84828, 1.44983 ], [ -78.84663, 1.45172 ], [ -78.8448, 1.45342 ], [ -78.84281, 1.45494 ], [ -78.84068, 1.45624 ], [ -78.83842, 1.45733 ], [ -78.83607, 1.45819 ], [ -78.83365, 1.45881 ], [ -78.83238, 1.459 ], [ -78.8331, 1.45874 ], [ -78.83426, 1.45652 ], [ -78.83432, 1.45246 ], [ -78.83293, 1.45024 ], [ -78.82654, 1.45096 ], [ -78.81976, 1.4504 ], [ -78.81682, 1.45543 ], [ -78.81722, 1.4565 ], [ -78.81668, 1.45624 ], [ -78.81455, 1.45494 ], [ -78.81174, 1.45302 ], [ -78.81659, 1.44925 ], [ -78.81846, 1.44571 ], [ -78.82031, 1.44626 ], [ -78.82466, 1.44514 ], [ -78.81908, 1.44468 ], [ -78.8166, 1.44281 ], [ -78.81577, 1.44078 ], [ -78.81669, 1.44112 ], [ -78.81699, 1.43884 ], [ -78.8141, 1.43748 ], [ -78.81492, 1.43352 ], [ -78.81332, 1.4317 ], [ -78.81065, 1.43024 ], [ -78.80665, 1.43119 ], [ -78.79815, 1.42782 ], [ -78.79746, 1.42364 ], [ -78.79299, 1.41278 ], [ -78.79042, 1.41364 ], [ -78.7902, 1.41261 ], [ -78.79209, 1.41178 ], [ -78.793, 1.41015 ], [ -78.79221, 1.40861 ], [ -78.78595, 1.4084 ], [ -78.78455, 1.40934 ], [ -78.78007, 1.40979 ], [ -78.77884, 1.40732 ], [ -78.77702, 1.4073 ], [ -78.77788, 1.40639 ], [ -78.77743, 1.40555 ], [ -78.77536, 1.40605 ], [ -78.77673, 1.40528 ], [ -78.77601, 1.40387 ], [ -78.77719, 1.4031 ], [ -78.77705, 1.4024 ], [ -78.77549, 1.40241 ], [ -78.77689, 1.40096 ], [ -78.77573, 1.39974 ], [ -78.77888, 1.39674 ], [ -78.77859, 1.39248 ], [ -78.77419, 1.39091 ], [ -78.76745, 1.39113 ], [ -78.76773, 1.39272 ], [ -78.76588, 1.39502 ], [ -78.76021, 1.39527 ], [ -78.75771, 1.39404 ], [ -78.75779, 1.39207 ], [ -78.7549, 1.39102 ], [ -78.75193, 1.38849 ], [ -78.74678, 1.37849 ], [ -78.74389, 1.37691 ], [ -78.74367, 1.37607 ], [ -78.74237, 1.37716 ], [ -78.74031, 1.37692 ], [ -78.7313, 1.3681 ], [ -78.72872, 1.37002 ], [ -78.7281, 1.36837 ], [ -78.72684, 1.36927 ], [ -78.72025, 1.36908 ], [ -78.7183, 1.36435 ], [ -78.71516, 1.36086 ], [ -78.71355, 1.36202 ], [ -78.70967, 1.35896 ], [ -78.70952, 1.35714 ], [ -78.70611, 1.35177 ], [ -78.70646, 1.35055 ], [ -78.70397, 1.34972 ], [ -78.70486, 1.34711 ], [ -78.70329, 1.34577 ], [ -78.70386, 1.34317 ], [ -78.70272, 1.33783 ], [ -78.70209, 1.33768 ], [ -78.70161, 1.33981 ], [ -78.70083, 1.33987 ], [ -78.69957, 1.33717 ], [ -78.70017, 1.33577 ], [ -78.69779, 1.33633 ], [ -78.69526, 1.3347 ], [ -78.69504, 1.33019 ], [ -78.6904, 1.33151 ], [ -78.69025, 1.33422 ], [ -78.68584, 1.33317 ], [ -78.67765, 1.31477 ], [ -78.66628, 1.29956 ], [ -78.65294, 1.28918 ], [ -78.64702, 1.28735 ], [ -78.64897, 1.28356 ], [ -78.64887, 1.27727 ], [ -78.64482, 1.27301 ], [ -78.64243, 1.26901 ], [ -78.63855, 1.26796 ], [ -78.63852, 1.26685 ], [ -78.64025, 1.26587 ], [ -78.64059, 1.26477 ], [ -78.63936, 1.265 ], [ -78.63566, 1.26824 ], [ -78.63167, 1.26556 ], [ -78.62995, 1.26523 ], [ -78.63086, 1.26353 ], [ -78.6331, 1.26234 ], [ -78.63299, 1.26146 ], [ -78.62741, 1.26154 ], [ -78.62571, 1.25535 ], [ -78.62343, 1.25353 ], [ -78.62189, 1.25052 ], [ -78.61542, 1.24627 ], [ -78.61281, 1.24743 ], [ -78.60716, 1.2464 ], [ -78.60496, 1.24656 ], [ -78.60446, 1.24726 ], [ -78.60103, 1.2434 ], [ -78.59498, 1.2407 ], [ -78.59285, 1.23873 ], [ -78.58793, 1.24301 ], [ -78.58567, 1.24333 ], [ -78.57084, 1.24321 ], [ -78.55753, 1.22915 ], [ -78.55744, 1.22905 ], [ -78.5468, 1.22993 ], [ -78.54761, 1.22923 ], [ -78.54758, 1.22664 ], [ -78.54553, 1.22605 ], [ -78.54068, 1.22956 ], [ -78.53592, 1.22548 ], [ -78.52983, 1.22403 ], [ -78.5295, 1.22126 ], [ -78.52813, 1.22025 ], [ -78.52331, 1.22156 ], [ -78.52197, 1.22117 ], [ -78.5212, 1.21977 ], [ -78.52229, 1.21497 ], [ -78.51977, 1.21246 ], [ -78.51623, 1.21394 ], [ -78.51463, 1.2132 ], [ -78.51597, 1.2041 ], [ -78.51522, 1.20344 ], [ -78.51237, 1.20431 ], [ -78.51186, 1.20312 ], [ -78.51305, 1.20035 ], [ -78.5126, 1.19654 ], [ -78.51698, 1.1911 ], [ -78.51778, 1.18896 ], [ -78.51597, 1.18777 ], [ -78.51133, 1.18949 ], [ -78.5097, 1.18903 ], [ -78.50873, 1.18938 ], [ -78.50574, 1.19721 ], [ -78.50449, 1.19728 ], [ -78.50213, 1.19532 ], [ -78.4951, 1.19839 ], [ -78.49164, 1.1967 ], [ -78.49418, 1.19279 ], [ -78.49417, 1.19158 ], [ -78.49094, 1.18885 ], [ -78.48995, 1.18578 ], [ -78.48874, 1.18551 ], [ -78.48701, 1.18654 ], [ -78.48564, 1.18869 ], [ -78.48346, 1.18922 ], [ -78.48206, 1.19079 ], [ -78.48009, 1.19148 ], [ -78.47881, 1.19364 ], [ -78.47471, 1.19044 ], [ -78.47008, 1.18913 ], [ -78.47065, 1.18376 ], [ -78.46923, 1.18094 ], [ -78.46775, 1.18053 ], [ -78.46431, 1.18179 ], [ -78.46357, 1.18129 ], [ -78.46326, 1.17712 ], [ -78.46247, 1.17651 ], [ -78.45817, 1.17815 ], [ -78.4552, 1.17651 ], [ -78.45402, 1.17704 ], [ -78.45092, 1.18383 ], [ -78.44889, 1.18426 ], [ -78.44662, 1.18214 ], [ -78.44317, 1.18335 ], [ -78.44259, 1.18873 ], [ -78.42712, 1.17154 ], [ -78.42694, 1.17065 ], [ -78.42973, 1.17008 ], [ -78.43166, 1.17161 ], [ -78.43319, 1.17136 ], [ -78.43246, 1.16755 ], [ -78.43506, 1.16258 ], [ -78.43502, 1.15943 ], [ -78.43796, 1.15904 ], [ -78.43813, 1.15836 ], [ -78.43356, 1.15032 ], [ -78.43332, 1.14371 ], [ -78.4314, 1.14077 ], [ -78.42778, 1.13881 ], [ -78.41862, 1.13817 ], [ -78.41632, 1.13893 ], [ -78.41585, 1.14 ], [ -78.41674, 1.14754 ], [ -78.42001, 1.15021 ], [ -78.42431, 1.15109 ], [ -78.42548, 1.15282 ], [ -78.42514, 1.15387 ], [ -78.4201, 1.15706 ], [ -78.41768, 1.1599 ], [ -78.41658, 1.15982 ], [ -78.35579, 1.09225 ], [ -78.33605, 1.0772 ], [ -78.32128, 1.07002 ], [ -78.28042, 1.05901 ], [ -78.28144, 1.05818 ], [ -78.28158, 1.05617 ], [ -78.27585, 1.05318 ], [ -78.27405, 1.04991 ], [ -78.27288, 1.04957 ], [ -78.27053, 1.04665 ], [ -78.26777, 1.04665 ], [ -78.26625, 1.04464 ], [ -78.26618, 1.04311 ], [ -78.26473, 1.04304 ], [ -78.26507, 1.04158 ], [ -78.2621, 1.04228 ], [ -78.26024, 1.04033 ], [ -78.25775, 1.04068 ], [ -78.25768, 1.03734 ], [ -78.25494, 1.03732 ], [ -78.25347, 1.03651 ], [ -78.25361, 1.03186 ], [ -78.25209, 1.03123 ], [ -78.25112, 1.02901 ], [ -78.24621, 1.02921 ], [ -78.24417, 1.02836 ], [ -78.24325, 1.02936 ], [ -78.24166, 1.02776 ], [ -78.2398, 1.02721 ], [ -78.23642, 1.02318 ], [ -78.23842, 1.02262 ], [ -78.23676, 1.02144 ], [ -78.23683, 1.02068 ], [ -78.23828, 1.01998 ], [ -78.23821, 1.01901 ], [ -78.23565, 1.0172 ], [ -78.23462, 1.01546 ], [ -78.23193, 1.0147 ], [ -78.23103, 1.0131 ], [ -78.22854, 1.01352 ], [ -78.2282, 1.01206 ], [ -78.22613, 1.01234 ], [ -78.22302, 1.01116 ], [ -78.22164, 1.00908 ], [ -78.21922, 1.0097 ], [ -78.21321, 1.00477 ], [ -78.21038, 1.00547 ], [ -78.20896, 1.00467 ], [ -78.20783, 1.00227 ], [ -78.2061, 1.00206 ], [ -78.20362, 0.99699 ], [ -78.2023, 0.99706 ], [ -78.20292, 0.99428 ], [ -78.20244, 0.99178 ], [ -78.19857, 0.98872 ], [ -78.19857, 0.98643 ], [ -78.1965, 0.98622 ], [ -78.19477, 0.98442 ], [ -78.19567, 0.98206 ], [ -78.19513, 0.97707 ], [ -78.19651, 0.97593 ], [ -78.19505, 0.97568 ], [ -78.19395, 0.97383 ], [ -78.19402, 0.97237 ], [ -78.19206, 0.97052 ], [ -78.19356, 0.96685 ], [ -78.19178, 0.96496 ], [ -78.191, 0.9609 ], [ -78.19327, 0.95766 ], [ -78.19352, 0.95599 ], [ -78.19562, 0.95606 ], [ -78.19733, 0.95421 ], [ -78.19911, 0.95385 ], [ -78.20008, 0.95004 ], [ -78.19808, 0.94997 ], [ -78.19701, 0.94887 ], [ -78.1989, 0.94751 ], [ -78.19865, 0.94687 ], [ -78.19648, 0.9468 ], [ -78.1958, 0.94474 ], [ -78.19359, 0.9457 ], [ -78.1916, 0.94317 ], [ -78.18936, 0.94253 ], [ -78.18512, 0.93801 ], [ -78.18174, 0.93779 ], [ -78.1801, 0.93637 ], [ -78.17696, 0.93729 ], [ -78.17611, 0.93509 ], [ -78.17305, 0.93491 ], [ -78.17244, 0.93331 ], [ -78.16981, 0.93327 ], [ -78.15959, 0.92711 ], [ -78.15787, 0.92519 ], [ -78.15489, 0.92509 ], [ -78.15352, 0.92401 ], [ -78.15044, 0.92509 ], [ -78.14838, 0.9245 ], [ -78.14672, 0.92583 ], [ -78.14427, 0.92627 ], [ -78.14172, 0.93079 ], [ -78.13806, 0.93352 ], [ -78.13532, 0.9344 ], [ -78.13407, 0.93586 ], [ -78.13273, 0.93524 ], [ -78.12823, 0.93588 ], [ -78.12608, 0.93519 ], [ -78.12401, 0.9363 ], [ -78.1211, 0.93604 ], [ -78.11948, 0.93394 ], [ -78.11714, 0.93419 ], [ -78.11681, 0.93314 ], [ -78.11376, 0.93173 ], [ -78.11187, 0.93225 ], [ -78.11002, 0.92998 ], [ -78.10772, 0.92909 ], [ -78.10697, 0.92769 ], [ -78.10752, 0.92573 ], [ -78.10601, 0.92351 ], [ -78.10552, 0.92097 ], [ -78.10645, 0.91773 ], [ -78.10548, 0.91519 ], [ -78.10613, 0.91353 ], [ -78.10476, 0.91265 ], [ -78.1051, 0.91142 ], [ -78.09931, 0.90871 ], [ -78.099, 0.90527 ], [ -78.09529, 0.90246 ], [ -78.09271, 0.90187 ], [ -78.09214, 0.89986 ], [ -78.09026, 0.89938 ], [ -78.08913, 0.89709 ], [ -78.08512, 0.89616 ], [ -78.0817, 0.89769 ], [ -78.08031, 0.89677 ], [ -78.07902, 0.89797 ], [ -78.07643, 0.89734 ], [ -78.07372, 0.89554 ], [ -78.07112, 0.89726 ], [ -78.07092, 0.8962 ], [ -78.0674, 0.89546 ], [ -78.06563, 0.89336 ], [ -78.06622, 0.89186 ], [ -78.06532, 0.88971 ], [ -78.06034, 0.88848 ], [ -78.05956, 0.88729 ], [ -78.05777, 0.88879 ], [ -78.0566, 0.88812 ], [ -78.05383, 0.88868 ], [ -78.05097, 0.88726 ], [ -78.04999, 0.88503 ], [ -78.0469, 0.88249 ], [ -78.0428, 0.88033 ], [ -78.03354, 0.87974 ], [ -78.03136, 0.87788 ], [ -78.02697, 0.87682 ], [ -78.02426, 0.87385 ], [ -78.02172, 0.87477 ], [ -78.02049, 0.87107 ], [ -78.01884, 0.87006 ], [ -78.01629, 0.87023 ], [ -78.01494, 0.86859 ], [ -78.01444, 0.86939 ], [ -78.01302, 0.86904 ], [ -78.01262, 0.86643 ], [ -78.01028, 0.8642 ], [ -78.00386, 0.85932 ], [ -77.99609, 0.85615 ], [ -77.99338, 0.85225 ], [ -77.99174, 0.85133 ], [ -77.9907, 0.85169 ], [ -77.98549, 0.84439 ], [ -77.97709, 0.83594 ], [ -77.97471, 0.8341 ], [ -77.97052, 0.83401 ], [ -77.9672, 0.83115 ], [ -77.96672, 0.8253 ], [ -77.96488, 0.82422 ], [ -77.95463, 0.82384 ], [ -77.9438, 0.82123 ], [ -77.94067, 0.82019 ], [ -77.93723, 0.81668 ], [ -77.93311, 0.81686 ], [ -77.92927, 0.81932 ], [ -77.92171, 0.81457 ], [ -77.91081, 0.81086 ], [ -77.9061, 0.81208 ], [ -77.90379, 0.81105 ], [ -77.90033, 0.81183 ], [ -77.89133, 0.81042 ], [ -77.88437, 0.80871 ], [ -77.88293, 0.80761 ], [ -77.88143, 0.8078 ], [ -77.87798, 0.80607 ], [ -77.87656, 0.8045 ], [ -77.8736, 0.80528 ], [ -77.86693, 0.80152 ], [ -77.86527, 0.80138 ], [ -77.86294, 0.80276 ], [ -77.85865, 0.80165 ], [ -77.85648, 0.80175 ], [ -77.85595, 0.80269 ], [ -77.85374, 0.80222 ], [ -77.85068, 0.80303 ], [ -77.85053, 0.80241 ], [ -77.84279, 0.80245 ], [ -77.8418, 0.80353 ], [ -77.83534, 0.80439 ], [ -77.83445, 0.80567 ], [ -77.83108, 0.80689 ], [ -77.83016, 0.80603 ], [ -77.82766, 0.80653 ], [ -77.82696, 0.8054 ], [ -77.82594, 0.80668 ], [ -77.8202, 0.80812 ], [ -77.8154, 0.81593 ], [ -77.81315, 0.81612 ], [ -77.81401, 0.81739 ], [ -77.81388, 0.81968 ], [ -77.81167, 0.82035 ], [ -77.81103, 0.82268 ], [ -77.80748, 0.82697 ], [ -77.80523, 0.82755 ], [ -77.80511, 0.82913 ], [ -77.80424, 0.82974 ], [ -77.80531, 0.83033 ], [ -77.80487, 0.83093 ], [ -77.80307, 0.83117 ], [ -77.80214, 0.83016 ], [ -77.80028, 0.83107 ], [ -77.79894, 0.83031 ], [ -77.79814, 0.83282 ], [ -77.79068, 0.83559 ], [ -77.78599, 0.83511 ], [ -77.78437, 0.83412 ], [ -77.78329, 0.83505 ], [ -77.78138, 0.8352 ], [ -77.78036, 0.83641 ], [ -77.77928, 0.83572 ], [ -77.77736, 0.83789 ], [ -77.77546, 0.83866 ], [ -77.77483, 0.84113 ], [ -77.7734, 0.83995 ], [ -77.76954, 0.84032 ], [ -77.76771, 0.8389 ], [ -77.76737, 0.84035 ], [ -77.76602, 0.84038 ], [ -77.76428, 0.84187 ], [ -77.75861, 0.83861 ], [ -77.75629, 0.83727 ], [ -77.75449, 0.83759 ], [ -77.75345, 0.83645 ], [ -77.75253, 0.83739 ], [ -77.7515, 0.83728 ], [ -77.75015, 0.83518 ], [ -77.74637, 0.83286 ], [ -77.74577, 0.83486 ], [ -77.74407, 0.83417 ], [ -77.74183, 0.83638 ], [ -77.7363, 0.83715 ], [ -77.73605, 0.83838 ], [ -77.73435, 0.83884 ], [ -77.73407, 0.84018 ], [ -77.73208, 0.84025 ], [ -77.72939, 0.84207 ], [ -77.72886, 0.84361 ], [ -77.72614, 0.84524 ], [ -77.72558, 0.84732 ], [ -77.72255, 0.84688 ], [ -77.72103, 0.84995 ], [ -77.71941, 0.84958 ], [ -77.71797, 0.85059 ], [ -77.71736, 0.849 ], [ -77.71537, 0.84902 ], [ -77.71517, 0.85071 ], [ -77.71389, 0.85107 ], [ -77.71276, 0.85055 ], [ -77.71196, 0.84857 ], [ -77.70842, 0.84829 ], [ -77.70824, 0.84681 ], [ -77.70597, 0.84541 ], [ -77.70638, 0.84371 ], [ -77.70422, 0.84275 ], [ -77.70381, 0.84143 ], [ -77.69998, 0.84149 ], [ -77.69823, 0.83929 ], [ -77.69771, 0.84029 ], [ -77.69535, 0.84064 ], [ -77.69511, 0.83948 ], [ -77.69601, 0.83829 ], [ -77.69353, 0.83714 ], [ -77.69293, 0.83326 ], [ -77.68718, 0.83075 ], [ -77.68598, 0.82888 ], [ -77.6854, 0.83032 ], [ -77.68445, 0.82833 ], [ -77.6849, 0.82506 ], [ -77.68292, 0.82601 ], [ -77.67881, 0.82153 ], [ -77.67827, 0.82331 ], [ -77.67671, 0.82258 ], [ -77.6762, 0.82403 ], [ -77.67278, 0.82379 ], [ -77.67219, 0.82223 ], [ -77.67108, 0.82261 ], [ -77.66988, 0.82136 ], [ -77.67142, 0.82022 ], [ -77.66968, 0.81819 ], [ -77.66484, 0.81796 ], [ -77.66586, 0.8164 ], [ -77.66377, 0.81441 ], [ -77.66401, 0.811 ], [ -77.66677, 0.80786 ], [ -77.66827, 0.80431 ], [ -77.67125, 0.80384 ], [ -77.67471, 0.8014 ], [ -77.67492, 0.79894 ], [ -77.67707, 0.79686 ], [ -77.67669, 0.79165 ], [ -77.67629, 0.79098 ], [ -77.66159, 0.79 ], [ -77.66303, 0.78906 ], [ -77.66553, 0.7849 ], [ -77.67156, 0.78032 ], [ -77.67455, 0.77989 ], [ -77.67709, 0.77802 ], [ -77.68279, 0.77598 ], [ -77.68597, 0.77054 ], [ -77.68856, 0.76906 ], [ -77.69065, 0.76545 ], [ -77.6905, 0.76318 ], [ -77.69201, 0.75911 ], [ -77.6974, 0.75453 ], [ -77.69357, 0.75082 ], [ -77.69622, 0.74954 ], [ -77.69783, 0.74142 ], [ -77.6964, 0.7402 ], [ -77.69116, 0.74072 ], [ -77.67539, 0.73722 ], [ -77.67384, 0.73219 ], [ -77.67436, 0.72132 ], [ -77.67147, 0.71625 ], [ -77.67049, 0.71144 ], [ -77.66611, 0.7052 ], [ -77.65876, 0.70396 ], [ -77.65515, 0.70514 ], [ -77.65454, 0.70612 ], [ -77.65237, 0.70593 ], [ -77.64644, 0.70309 ], [ -77.64451, 0.70381 ], [ -77.63947, 0.7026 ], [ -77.6379, 0.70165 ], [ -77.6371, 0.69899 ], [ -77.63136, 0.69757 ], [ -77.6292, 0.6955 ], [ -77.62548, 0.69593 ], [ -77.6227, 0.69459 ], [ -77.6191, 0.69075 ], [ -77.61791, 0.69105 ], [ -77.61372, 0.6885 ], [ -77.61116, 0.6882 ], [ -77.60757, 0.6858 ], [ -77.60433, 0.68106 ], [ -77.60155, 0.67508 ], [ -77.5982, 0.67535 ], [ -77.59495, 0.67303 ], [ -77.58927, 0.67358 ], [ -77.58832, 0.67263 ], [ -77.58792, 0.66949 ], [ -77.58114, 0.66597 ], [ -77.57673, 0.6602 ], [ -77.57294, 0.65807 ], [ -77.5689, 0.6576 ], [ -77.56431, 0.6517 ], [ -77.55639, 0.64939 ], [ -77.55125, 0.65058 ], [ -77.54766, 0.64897 ], [ -77.54536, 0.65045 ], [ -77.54024, 0.65077 ], [ -77.53555, 0.65297 ], [ -77.53191, 0.65265 ], [ -77.52682, 0.65614 ], [ -77.52342, 0.65553 ], [ -77.5226, 0.65727 ], [ -77.52141, 0.65787 ], [ -77.51732, 0.65635 ], [ -77.51157, 0.65719 ], [ -77.51022, 0.6562 ], [ -77.50681, 0.65573 ], [ -77.50402, 0.65855 ], [ -77.49779, 0.65886 ], [ -77.4922, 0.66266 ], [ -77.48593, 0.65614 ], [ -77.4823, 0.65581 ], [ -77.48089, 0.65712 ], [ -77.48273, 0.65269 ], [ -77.4823, 0.65045 ], [ -77.48406, 0.64988 ], [ -77.48334, 0.64508 ], [ -77.48215, 0.64465 ], [ -77.48162, 0.64194 ], [ -77.47963, 0.64085 ], [ -77.47963, 0.63756 ], [ -77.48058, 0.63604 ], [ -77.47953, 0.63195 ], [ -77.4812, 0.62928 ], [ -77.4811, 0.62233 ], [ -77.47996, 0.62072 ], [ -77.48148, 0.61643 ], [ -77.48005, 0.61382 ], [ -77.48181, 0.61182 ], [ -77.48086, 0.60958 ], [ -77.48239, 0.60763 ], [ -77.48234, 0.60565 ], [ -77.48377, 0.60455 ], [ -77.48387, 0.60337 ], [ -77.48748, 0.59984 ], [ -77.48673, 0.59609 ], [ -77.48826, 0.59466 ], [ -77.48869, 0.59027 ], [ -77.4878, 0.5892 ], [ -77.48851, 0.5887 ], [ -77.48851, 0.58684 ], [ -77.48951, 0.58624 ], [ -77.48901, 0.58502 ], [ -77.4914, 0.5841 ], [ -77.49176, 0.5826 ], [ -77.49272, 0.58206 ], [ -77.49529, 0.58231 ], [ -77.49533, 0.58131 ], [ -77.49744, 0.5811 ], [ -77.49918, 0.57992 ], [ -77.50332, 0.57564 ], [ -77.50254, 0.57428 ], [ -77.50282, 0.57093 ], [ -77.50443, 0.56732 ], [ -77.50675, 0.56571 ], [ -77.50978, 0.56596 ], [ -77.51096, 0.56521 ], [ -77.511, 0.56122 ], [ -77.50964, 0.5595 ], [ -77.51128, 0.55772 ], [ -77.51196, 0.55087 ], [ -77.51296, 0.5498 ], [ -77.51478, 0.5499 ], [ -77.51471, 0.54637 ], [ -77.51578, 0.5456 ], [ -77.51639, 0.54275 ], [ -77.51773, 0.54189 ], [ -77.51882, 0.53861 ], [ -77.51754, 0.53585 ], [ -77.52025, 0.53223 ], [ -77.5223, 0.53156 ], [ -77.52087, 0.52519 ], [ -77.52249, 0.52343 ], [ -77.52349, 0.52043 ], [ -77.5212, 0.51605 ], [ -77.52092, 0.5121 ], [ -77.51816, 0.50972 ], [ -77.51849, 0.50311 ], [ -77.51716, 0.49897 ], [ -77.51782, 0.49735 ], [ -77.51678, 0.49544 ], [ -77.51697, 0.49435 ], [ -77.51925, 0.4934 ], [ -77.52206, 0.48298 ], [ -77.52363, 0.48117 ], [ -77.52529, 0.47669 ], [ -77.5241, 0.47484 ], [ -77.52582, 0.47136 ], [ -77.52591, 0.46751 ], [ -77.52334, 0.46575 ], [ -77.52201, 0.46104 ], [ -77.51969, 0.4583 ], [ -77.52049, 0.45482 ], [ -77.51871, 0.45301 ], [ -77.52014, 0.45173 ], [ -77.52008, 0.44932 ], [ -77.52115, 0.44834 ], [ -77.52287, 0.44346 ], [ -77.52055, 0.43944 ], [ -77.52061, 0.43805 ], [ -77.51963, 0.43745 ], [ -77.51963, 0.4365 ], [ -77.52261, 0.43409 ], [ -77.52124, 0.43284 ], [ -77.52124, 0.4318 ], [ -77.52284, 0.43091 ], [ -77.52034, 0.42133 ], [ -77.52177, 0.41987 ], [ -77.52288, 0.41548 ], [ -77.5245, 0.41529 ], [ -77.52797, 0.41301 ], [ -77.52796, 0.40994 ], [ -77.53022, 0.40976 ], [ -77.52979, 0.40501 ], [ -77.52808, 0.40287 ], [ -77.52772, 0.40019 ], [ -77.51426, 0.40542 ], [ -77.50377, 0.40351 ], [ -77.49696, 0.4044 ], [ -77.49158, 0.40407 ], [ -77.46249, 0.39898 ], [ -77.45283, 0.396 ], [ -77.44745, 0.39655 ], [ -77.44327, 0.39523 ], [ -77.44152, 0.39633 ], [ -77.44086, 0.39479 ], [ -77.438, 0.3949 ], [ -77.43614, 0.3928 ], [ -77.4245, 0.39202 ], [ -77.41846, 0.39545 ], [ -77.41431, 0.39882 ], [ -77.41006, 0.40368 ], [ -77.40772, 0.40486 ], [ -77.39823, 0.4013 ], [ -77.39639, 0.39792 ], [ -77.39221, 0.39608 ], [ -77.3917, 0.39406 ], [ -77.39312, 0.39162 ], [ -77.39086, 0.39061 ], [ -77.39027, 0.38889 ], [ -77.38118, 0.38526 ], [ -77.3791, 0.3861 ], [ -77.37851, 0.39002 ], [ -77.38195, 0.39293 ], [ -77.38332, 0.39602 ], [ -77.38182, 0.39598 ], [ -77.38124, 0.3972 ], [ -77.37744, 0.39691 ], [ -77.37479, 0.39773 ], [ -77.3737, 0.40023 ], [ -77.37162, 0.40107 ], [ -77.36921, 0.39966 ], [ -77.36865, 0.39851 ], [ -77.36253, 0.39649 ], [ -77.3617, 0.3937 ], [ -77.35906, 0.39373 ], [ -77.35885, 0.39513 ], [ -77.35746, 0.396 ], [ -77.35519, 0.39368 ], [ -77.34975, 0.39054 ], [ -77.34221, 0.3903 ], [ -77.33386, 0.38768 ], [ -77.32549, 0.38737 ], [ -77.32417, 0.38498 ], [ -77.31953, 0.38299 ], [ -77.31964, 0.38028 ], [ -77.31889, 0.37937 ], [ -77.31671, 0.37891 ], [ -77.31467, 0.38034 ], [ -77.31299, 0.38007 ], [ -77.31089, 0.37358 ], [ -77.30482, 0.37011 ], [ -77.30397, 0.36698 ], [ -77.30067, 0.36832 ], [ -77.29736, 0.36496 ], [ -77.29472, 0.36599 ], [ -77.29223, 0.36581 ], [ -77.28806, 0.36326 ], [ -77.28488, 0.36451 ], [ -77.28195, 0.36302 ], [ -77.27844, 0.36507 ], [ -77.2719, 0.36383 ], [ -77.26968, 0.3655 ], [ -77.26904, 0.36829 ], [ -77.26699, 0.36846 ], [ -77.2647, 0.37031 ], [ -77.261, 0.36973 ], [ -77.25865, 0.36806 ], [ -77.25781, 0.36639 ], [ -77.25411, 0.36396 ], [ -77.25233, 0.36411 ], [ -77.25108, 0.36514 ], [ -77.24939, 0.36498 ], [ -77.24689, 0.36182 ], [ -77.24566, 0.36135 ], [ -77.24439, 0.36142 ], [ -77.24207, 0.36429 ], [ -77.23837, 0.3661 ], [ -77.23632, 0.36542 ], [ -77.23329, 0.36227 ], [ -77.23097, 0.36162 ], [ -77.22779, 0.36224 ], [ -77.22315, 0.36501 ], [ -77.2189, 0.36296 ], [ -77.2152, 0.36317 ], [ -77.21319, 0.36214 ], [ -77.20399, 0.3594 ], [ -77.1904, 0.36017 ], [ -77.14844, 0.37593 ], [ -77.14405, 0.37611 ], [ -77.13607, 0.37464 ], [ -77.13338, 0.37658 ], [ -77.1323, 0.3784 ], [ -77.12577, 0.37978 ], [ -77.12116, 0.37595 ], [ -77.1127, 0.37267 ], [ -77.11214, 0.36668 ], [ -77.11006, 0.36468 ], [ -77.10701, 0.35728 ], [ -77.10677, 0.35377 ], [ -77.10787, 0.34969 ], [ -77.10743, 0.34687 ], [ -77.10624, 0.34437 ], [ -77.10177, 0.33963 ], [ -77.09916, 0.33545 ], [ -77.0966, 0.32653 ], [ -77.08429, 0.31939 ], [ -77.08208, 0.31677 ], [ -77.08078, 0.31267 ], [ -77.08113, 0.31041 ], [ -77.08605, 0.30664 ], [ -77.08878, 0.3036 ], [ -77.08902, 0.3017 ], [ -77.08866, 0.30033 ], [ -77.08331, 0.29742 ], [ -77.0823, 0.29605 ], [ -77.08028, 0.2873 ], [ -77.07648, 0.2857 ], [ -77.07326, 0.28784 ], [ -77.06723, 0.28785 ], [ -77.06136, 0.28564 ], [ -77.05589, 0.28492 ], [ -77.05434, 0.28504 ], [ -77.04902, 0.28934 ], [ -77.04731, 0.28933 ], [ -77.03853, 0.28356 ], [ -77.03503, 0.28242 ], [ -77.0316, 0.27818 ], [ -77.02746, 0.27738 ], [ -77.02594, 0.27828 ], [ -77.02152, 0.28451 ], [ -77.01343, 0.29251 ], [ -77.01, 0.29456 ], [ -77.00533, 0.2951 ], [ -76.99888, 0.29005 ], [ -76.99867, 0.28589 ], [ -76.99629, 0.27971 ], [ -76.9913, 0.275 ], [ -76.98887, 0.27105 ], [ -76.98468, 0.26838 ], [ -76.97807, 0.26852 ], [ -76.96826, 0.27147 ], [ -76.95622, 0.269 ], [ -76.94966, 0.26857 ], [ -76.94494, 0.26933 ], [ -76.94308, 0.27014 ], [ -76.93961, 0.27425 ], [ -76.93558, 0.27657 ], [ -76.9343, 0.27657 ], [ -76.93069, 0.27485 ], [ -76.92895, 0.27297 ], [ -76.92862, 0.27096 ], [ -76.93037, 0.26797 ], [ -76.9354, 0.26504 ], [ -76.93583, 0.26283 ], [ -76.93526, 0.262 ], [ -76.92487, 0.25711 ], [ -76.9147, 0.24948 ], [ -76.9061, 0.24534 ], [ -76.90335, 0.24477 ], [ -76.89514, 0.24694 ], [ -76.89136, 0.24605 ], [ -76.88683, 0.24626 ], [ -76.88233, 0.24894 ], [ -76.88062, 0.25087 ], [ -76.87744, 0.25137 ], [ -76.87273, 0.25083 ], [ -76.8602, 0.24644 ], [ -76.85003, 0.24027 ], [ -76.84621, 0.23913 ], [ -76.84253, 0.23963 ], [ -76.83882, 0.2418 ], [ -76.834, 0.2468 ], [ -76.82833, 0.25044 ], [ -76.8269, 0.25262 ], [ -76.82347, 0.25522 ], [ -76.81366, 0.25747 ], [ -76.80952, 0.26143 ], [ -76.79799, 0.2649 ], [ -76.79224, 0.2645 ], [ -76.78582, 0.26286 ], [ -76.77947, 0.25719 ], [ -76.77201, 0.24691 ], [ -76.76926, 0.24452 ], [ -76.75862, 0.24698 ], [ -76.75287, 0.25055 ], [ -76.75166, 0.25412 ], [ -76.75357, 0.25923 ], [ -76.75652, 0.25954 ], [ -76.75894, 0.25833 ], [ -76.7634, 0.2579 ], [ -76.76644, 0.26018 ], [ -76.76708, 0.26211 ], [ -76.76651, 0.26354 ], [ -76.76318, 0.2662 ], [ -76.76146, 0.26543 ], [ -76.76159, 0.26747 ], [ -76.7523, 0.27489 ], [ -76.74395, 0.27728 ], [ -76.74085, 0.27907 ], [ -76.73792, 0.28249 ], [ -76.73531, 0.28738 ], [ -76.73364, 0.28863 ], [ -76.72739, 0.28524 ], [ -76.72186, 0.27921 ], [ -76.71925, 0.27464 ], [ -76.71269, 0.26896 ], [ -76.7104, 0.27007 ], [ -76.70545, 0.27667 ], [ -76.70209, 0.27821 ], [ -76.68929, 0.27564 ], [ -76.68335, 0.27307 ], [ -76.67936, 0.26981 ], [ -76.67073, 0.27096 ], [ -76.66611, 0.27193 ], [ -76.66285, 0.27353 ], [ -76.66097, 0.27341 ], [ -76.65686, 0.27188 ], [ -76.65412, 0.26839 ], [ -76.65389, 0.26405 ], [ -76.6564, 0.2544 ], [ -76.65446, 0.25177 ], [ -76.6508, 0.25143 ], [ -76.64119, 0.25803 ], [ -76.63882, 0.26177 ], [ -76.63432, 0.26345 ], [ -76.62927, 0.26314 ], [ -76.62493, 0.26098 ], [ -76.6189, 0.25577 ], [ -76.61422, 0.24503 ], [ -76.60808, 0.23643 ], [ -76.60613, 0.2322 ], [ -76.60277, 0.2294 ], [ -76.59563, 0.22832 ], [ -76.59403, 0.22718 ], [ -76.58872, 0.21918 ], [ -76.58403, 0.21981 ], [ -76.58152, 0.22226 ], [ -76.57882, 0.23027 ], [ -76.56913, 0.24305 ], [ -76.56828, 0.24348 ], [ -76.5628, 0.2416 ], [ -76.55833, 0.24216 ], [ -76.53635, 0.25348 ], [ -76.53431, 0.25442 ], [ -76.53219, 0.25517 ], [ -76.53001, 0.25573 ], [ -76.5283, 0.256 ], [ -76.52761, 0.25556 ], [ -76.51785, 0.24494 ], [ -76.51214, 0.24008 ], [ -76.5034, 0.2362 ], [ -76.4954, 0.23985 ], [ -76.48814, 0.2412 ], [ -76.47627, 0.23928 ], [ -76.46691, 0.23945 ], [ -76.45886, 0.23866 ], [ -76.44806, 0.23951 ], [ -76.44589, 0.24077 ], [ -76.44446, 0.24459 ], [ -76.44544, 0.25424 ], [ -76.44464, 0.25556 ], [ -76.43835, 0.25738 ], [ -76.43624, 0.25893 ], [ -76.43327, 0.25898 ], [ -76.42728, 0.25653 ], [ -76.42404, 0.25128 ], [ -76.4243, 0.24816 ], [ -76.42865, 0.24305 ], [ -76.42933, 0.24077 ], [ -76.42836, 0.23568 ], [ -76.42636, 0.23454 ], [ -76.42351, 0.23477 ], [ -76.42088, 0.23603 ], [ -76.41226, 0.24162 ], [ -76.41235, 0.38128 ], [ -76.41112, 0.37975 ], [ -76.40806, 0.37965 ], [ -76.39675, 0.3814 ], [ -76.38722, 0.38563 ], [ -76.37727, 0.39161 ], [ -76.36776, 0.3937 ], [ -76.36324, 0.39032 ], [ -76.36057, 0.38624 ], [ -76.35984, 0.38279 ], [ -76.35674, 0.37964 ], [ -76.3533, 0.37844 ], [ -76.35039, 0.37856 ], [ -76.34312, 0.38085 ], [ -76.33669, 0.38442 ], [ -76.33401, 0.38743 ], [ -76.33251, 0.40283 ], [ -76.32952, 0.41515 ], [ -76.32683, 0.41884 ], [ -76.32118, 0.42353 ], [ -76.31213, 0.43364 ], [ -76.31014, 0.43224 ], [ -76.30647, 0.42335 ], [ -76.30174, 0.42126 ], [ -76.29752, 0.42066 ], [ -76.29176, 0.42228 ], [ -76.28652, 0.42778 ], [ -76.28126, 0.43549 ], [ -76.27653, 0.43564 ], [ -76.27409, 0.43507 ], [ -76.27126, 0.43323 ], [ -76.26249, 0.42661 ], [ -76.26095, 0.42464 ], [ -76.26088, 0.41523 ], [ -76.26362, 0.41077 ], [ -76.26318, 0.40641 ], [ -76.26216, 0.40442 ], [ -76.25714, 0.39981 ], [ -76.25327, 0.39755 ], [ -76.24921, 0.39692 ], [ -76.24636, 0.39817 ], [ -76.2411, 0.40234 ], [ -76.23752, 0.40371 ], [ -76.2347, 0.40253 ], [ -76.23275, 0.40033 ], [ -76.23133, 0.39792 ], [ -76.23036, 0.39263 ], [ -76.22995, 0.38386 ], [ -76.23063, 0.37822 ], [ -76.22949, 0.3759 ], [ -76.22496, 0.37258 ], [ -76.22385, 0.37265 ], [ -76.22242, 0.37408 ], [ -76.22146, 0.37809 ], [ -76.21543, 0.38067 ], [ -76.21097, 0.38445 ], [ -76.20871, 0.38507 ], [ -76.20639, 0.38456 ], [ -76.20476, 0.3832 ], [ -76.20356, 0.38045 ], [ -76.20381, 0.377 ], [ -76.20015, 0.37265 ], [ -76.19426, 0.37232 ], [ -76.18742, 0.36987 ], [ -76.17869, 0.3705 ], [ -76.17755, 0.37275 ], [ -76.17436, 0.37415 ], [ -76.17096, 0.37694 ], [ -76.16448, 0.37902 ], [ -76.16174, 0.38664 ], [ -76.15958, 0.38855 ], [ -76.1584, 0.38778 ], [ -76.1533, 0.37907 ], [ -76.1481, 0.37746 ], [ -76.14434, 0.37532 ], [ -76.13322, 0.37015 ], [ -76.12915, 0.36412 ], [ -76.12705, 0.35626 ], [ -76.12463, 0.35222 ], [ -76.12056, 0.34087 ], [ -76.12355, 0.32869 ], [ -76.12319, 0.32179 ], [ -76.12175, 0.31972 ], [ -76.1138, 0.31362 ], [ -76.10968, 0.31178 ], [ -76.10473, 0.311 ], [ -76.09761, 0.3146 ], [ -76.09462, 0.31801 ], [ -76.08985, 0.3282 ], [ -76.08777, 0.33048 ], [ -76.08328, 0.33336 ], [ -76.07634, 0.33513 ], [ -76.0671, 0.33344 ], [ -76.06385, 0.33358 ], [ -76.05735, 0.33091 ], [ -76.05415, 0.3277 ], [ -76.0506, 0.31914 ], [ -76.05014, 0.31251 ], [ -76.04664, 0.30422 ], [ -76.04551, 0.30323 ], [ -76.0436, 0.30271 ], [ -76.04103, 0.30339 ], [ -76.03755, 0.30133 ], [ -76.02819, 0.3025 ], [ -76.02248, 0.30021 ], [ -76.01136, 0.29919 ], [ -76.0091, 0.29752 ], [ -76.00488, 0.29321 ], [ -76.0031, 0.28986 ], [ -76.00333, 0.28339 ], [ -76.00655, 0.278 ], [ -76.00464, 0.27351 ], [ -76.00036, 0.26795 ], [ -75.99958, 0.26523 ], [ -75.99549, 0.26256 ], [ -75.98664, 0.2621 ], [ -75.98521, 0.26066 ], [ -75.98455, 0.25848 ], [ -75.98485, 0.25668 ], [ -75.98662, 0.2561 ], [ -75.99356, 0.25594 ], [ -76.00264, 0.25793 ], [ -76.00582, 0.25679 ], [ -76.00697, 0.25116 ], [ -76.00481, 0.24716 ], [ -76.00291, 0.24637 ], [ -75.99727, 0.24636 ], [ -75.99169, 0.24223 ], [ -75.98725, 0.24192 ], [ -75.97501, 0.23884 ], [ -75.96877, 0.23866 ], [ -75.96592, 0.23645 ], [ -75.95982, 0.22426 ], [ -75.95338, 0.22055 ], [ -75.95772, 0.21708 ], [ -75.96025, 0.21123 ], [ -75.95468, 0.20007 ], [ -75.95195, 0.19905 ], [ -75.94952, 0.20061 ], [ -75.93977, 0.19887 ], [ -75.93451, 0.19625 ], [ -75.93041, 0.19212 ], [ -75.93047, 0.18694 ], [ -75.92925, 0.1816 ], [ -75.9267, 0.17837 ], [ -75.92141, 0.17544 ], [ -75.9182, 0.17089 ], [ -75.91173, 0.16583 ], [ -75.90941, 0.1647 ], [ -75.9024, 0.1638 ], [ -75.9004, 0.16127 ], [ -75.89879, 0.15424 ], [ -75.89922, 0.15313 ], [ -75.90701, 0.14586 ], [ -75.90748, 0.14381 ], [ -75.90715, 0.13768 ], [ -75.90596, 0.13601 ], [ -75.90064, 0.1351 ], [ -75.89148, 0.13873 ], [ -75.88876, 0.1406 ], [ -75.88325, 0.13903 ], [ -75.88173, 0.1373 ], [ -75.88083, 0.13372 ], [ -75.8838, 0.12002 ], [ -75.8769, 0.11643 ], [ -75.8712, 0.11777 ], [ -75.86825, 0.12141 ], [ -75.8671, 0.12759 ], [ -75.86078, 0.13305 ], [ -75.85807, 0.13286 ], [ -75.85413, 0.13101 ], [ -75.84466, 0.10424 ], [ -75.83485, 0.09505 ], [ -75.82055, 0.0796 ], [ -75.81791, 0.07505 ], [ -75.81743, 0.06944 ], [ -75.81879, 0.06469 ], [ -75.8173, 0.06022 ], [ -75.8122, 0.05091 ], [ -75.80703, 0.04685 ], [ -75.80269, 0.04697 ], [ -75.79988, 0.04792 ], [ -75.79667, 0.05055 ], [ -75.78793, 0.05425 ], [ -75.78431, 0.05275 ], [ -75.78211, 0.05036 ], [ -75.78032, 0.04255 ], [ -75.7788, 0.04085 ], [ -75.77308, 0.03933 ], [ -75.76576, 0.03915 ], [ -75.76071, 0.03694 ], [ -75.75691, 0.03417 ], [ -75.75336, 0.03345 ], [ -75.74599, 0.03302 ], [ -75.74367, 0.03177 ], [ -75.73986, 0.03153 ], [ -75.73564, 0.03311 ], [ -75.72556, 0.03459 ], [ -75.72413, 0.03256 ], [ -75.72324, 0.03274 ], [ -75.72258, 0.03454 ], [ -75.72104, 0.03376 ], [ -75.71962, 0.03464 ], [ -75.71501, 0.03244 ], [ -75.71102, 0.03278 ], [ -75.70632, 0.03431 ], [ -75.70442, 0.03421 ], [ -75.6955, 0.0307 ], [ -75.69113, 0.03291 ], [ -75.68686, 0.03261 ], [ -75.6827, 0.03351 ], [ -75.67878, 0.03712 ], [ -75.67456, 0.03867 ], [ -75.66887, 0.03524 ], [ -75.66361, 0.03482 ], [ -75.65807, 0.03018 ], [ -75.64935, 0.02672 ], [ -75.64478, 0.02886 ], [ -75.64128, 0.03319 ], [ -75.63871, 0.03965 ], [ -75.63829, 0.04602 ], [ -75.63672, 0.04707 ], [ -75.63534, 0.04669 ], [ -75.63282, 0.0442 ], [ -75.63036, 0.03821 ], [ -75.62636, 0.03502 ], [ -75.62261, 0.03349 ], [ -75.62106, 0.03033 ], [ -75.6199, 0.03109 ], [ -75.61824, 0.03066 ], [ -75.61629, 0.02899 ], [ -75.61253, 0.01722 ], [ -75.61285, 0.01533 ], [ -75.60844, 0.01162 ], [ -75.60407, 0.00994 ], [ -75.60146, 0.01004 ], [ -75.59894, 0.01033 ], [ -75.58776, 0.01477 ], [ -75.58127, 0.01378 ], [ -75.58036, 0.01014 ], [ -75.58088, 0.00291 ], [ -75.5873, -0.00886 ], [ -75.58758, -0.01125 ], [ -75.58011, -0.02505 ], [ -75.57673, -0.02816 ], [ -75.56853, -0.03061 ], [ -75.56472, -0.02995 ], [ -75.56129, -0.02764 ], [ -75.55254, -0.02486 ], [ -75.5471, -0.02546 ], [ -75.53907, -0.0279 ], [ -75.53489, -0.02642 ], [ -75.53005, -0.02671 ], [ -75.5217, -0.03079 ], [ -75.51661, -0.03511 ], [ -75.51319, -0.03921 ], [ -75.51067, -0.0449 ], [ -75.50844, -0.04796 ], [ -75.50369, -0.0515 ], [ -75.49927, -0.05308 ], [ -75.4938, -0.05294 ], [ -75.48463, -0.05093 ], [ -75.4805, -0.05141 ], [ -75.46705, -0.05964 ], [ -75.4593, -0.06036 ], [ -75.45581, -0.06822 ], [ -75.45129, -0.07495 ], [ -75.44443, -0.08031 ], [ -75.43761, -0.0825 ], [ -75.42917, -0.08825 ], [ -75.42205, -0.09074 ], [ -75.41554, -0.09146 ], [ -75.40327, -0.09658 ], [ -75.39938, -0.09902 ], [ -75.39833, -0.10093 ], [ -75.39657, -0.10059 ], [ -75.39005, -0.10223 ], [ -75.38545, -0.10074 ], [ -75.38151, -0.1006 ], [ -75.36678, -0.09184 ], [ -75.3586, -0.09213 ], [ -75.35404, -0.09447 ], [ -75.34354, -0.10361 ], [ -75.3374, -0.10783 ], [ -75.33434, -0.10896 ], [ -75.33006, -0.1093 ], [ -75.31751, -0.10858 ], [ -75.31647, -0.10901 ], [ -75.31594, -0.11275 ], [ -75.31483, -0.11351 ], [ -75.31167, -0.1138 ], [ -75.30806, -0.11653 ], [ -75.30483, -0.11614 ], [ -75.30178, -0.11734 ], [ -75.29884, -0.11696 ], [ -75.27593, -0.12739 ], [ -75.27013, -0.12753 ], [ -75.26486, -0.12399 ], [ -75.26243, -0.12112 ], [ -75.25139, -0.11634 ], [ -75.24661, -0.11084 ], [ -75.24323, -0.1082 ], [ -75.24188, -0.10519 ], [ -75.23582, -0.10078 ], [ -75.23325, -0.09691 ], [ -75.22584, -0.09107 ], [ -75.22313, -0.08413 ], [ -75.21781, -0.0782 ], [ -75.21453, -0.06447 ], [ -75.21362, -0.05605 ], [ -75.21258, -0.0548 ], [ -75.20916, -0.05337 ], [ -75.20222, -0.04485 ], [ -75.19803, -0.04624 ], [ -75.18653, -0.04192 ], [ -75.17981, -0.04334 ], [ -75.17636, -0.04648 ], [ -75.17427, -0.04681 ], [ -75.17023, -0.045 ], [ -75.16211, -0.05348 ], [ -75.16057, -0.05749 ], [ -75.1569, -0.05905 ], [ -75.15387, -0.0625 ], [ -75.14912, -0.06518 ], [ -75.14607, -0.06796 ], [ -75.13548, -0.07107 ], [ -75.12682, -0.07706 ], [ -75.12136, -0.07978 ], [ -75.1177, -0.08016 ], [ -75.1142, -0.07925 ], [ -75.10041, -0.08132 ], [ -75.08536, -0.08981 ], [ -75.08108, -0.09302 ], [ -75.07938, -0.0936 ], [ -75.07529, -0.09273 ], [ -75.07207, -0.0949 ], [ -75.06903, -0.09494 ], [ -75.06126, -0.10642 ], [ -75.05364, -0.11226 ], [ -75.05457, -0.11408 ], [ -75.05383, -0.1182 ], [ -75.05119, -0.12341 ], [ -75.0442, -0.12995 ], [ -75.04103, -0.1314 ], [ -75.03608, -0.1323 ], [ -75.02882, -0.13995 ], [ -75.02421, -0.14201 ], [ -75.02131, -0.14546 ], [ -75.01798, -0.14766 ], [ -74.99682, -0.15505 ], [ -74.98514, -0.15484 ], [ -74.97769, -0.15618 ], [ -74.97491, -0.1574 ], [ -74.97392, -0.15833 ], [ -74.97169, -0.16723 ], [ -74.97311, -0.17096 ], [ -74.97687, -0.17537 ], [ -74.97811, -0.17828 ], [ -74.97483, -0.18675 ], [ -74.95886, -0.19513 ], [ -74.95568, -0.19979 ], [ -74.95282, -0.20245 ], [ -74.94454, -0.20512 ], [ -74.94418, -0.20938 ], [ -74.93576, -0.21891 ], [ -74.932, -0.22035 ], [ -74.93219, -0.22403 ], [ -74.9283, -0.22882 ], [ -74.92373, -0.22977 ], [ -74.9185, -0.22762 ], [ -74.91623, -0.22371 ], [ -74.91323, -0.21293 ], [ -74.91237, -0.21293 ], [ -74.91028, -0.21843 ], [ -74.90541, -0.2191 ], [ -74.90362, -0.22335 ], [ -74.90063, -0.22719 ], [ -74.89655, -0.23805 ], [ -74.89455, -0.24011 ], [ -74.88538, -0.24557 ], [ -74.88167, -0.24547 ], [ -74.87877, -0.24265 ], [ -74.87449, -0.24083 ], [ -74.87026, -0.24176 ], [ -74.86532, -0.24152 ], [ -74.85908, -0.24355 ], [ -74.85434, -0.24327 ], [ -74.85093, -0.23884 ], [ -74.84616, -0.23691 ], [ -74.84564, -0.23452 ], [ -74.83751, -0.2237 ], [ -74.83494, -0.21538 ], [ -74.83395, -0.21428 ], [ -74.83166, -0.21375 ], [ -74.829, -0.20954 ], [ -74.81714, -0.20056 ], [ -74.80951, -0.19293 ], [ -74.8088, -0.19263 ], [ -74.80619, -0.19442 ], [ -74.80601, -0.19761 ], [ -74.80491, -0.19925 ], [ -74.80091, -0.2016 ], [ -74.79425, -0.19997 ], [ -74.78732, -0.20102 ], [ -74.77593, -0.21009 ], [ -74.7751, -0.21205 ], [ -74.77603, -0.21657 ], [ -74.77448, -0.22093 ], [ -74.7743, -0.22463 ], [ -74.77234, -0.22782 ], [ -74.76707, -0.2284 ], [ -74.76327, -0.23007 ], [ -74.75942, -0.23773 ], [ -74.75661, -0.2494 ], [ -74.75288, -0.25542 ], [ -74.75433, -0.2628 ], [ -74.75381, -0.27084 ], [ -74.75319, -0.274 ], [ -74.74896, -0.28061 ], [ -74.7492, -0.28334 ], [ -74.75039, -0.28483 ], [ -74.74997, -0.28596 ], [ -74.74616, -0.28917 ], [ -74.74479, -0.29161 ], [ -74.73831, -0.29659 ], [ -74.73834, -0.29662 ], [ -74.74022, -0.2982 ], [ -74.74179, -0.29939 ], [ -74.73867, -0.30019 ], [ -74.73337, -0.3007 ], [ -74.73163, -0.30288 ], [ -74.73121, -0.31154 ], [ -74.73454, -0.3179 ], [ -74.73532, -0.32344 ], [ -74.73776, -0.32918 ], [ -74.73454, -0.33762 ], [ -74.72806, -0.34494 ], [ -74.72657, -0.34893 ], [ -74.72556, -0.34964 ], [ -74.72056, -0.34976 ], [ -74.71057, -0.35347 ], [ -74.70218, -0.35244 ], [ -74.69995, -0.35012 ], [ -74.70035, -0.34536 ], [ -74.69711, -0.33894 ], [ -74.69405, -0.33733 ], [ -74.69048, -0.33263 ], [ -74.68905, -0.33334 ], [ -74.6872, -0.33114 ], [ -74.68375, -0.33144 ], [ -74.68132, -0.33505 ], [ -74.68155, -0.3432 ], [ -74.68352, -0.35075 ], [ -74.68649, -0.35254 ], [ -74.69018, -0.35834 ], [ -74.6903, -0.36078 ], [ -74.68929, -0.36334 ], [ -74.68768, -0.36512 ], [ -74.68127, -0.3654 ], [ -74.67861, -0.36674 ], [ -74.67479, -0.37281 ], [ -74.65623, -0.37678 ], [ -74.65165, -0.37565 ], [ -74.64963, -0.37423 ], [ -74.64409, -0.36857 ], [ -74.63797, -0.36518 ], [ -74.63561, -0.3611 ], [ -74.62264, -0.35855 ], [ -74.61641, -0.3561 ], [ -74.61263, -0.35343 ], [ -74.60993, -0.35321 ], [ -74.60921, -0.35377 ], [ -74.60885, -0.35649 ], [ -74.61183, -0.36215 ], [ -74.61478, -0.36565 ], [ -74.61719, -0.37194 ], [ -74.617, -0.37574 ], [ -74.61547, -0.37961 ], [ -74.61273, -0.3821 ], [ -74.60849, -0.38404 ], [ -74.60387, -0.38492 ], [ -74.59139, -0.38424 ], [ -74.58794, -0.38515 ], [ -74.58089, -0.38954 ], [ -74.57606, -0.39567 ], [ -74.57674, -0.40618 ], [ -74.57371, -0.41286 ], [ -74.56745, -0.41639 ], [ -74.5573, -0.41835 ], [ -74.54963, -0.42318 ], [ -74.54793, -0.43802 ], [ -74.54574, -0.44187 ], [ -74.54242, -0.44557 ], [ -74.53793, -0.46299 ], [ -74.53328, -0.46574 ], [ -74.53068, -0.46958 ], [ -74.52734, -0.46993 ], [ -74.52339, -0.47165 ], [ -74.51352, -0.47245 ], [ -74.50881, -0.46549 ], [ -74.50635, -0.46449 ], [ -74.50579, -0.46825 ], [ -74.50311, -0.47262 ], [ -74.50174, -0.47701 ], [ -74.50272, -0.48058 ], [ -74.50428, -0.48022 ], [ -74.5037, -0.48395 ], [ -74.49771, -0.48804 ], [ -74.49149, -0.49057 ], [ -74.48706, -0.48997 ], [ -74.484, -0.48737 ], [ -74.48193, -0.47871 ], [ -74.48091, -0.47719 ], [ -74.47747, -0.47704 ], [ -74.47093, -0.48001 ], [ -74.46928, -0.48207 ], [ -74.46841, -0.48927 ], [ -74.46944, -0.49317 ], [ -74.46858, -0.49684 ], [ -74.46305, -0.50228 ], [ -74.45729, -0.50577 ], [ -74.45198, -0.50612 ], [ -74.44917, -0.50361 ], [ -74.44735, -0.49942 ], [ -74.44366, -0.49725 ], [ -74.43774, -0.49969 ], [ -74.4366, -0.49968 ], [ -74.43192, -0.50492 ], [ -74.43056, -0.50658 ], [ -74.42934, -0.50836 ], [ -74.42635, -0.51317 ], [ -74.42456, -0.51324 ], [ -74.42507, -0.51451 ], [ -74.42625, -0.52191 ], [ -74.43031, -0.52777 ], [ -74.43058, -0.53427 ], [ -74.42915, -0.5417 ], [ -74.42561, -0.55072 ], [ -74.42659, -0.5549 ], [ -74.42504, -0.55861 ], [ -74.42314, -0.56051 ], [ -74.42041, -0.56165 ], [ -74.41616, -0.56228 ], [ -74.41338, -0.56136 ], [ -74.40846, -0.55717 ], [ -74.39795, -0.54257 ], [ -74.39665, -0.54212 ], [ -74.39253, -0.54396 ], [ -74.39219, -0.54494 ], [ -74.38979, -0.55874 ], [ -74.39094, -0.56763 ], [ -74.39634, -0.58079 ], [ -74.39525, -0.58763 ], [ -74.39141, -0.5921 ], [ -74.38315, -0.59916 ], [ -74.38017, -0.60649 ], [ -74.37777, -0.60939 ], [ -74.37345, -0.61213 ], [ -74.36603, -0.61445 ], [ -74.3636, -0.62129 ], [ -74.36366, -0.62362 ], [ -74.36479, -0.6247 ], [ -74.37145, -0.62781 ], [ -74.374, -0.6308 ], [ -74.37828, -0.63947 ], [ -74.37739, -0.643 ], [ -74.37412, -0.6457 ], [ -74.37604, -0.65223 ], [ -74.37552, -0.65491 ], [ -74.37404, -0.65869 ], [ -74.3698, -0.66319 ], [ -74.35542, -0.67058 ], [ -74.34878, -0.67506 ], [ -74.34815, -0.6774 ], [ -74.34812, -0.68768 ], [ -74.34538, -0.69133 ], [ -74.34383, -0.69185 ], [ -74.34456, -0.69368 ], [ -74.34581, -0.69605 ], [ -74.34731, -0.69827 ], [ -74.34903, -0.70032 ], [ -74.35097, -0.70217 ], [ -74.35295, -0.70387 ], [ -74.35665, -0.70435 ], [ -74.36455, -0.70706 ], [ -74.37096, -0.70786 ], [ -74.37862, -0.71397 ], [ -74.38178, -0.72019 ], [ -74.37844, -0.72428 ], [ -74.37571, -0.73502 ], [ -74.37394, -0.73773 ], [ -74.36919, -0.74209 ], [ -74.36206, -0.74571 ], [ -74.35571, -0.75439 ], [ -74.35308, -0.75626 ], [ -74.34754, -0.75825 ], [ -74.34169, -0.76147 ], [ -74.33826, -0.76212 ], [ -74.33539, -0.7615 ], [ -74.32767, -0.75724 ], [ -74.32646, -0.76124 ], [ -74.32349, -0.76234 ], [ -74.31979, -0.76505 ], [ -74.31692, -0.7657 ], [ -74.31424, -0.7681 ], [ -74.31356, -0.77238 ], [ -74.31909, -0.77631 ], [ -74.32104, -0.77992 ], [ -74.32161, -0.78632 ], [ -74.32064, -0.79117 ], [ -74.31921, -0.79483 ], [ -74.31773, -0.7962 ], [ -74.31556, -0.79671 ], [ -74.31133, -0.79437 ], [ -74.30528, -0.79551 ], [ -74.30088, -0.79437 ], [ -74.29723, -0.79089 ], [ -74.2946, -0.78049 ], [ -74.29193, -0.78039 ], [ -74.28663, -0.79323 ], [ -74.28943, -0.79951 ], [ -74.29017, -0.80454 ], [ -74.29377, -0.80985 ], [ -74.29337, -0.81853 ], [ -74.29057, -0.82201 ], [ -74.28052, -0.82949 ], [ -74.27761, -0.83058 ], [ -74.27327, -0.83035 ], [ -74.26591, -0.82711 ], [ -74.26532, -0.82867 ], [ -74.26467, -0.8311 ], [ -74.26428, -0.83359 ], [ -74.26413, -0.8361 ], [ -74.26416, -0.83686 ], [ -74.26879, -0.83982 ], [ -74.26985, -0.84541 ], [ -74.27334, -0.8537 ], [ -74.2735, -0.85696 ], [ -74.27274, -0.85851 ], [ -74.27314, -0.85925 ], [ -74.2744, -0.86133 ], [ -74.27587, -0.86329 ], [ -74.27751, -0.86509 ], [ -74.27933, -0.86672 ], [ -74.28129, -0.86817 ], [ -74.28339, -0.86942 ], [ -74.2853, -0.87032 ], [ -74.28719, -0.86871 ], [ -74.29482, -0.86506 ], [ -74.30299, -0.86309 ], [ -74.30975, -0.86454 ], [ -74.31403, -0.86785 ], [ -74.31957, -0.8735 ], [ -74.3218, -0.87927 ], [ -74.32157, -0.88584 ], [ -74.31826, -0.89343 ], [ -74.31449, -0.89675 ], [ -74.30952, -0.89817 ], [ -74.30512, -0.89549 ], [ -74.29987, -0.89526 ], [ -74.2973, -0.89612 ], [ -74.28651, -0.90331 ], [ -74.27737, -0.9072 ], [ -74.27565, -0.90961 ], [ -74.27428, -0.9155 ], [ -74.27298, -0.93034 ], [ -74.26958, -0.93598 ], [ -74.26417, -0.9417 ], [ -74.26318, -0.94464 ], [ -74.26631, -0.95256 ], [ -74.27681, -0.9597 ], [ -74.27693, -0.97337 ], [ -74.2743, -0.97986 ], [ -74.26174, -0.98627 ], [ -74.25819, -0.98917 ], [ -74.25777, -0.99083 ], [ -74.25087, -0.99521 ], [ -74.24761, -0.99907 ], [ -74.24178, -1.00373 ], [ -74.23957, -1.00444 ], [ -74.23396, -1.00352 ], [ -74.22575, -1.00997 ], [ -74.22133, -1.0115 ], [ -74.19934, -1.01249 ], [ -74.18612, -1.01152 ], [ -74.17493, -1.00702 ], [ -74.16776, -1.00874 ], [ -74.1569, -1.01394 ], [ -74.14689, -1.02398 ], [ -74.12212, -1.03632 ], [ -74.11293, -1.04345 ], [ -74.10338, -1.04606 ], [ -74.09776, -1.0507 ], [ -74.08652, -1.05437 ], [ -74.08105, -1.05431 ], [ -74.07573, -1.05224 ], [ -74.06772, -1.05533 ], [ -74.0596, -1.05694 ], [ -74.0547, -1.0561 ], [ -74.04966, -1.05295 ], [ -74.0431, -1.0461 ], [ -74.03588, -1.0355 ], [ -74.03501, -1.02864 ], [ -74.03692, -1.02122 ], [ -74.03469, -1.01448 ], [ -74.02584, -1.04082 ], [ -74.02608, -1.04155 ], [ -74.02689, -1.04764 ], [ -74.0261, -1.05191 ], [ -74.02815, -1.05994 ], [ -74.0274, -1.06455 ], [ -74.02154, -1.0784 ], [ -74.01516, -1.08731 ], [ -74.0149, -1.09075 ], [ -74.01197, -1.09793 ], [ -74.00375, -1.10181 ], [ -73.99434, -1.10749 ], [ -73.98633, -1.10975 ], [ -73.98232, -1.10994 ], [ -73.9788, -1.10803 ], [ -73.97407, -1.10153 ], [ -73.97353, -1.09298 ], [ -73.97237, -1.09058 ], [ -73.96648, -1.08557 ], [ -73.96451, -1.08475 ], [ -73.9621, -1.08495 ], [ -73.95785, -1.08693 ], [ -73.95434, -1.09083 ], [ -73.95228, -1.09399 ], [ -73.95237, -1.09681 ], [ -73.95423, -1.10021 ], [ -73.96129, -1.10657 ], [ -73.96858, -1.11616 ], [ -73.97016, -1.12182 ], [ -73.96981, -1.12556 ], [ -73.96847, -1.12724 ], [ -73.96379, -1.13034 ], [ -73.95678, -1.13303 ], [ -73.94242, -1.13457 ], [ -73.93329, -1.13308 ], [ -73.92327, -1.12316 ], [ -73.91712, -1.12288 ], [ -73.90657, -1.12659 ], [ -73.90429, -1.12921 ], [ -73.90409, -1.13425 ], [ -73.90254, -1.14148 ], [ -73.90024, -1.14523 ], [ -73.89774, -1.15185 ], [ -73.89924, -1.1615 ], [ -73.89761, -1.16771 ], [ -73.88971, -1.18273 ], [ -73.88543, -1.18747 ], [ -73.87709, -1.19392 ], [ -73.87178, -1.20243 ], [ -73.86893, -1.21094 ], [ -73.86893, -1.21357 ], [ -73.87064, -1.21916 ], [ -73.86995, -1.22322 ], [ -73.86698, -1.22722 ], [ -73.86401, -1.22939 ], [ -73.84842, -1.23752 ], [ -73.83675, -1.23817 ], [ -73.81916, -1.24563 ], [ -73.81406, -1.24965 ], [ -73.8125, -1.25005 ], [ -73.79789, -1.25155 ], [ -73.79623, -1.25087 ], [ -73.79349, -1.24796 ], [ -73.79029, -1.24224 ], [ -73.78818, -1.24139 ], [ -73.78224, -1.2471 ], [ -73.78218, -1.25081 ], [ -73.78493, -1.25509 ], [ -73.7849, -1.25866 ], [ -73.77527, -1.2624 ], [ -73.76928, -1.26275 ], [ -73.76208, -1.25955 ], [ -73.76054, -1.25795 ], [ -73.75803, -1.25235 ], [ -73.75691, -1.24486 ], [ -73.7508, -1.23797 ], [ -73.75023, -1.23255 ], [ -73.75174, -1.21682 ], [ -73.751, -1.20669 ], [ -73.74987, -1.20295 ], [ -73.7473, -1.20117 ], [ -73.74504, -1.20085 ], [ -73.74368, -1.20219 ], [ -73.74575, -1.20992 ], [ -73.74403, -1.22256 ], [ -73.74422, -1.23154 ], [ -73.74317, -1.23623 ], [ -73.73688, -1.2471 ], [ -73.73425, -1.24987 ], [ -73.7286, -1.25363 ], [ -73.70769, -1.2553 ], [ -73.6975, -1.25359 ], [ -73.68799, -1.24418 ], [ -73.6834, -1.24159 ], [ -73.68166, -1.2414 ], [ -73.67397, -1.24261 ], [ -73.66839, -1.24598 ], [ -73.66426, -1.25067 ], [ -73.66026, -1.25885 ], [ -73.65738, -1.26261 ], [ -73.64583, -1.27015 ], [ -73.63755, -1.27221 ], [ -73.63129, -1.27204 ], [ -73.62136, -1.26503 ], [ -73.62012, -1.26484 ], [ -73.61941, -1.26696 ], [ -73.61934, -1.27541 ], [ -73.6211, -1.28435 ], [ -73.62103, -1.29107 ], [ -73.61772, -1.30005 ], [ -73.61559, -1.31454 ], [ -73.61314, -1.3197 ], [ -73.6004, -1.3291 ], [ -73.59457, -1.33086 ], [ -73.58629, -1.33006 ], [ -73.5831, -1.32892 ], [ -73.57875, -1.32498 ], [ -73.5771, -1.32212 ], [ -73.574, -1.3198 ], [ -73.57123, -1.32142 ], [ -73.56958, -1.32406 ], [ -73.57026, -1.33195 ], [ -73.58004, -1.33665 ], [ -73.58184, -1.34089 ], [ -73.58213, -1.3479 ], [ -73.57933, -1.3537 ], [ -73.57961, -1.35867 ], [ -73.5811, -1.3597 ], [ -73.58327, -1.36992 ], [ -73.58258, -1.37649 ], [ -73.57961, -1.38083 ], [ -73.57572, -1.38265 ], [ -73.57087, -1.38289 ], [ -73.5631, -1.38065 ], [ -73.56029, -1.38286 ], [ -73.55818, -1.38665 ], [ -73.55545, -1.39641 ], [ -73.55228, -1.40242 ], [ -73.55302, -1.40815 ], [ -73.55926, -1.41753 ], [ -73.56466, -1.41818 ], [ -73.57377, -1.41235 ], [ -73.57995, -1.41212 ], [ -73.58476, -1.41408 ], [ -73.5876, -1.41678 ], [ -73.58824, -1.42108 ], [ -73.58728, -1.42403 ], [ -73.58298, -1.42771 ], [ -73.57304, -1.43154 ], [ -73.56008, -1.43143 ], [ -73.5578, -1.43183 ], [ -73.55574, -1.43394 ], [ -73.54992, -1.43483 ], [ -73.54577, -1.43449 ], [ -73.54062, -1.43232 ], [ -73.5373, -1.43406 ], [ -73.53499, -1.43653 ], [ -73.53381, -1.43915 ], [ -73.53159, -1.44841 ], [ -73.53194, -1.45958 ], [ -73.53498, -1.46619 ], [ -73.53522, -1.46861 ], [ -73.53429, -1.47342 ], [ -73.53257, -1.47678 ], [ -73.53083, -1.47884 ], [ -73.52772, -1.48041 ], [ -73.51497, -1.48292 ], [ -73.5058, -1.48657 ], [ -73.49635, -1.48725 ], [ -73.49358, -1.48571 ], [ -73.49023, -1.4854 ], [ -73.48835, -1.49068 ], [ -73.48807, -1.49607 ], [ -73.48945, -1.49947 ], [ -73.49245, -1.50287 ], [ -73.49533, -1.50635 ], [ -73.49649, -1.50937 ], [ -73.49667, -1.51244 ], [ -73.49547, -1.51709 ], [ -73.49362, -1.51974 ], [ -73.49084, -1.52136 ], [ -73.48138, -1.52309 ], [ -73.48011, -1.52445 ], [ -73.47897, -1.52924 ], [ -73.48329, -1.54065 ], [ -73.48653, -1.54349 ], [ -73.49396, -1.54727 ], [ -73.49693, -1.55 ], [ -73.49938, -1.55377 ], [ -73.50038, -1.5596 ], [ -73.49838, -1.56603 ], [ -73.49569, -1.56914 ], [ -73.48988, -1.57202 ], [ -73.48578, -1.57698 ], [ -73.47948, -1.5793 ], [ -73.476, -1.5792 ], [ -73.47142, -1.57695 ], [ -73.47023, -1.57518 ], [ -73.46993, -1.5709 ], [ -73.46662, -1.5692 ], [ -73.46294, -1.56975 ], [ -73.45951, -1.57279 ], [ -73.45956, -1.57374 ], [ -73.45981, -1.57619 ], [ -73.4603, -1.5786 ], [ -73.46102, -1.58096 ], [ -73.46197, -1.58323 ], [ -73.46314, -1.5854 ], [ -73.46451, -1.58744 ], [ -73.46608, -1.58934 ], [ -73.46783, -1.59107 ], [ -73.46975, -1.59262 ], [ -73.4718, -1.59398 ], [ -73.49035, -1.60495 ], [ -73.49347, -1.61047 ], [ -73.49999, -1.61462 ], [ -73.50529, -1.61958 ], [ -73.50957, -1.62519 ], [ -73.51739, -1.63994 ], [ -73.51758, -1.6467 ], [ -73.51631, -1.65546 ], [ -73.51734, -1.66113 ], [ -73.51859, -1.66376 ], [ -73.52458, -1.67104 ], [ -73.5222, -1.66945 ], [ -73.52342, -1.67221 ], [ -73.52502, -1.67198 ], [ -73.53169, -1.67533 ], [ -73.53768, -1.68145 ], [ -73.54041, -1.68682 ], [ -73.54153, -1.69218 ], [ -73.54094, -1.69906 ], [ -73.53414, -1.70792 ], [ -73.51866, -1.71962 ], [ -73.51457, -1.72328 ], [ -73.5108, -1.72829 ], [ -73.50622, -1.7316 ], [ -73.48635, -1.73619 ], [ -73.47693, -1.73655 ], [ -73.45176, -1.74889 ], [ -73.45007, -1.75062 ], [ -73.44888, -1.75361 ], [ -73.44495, -1.75803 ], [ -73.43969, -1.76128 ], [ -73.43774, -1.76356 ], [ -73.43775, -1.77813 ], [ -73.4341, -1.78683 ], [ -73.43706, -1.78589 ], [ -73.43884, -1.78335 ], [ -73.44066, -1.78303 ], [ -73.43829, -1.78566 ], [ -73.43094, -1.79046 ], [ -73.42874, -1.79147 ], [ -73.42466, -1.79149 ], [ -73.41163, -1.78815 ], [ -73.39977, -1.78814 ], [ -73.39704, -1.78701 ], [ -73.39186, -1.78307 ], [ -73.38761, -1.78134 ], [ -73.38446, -1.78065 ], [ -73.3802, -1.78121 ], [ -73.36697, -1.78849 ], [ -73.35994, -1.79627 ], [ -73.35576, -1.79923 ], [ -73.35143, -1.80068 ], [ -73.34551, -1.8009 ], [ -73.33493, -1.80404 ], [ -73.33108, -1.80964 ], [ -73.33058, -1.80913 ], [ -73.3276, -1.81173 ], [ -73.32754, -1.81314 ], [ -73.33068, -1.81038 ], [ -73.32706, -1.8149 ], [ -73.32588, -1.82283 ], [ -73.32244, -1.82582 ], [ -73.3149, -1.82878 ], [ -73.3077, -1.82985 ], [ -73.30565, -1.82897 ], [ -73.30404, -1.82935 ], [ -73.29782, -1.82476 ], [ -73.29628, -1.81846 ], [ -73.297, -1.81499 ], [ -73.30504, -1.80587 ], [ -73.30605, -1.80395 ], [ -73.30568, -1.8002 ], [ -73.29683, -1.7892 ], [ -73.29044, -1.7838 ], [ -73.28513, -1.78067 ], [ -73.2812, -1.77995 ], [ -73.27726, -1.78226 ], [ -73.26983, -1.78454 ], [ -73.25986, -1.78445 ], [ -73.25096, -1.78136 ], [ -73.24863, -1.78294 ], [ -73.24647, -1.7829 ], [ -73.24513, -1.78378 ], [ -73.2425, -1.78809 ], [ -73.24474, -1.79147 ], [ -73.24994, -1.79417 ], [ -73.24929, -1.78742 ], [ -73.25065, -1.79394 ], [ -73.25297, -1.79375 ], [ -73.25731, -1.79514 ], [ -73.25934, -1.79795 ], [ -73.25991, -1.80113 ], [ -73.25889, -1.80263 ], [ -73.25871, -1.8053 ], [ -73.25372, -1.80855 ], [ -73.24564, -1.80835 ], [ -73.23124, -1.8022 ], [ -73.2288, -1.79896 ], [ -73.22567, -1.78973 ], [ -73.22622, -1.78086 ], [ -73.2278, -1.77305 ], [ -73.22799, -1.76039 ], [ -73.22736, -1.75583 ], [ -73.22512, -1.75219 ], [ -73.21992, -1.74991 ], [ -73.21441, -1.75176 ], [ -73.2089, -1.75875 ], [ -73.20439, -1.76854 ], [ -73.20341, -1.77276 ], [ -73.20005, -1.7789 ], [ -73.19688, -1.78969 ], [ -73.19514, -1.79174 ], [ -73.19269, -1.79284 ], [ -73.19092, -1.79522 ], [ -73.18831, -1.80308 ], [ -73.18515, -1.80832 ], [ -73.17908, -1.80756 ], [ -73.17114, -1.80305 ], [ -73.16384, -1.80463 ], [ -73.16173, -1.8045 ], [ -73.16771, -1.83462 ], [ -73.16651, -1.83775 ], [ -73.15648, -1.84955 ], [ -73.15714, -1.85237 ], [ -73.15461, -1.86008 ], [ -73.14815, -1.86733 ], [ -73.14433, -1.87028 ], [ -73.14043, -1.87217 ], [ -73.13528, -1.88706 ], [ -73.13461, -1.88934 ], [ -73.13416, -1.89167 ], [ -73.13394, -1.89404 ], [ -73.13394, -1.89642 ], [ -73.13416, -1.89878 ], [ -73.13461, -1.90112 ], [ -73.13684, -1.91032 ], [ -73.13792, -1.9137 ], [ -73.14663, -1.93553 ], [ -73.14726, -1.94183 ], [ -73.14515, -1.9505 ], [ -73.14041, -1.95968 ], [ -73.12521, -1.98222 ], [ -73.12618, -1.98345 ], [ -73.12713, -1.98314 ], [ -73.12814, -1.98438 ], [ -73.12972, -1.98781 ], [ -73.13016, -1.9927 ], [ -73.12948, -1.99474 ], [ -73.12641, -1.99775 ], [ -73.12487, -2.00092 ], [ -73.12473, -2.00901 ], [ -73.12148, -2.01582 ], [ -73.11411, -2.02251 ], [ -73.11041, -2.02408 ], [ -73.10839, -2.03253 ], [ -73.10317, -2.04656 ], [ -73.10009, -2.04944 ], [ -73.10659, -2.05613 ], [ -73.11131, -2.06311 ], [ -73.11426, -2.06969 ], [ -73.11426, -2.07425 ], [ -73.11276, -2.07796 ], [ -73.11036, -2.08123 ], [ -73.10549, -2.08345 ], [ -73.08878, -2.08471 ], [ -73.0897, -2.08639 ], [ -73.11165, -2.12251 ], [ -73.11345, -2.12387 ], [ -73.11679, -2.12826 ], [ -73.11948, -2.13387 ], [ -73.12022, -2.1379 ], [ -73.12698, -2.15352 ], [ -73.12817, -2.15592 ], [ -73.12961, -2.15817 ], [ -73.13129, -2.16026 ], [ -73.13318, -2.16216 ], [ -73.15727, -2.18388 ], [ -73.16084, -2.18273 ], [ -73.16658, -2.1826 ], [ -73.16884, -2.1833 ], [ -73.17157, -2.18605 ], [ -73.17335, -2.18906 ], [ -73.1749, -2.19609 ], [ -73.17442, -2.1984 ], [ -73.17305, -2.19956 ], [ -73.17418, -2.20092 ], [ -73.17429, -2.20115 ], [ -73.1745, -2.20275 ], [ -73.17422, -2.20409 ], [ -73.17034, -2.21031 ], [ -73.17021, -2.21442 ], [ -73.17275, -2.22063 ], [ -73.15849, -2.25655 ], [ -73.15517, -2.2608 ], [ -73.14787, -2.26662 ], [ -73.13914, -2.27797 ], [ -73.13539, -2.2872 ], [ -73.13277, -2.29107 ], [ -73.12535, -2.29654 ], [ -73.12464, -2.29869 ], [ -73.12493, -2.30231 ], [ -73.1263, -2.30654 ], [ -73.12562, -2.31482 ], [ -73.12731, -2.31641 ], [ -73.12725, -2.32004 ], [ -73.12684, -2.32313 ], [ -73.12256, -2.32742 ], [ -73.11946, -2.32855 ], [ -73.11185, -2.32879 ], [ -73.10834, -2.32843 ], [ -73.10352, -2.32623 ], [ -73.09757, -2.32682 ], [ -73.09412, -2.33099 ], [ -73.08414, -2.33526 ], [ -73.07322, -2.34147 ], [ -73.06958, -2.34975 ], [ -73.07037, -2.35738 ], [ -73.06799, -2.36148 ], [ -73.06579, -2.36303 ], [ -73.05704, -2.366 ], [ -73.05353, -2.36606 ], [ -73.04655, -2.36211 ], [ -73.04372, -2.35962 ], [ -73.04036, -2.35471 ], [ -73.03855, -2.34816 ], [ -73.03875, -2.3428 ], [ -73.04081, -2.33601 ], [ -73.04081, -2.3295 ], [ -73.03938, -2.32778 ], [ -73.03852, -2.32778 ], [ -73.03458, -2.33195 ], [ -73.02522, -2.33127 ], [ -73.02013, -2.33224 ], [ -73.01973, -2.34172 ], [ -73.01722, -2.3488 ], [ -73.00843, -2.35908 ], [ -73.00152, -2.36302 ], [ -72.99615, -2.36285 ], [ -72.99112, -2.35988 ], [ -72.98678, -2.35405 ], [ -72.98159, -2.34377 ], [ -72.9793, -2.34332 ], [ -72.97593, -2.34469 ], [ -72.97205, -2.34857 ], [ -72.97122, -2.35064 ], [ -72.97091, -2.35417 ], [ -72.96959, -2.35691 ], [ -72.96999, -2.36302 ], [ -72.96183, -2.37175 ], [ -72.96148, -2.3733 ], [ -72.95851, -2.37649 ], [ -72.95846, -2.38566 ], [ -72.95734, -2.39183 ], [ -72.95235, -2.40321 ], [ -72.94799, -2.40826 ], [ -72.93548, -2.41419 ], [ -72.93403, -2.41642 ], [ -72.93223, -2.43146 ], [ -72.93348, -2.43461 ], [ -72.93806, -2.44042 ], [ -72.93928, -2.44879 ], [ -72.93718, -2.45455 ], [ -72.93304, -2.45791 ], [ -72.92785, -2.45767 ], [ -72.92471, -2.45589 ], [ -72.92021, -2.45068 ], [ -72.9155, -2.44739 ], [ -72.91043, -2.44518 ], [ -72.90584, -2.44423 ], [ -72.89758, -2.44523 ], [ -72.89035, -2.44442 ], [ -72.88662, -2.4434 ], [ -72.87933, -2.43918 ], [ -72.87778, -2.43906 ], [ -72.87052, -2.44114 ], [ -72.86939, -2.44263 ], [ -72.86618, -2.44138 ], [ -72.85196, -2.43882 ], [ -72.84143, -2.43484 ], [ -72.83661, -2.43186 ], [ -72.83126, -2.43115 ], [ -72.82656, -2.42681 ], [ -72.82537, -2.42419 ], [ -72.82269, -2.42217 ], [ -72.81204, -2.41723 ], [ -72.80418, -2.41485 ], [ -72.793, -2.40777 ], [ -72.78497, -2.39587 ], [ -72.78235, -2.3979 ], [ -72.77997, -2.39861 ], [ -72.7786, -2.39819 ], [ -72.77623, -2.39451 ], [ -72.77492, -2.39415 ], [ -72.772, -2.39415 ], [ -72.77105, -2.39528 ], [ -72.76748, -2.39623 ], [ -72.76112, -2.40099 ], [ -72.76086, -2.41285 ], [ -72.75773, -2.42318 ], [ -72.75541, -2.42722 ], [ -72.75118, -2.42937 ], [ -72.74743, -2.42806 ], [ -72.73869, -2.42824 ], [ -72.73476, -2.42586 ], [ -72.72994, -2.4211 ], [ -72.72864, -2.41705 ], [ -72.72852, -2.40724 ], [ -72.72953, -2.4017 ], [ -72.72887, -2.39915 ], [ -72.7212, -2.39974 ], [ -72.71299, -2.39736 ], [ -72.70526, -2.39742 ], [ -72.7024, -2.39831 ], [ -72.69973, -2.40194 ], [ -72.69913, -2.4045 ], [ -72.70371, -2.41033 ], [ -72.70496, -2.41515 ], [ -72.70252, -2.41884 ], [ -72.69616, -2.42395 ], [ -72.69285, -2.43119 ], [ -72.69266, -2.4336 ], [ -72.6944, -2.44113 ], [ -72.69452, -2.44512 ], [ -72.69333, -2.44661 ], [ -72.69345, -2.45065 ], [ -72.69256, -2.45077 ], [ -72.69277, -2.45207 ], [ -72.68873, -2.45337 ], [ -72.68236, -2.45337 ], [ -72.67427, -2.44933 ], [ -72.66226, -2.44124 ], [ -72.66053, -2.43773 ], [ -72.66005, -2.43435 ], [ -72.66142, -2.42585 ], [ -72.66121, -2.42251 ], [ -72.65657, -2.41032 ], [ -72.65449, -2.40651 ], [ -72.63854, -2.39414 ], [ -72.63509, -2.38997 ], [ -72.63394, -2.38223 ], [ -72.63406, -2.37664 ], [ -72.63566, -2.37188 ], [ -72.63912, -2.36599 ], [ -72.63923, -2.36319 ], [ -72.63787, -2.36147 ], [ -72.63114, -2.35968 ], [ -72.62799, -2.36016 ], [ -72.62097, -2.36397 ], [ -72.60842, -2.36349 ], [ -72.60188, -2.36676 ], [ -72.59706, -2.36801 ], [ -72.59135, -2.37218 ], [ -72.59117, -2.37313 ], [ -72.59212, -2.37342 ], [ -72.59188, -2.37533 ], [ -72.58498, -2.38431 ], [ -72.57955, -2.39532 ], [ -72.57822, -2.39642 ], [ -72.576, -2.39674 ], [ -72.56791, -2.40513 ], [ -72.56211, -2.40675 ], [ -72.55635, -2.40698 ], [ -72.55069, -2.40508 ], [ -72.54897, -2.40546 ], [ -72.5464, -2.40456 ], [ -72.54322, -2.40513 ], [ -72.5416, -2.40656 ], [ -72.54107, -2.40822 ], [ -72.53834, -2.41032 ], [ -72.53164, -2.41178 ], [ -72.52532, -2.42293 ], [ -72.5229, -2.42526 ], [ -72.51833, -2.42711 ], [ -72.51062, -2.42673 ], [ -72.50576, -2.42431 ], [ -72.49991, -2.4186 ], [ -72.4981, -2.41803 ], [ -72.48949, -2.42178 ], [ -72.48373, -2.42198 ], [ -72.47669, -2.42064 ], [ -72.47183, -2.42283 ], [ -72.46764, -2.42331 ], [ -72.46331, -2.42588 ], [ -72.45199, -2.43492 ], [ -72.44745, -2.43734 ], [ -72.44413, -2.44075 ], [ -72.44141, -2.44196 ], [ -72.43299, -2.44203 ], [ -72.42285, -2.43789 ], [ -72.41657, -2.43225 ], [ -72.41329, -2.42719 ], [ -72.41072, -2.41919 ], [ -72.4095, -2.41634 ], [ -72.40865, -2.41598 ], [ -72.40772, -2.41648 ], [ -72.40565, -2.42347 ], [ -72.4008, -2.43447 ], [ -72.40014, -2.43782 ], [ -72.40115, -2.44046 ], [ -72.40579, -2.44325 ], [ -72.40636, -2.44696 ], [ -72.40501, -2.45424 ], [ -72.40251, -2.46074 ], [ -72.3993, -2.46516 ], [ -72.39837, -2.47037 ], [ -72.39658, -2.47287 ], [ -72.39501, -2.47366 ], [ -72.39309, -2.47359 ], [ -72.3898, -2.47194 ], [ -72.38837, -2.47223 ], [ -72.38268, -2.4768 ], [ -72.38166, -2.48308 ], [ -72.3786, -2.48908 ], [ -72.37346, -2.4925 ], [ -72.36346, -2.49236 ], [ -72.35861, -2.49036 ], [ -72.35225, -2.48501 ], [ -72.34483, -2.48258 ], [ -72.33584, -2.48222 ], [ -72.32884, -2.48287 ], [ -72.32706, -2.48094 ], [ -72.32284, -2.47887 ], [ -72.31299, -2.47587 ], [ -72.31071, -2.47594 ], [ -72.30464, -2.4783 ], [ -72.29589, -2.47735 ], [ -72.28887, -2.47312 ], [ -72.28559, -2.46789 ], [ -72.28482, -2.46515 ], [ -72.28518, -2.45694 ], [ -72.28393, -2.45426 ], [ -72.2797, -2.45403 ], [ -72.26239, -2.46069 ], [ -72.25894, -2.46063 ], [ -72.2552, -2.45902 ], [ -72.25264, -2.45504 ], [ -72.25276, -2.44873 ], [ -72.25335, -2.44653 ], [ -72.26043, -2.43826 ], [ -72.2612, -2.43642 ], [ -72.25668, -2.4322 ], [ -72.25133, -2.43178 ], [ -72.2433, -2.43249 ], [ -72.23902, -2.43535 ], [ -72.23104, -2.4457 ], [ -72.22795, -2.44838 ], [ -72.22188, -2.44968 ], [ -72.21141, -2.44962 ], [ -72.20547, -2.44838 ], [ -72.19577, -2.44219 ], [ -72.18729, -2.43553 ], [ -72.18698, -2.44046 ], [ -72.18192, -2.44314 ], [ -72.17585, -2.44475 ], [ -72.16936, -2.45407 ], [ -72.16891, -2.45591 ], [ -72.16999, -2.45701 ], [ -72.17152, -2.47209 ], [ -72.16981, -2.47732 ], [ -72.16828, -2.47942 ], [ -72.16409, -2.4816 ], [ -72.15656, -2.48113 ], [ -72.15156, -2.47821 ], [ -72.14182, -2.46974 ], [ -72.13622, -2.45751 ], [ -72.1304, -2.43817 ], [ -72.13035, -2.42847 ], [ -72.13225, -2.42259 ], [ -72.1285, -2.41408 ], [ -72.12232, -2.40771 ], [ -72.12071, -2.40444 ], [ -72.11512, -2.40313 ], [ -72.09632, -2.39064 ], [ -72.08038, -2.37399 ], [ -72.07633, -2.36679 ], [ -72.06313, -2.349 ], [ -72.04882, -2.33881 ], [ -72.04213, -2.33865 ], [ -72.03606, -2.34143 ], [ -72.0353, -2.34296 ], [ -72.03154, -2.34563 ], [ -72.02811, -2.34653 ], [ -72.02676, -2.34891 ], [ -72.02667, -2.35226 ], [ -72.02477, -2.35448 ], [ -72.02223, -2.36122 ], [ -72.01742, -2.36718 ], [ -72.01423, -2.36929 ], [ -72.00084, -2.37192 ], [ -71.99768, -2.37378 ], [ -71.98787, -2.37348 ], [ -71.98397, -2.37053 ], [ -71.97321, -2.37002 ], [ -71.96854, -2.36833 ], [ -71.9664, -2.36688 ], [ -71.96022, -2.35943 ], [ -71.95916, -2.3592 ], [ -71.95866, -2.36079 ], [ -71.95964, -2.36354 ], [ -71.95887, -2.36476 ], [ -71.95632, -2.36497 ], [ -71.95688, -2.36715 ], [ -71.95624, -2.36728 ], [ -71.95576, -2.36545 ], [ -71.95364, -2.36589 ], [ -71.94707, -2.37294 ], [ -71.94225, -2.37523 ], [ -71.93371, -2.38219 ], [ -71.92781, -2.3836 ], [ -71.92341, -2.38299 ], [ -71.91972, -2.38056 ], [ -71.91812, -2.3789 ], [ -71.91642, -2.37425 ], [ -71.91592, -2.36616 ], [ -71.92772, -2.33849 ], [ -71.93272, -2.3301 ], [ -71.93232, -2.3267 ], [ -71.92913, -2.32304 ], [ -71.92839, -2.31894 ], [ -71.92613, -2.31543 ], [ -71.92406, -2.31292 ], [ -71.92116, -2.31124 ], [ -71.91035, -2.3127 ], [ -71.91195, -2.31335 ], [ -71.9107, -2.31382 ], [ -71.90478, -2.31411 ], [ -71.89766, -2.3157 ], [ -71.88536, -2.31435 ], [ -71.88298, -2.31374 ], [ -71.88028, -2.31154 ], [ -71.87826, -2.30707 ], [ -71.86932, -2.29539 ], [ -71.86364, -2.2848 ], [ -71.85987, -2.271 ], [ -71.85918, -2.26006 ], [ -71.85308, -2.24738 ], [ -71.84743, -2.23928 ], [ -71.84189, -2.2202 ], [ -71.83715, -2.20928 ], [ -71.83467, -2.19921 ], [ -71.83288, -2.19596 ], [ -71.83058, -2.19525 ], [ -71.82856, -2.19792 ], [ -71.8263, -2.19822 ], [ -71.81892, -2.19877 ], [ -71.81437, -2.19782 ], [ -71.81357, -2.19859 ], [ -71.81375, -2.19961 ], [ -71.8169, -2.20116 ], [ -71.81244, -2.2014 ], [ -71.81025, -2.20547 ], [ -71.80632, -2.20745 ], [ -71.79984, -2.20793 ], [ -71.79413, -2.2047 ], [ -71.79163, -2.20063 ], [ -71.79044, -2.18909 ], [ -71.78907, -2.1879 ], [ -71.78479, -2.18701 ], [ -71.78303, -2.18565 ], [ -71.77267, -2.18266 ], [ -71.76917, -2.18055 ], [ -71.76323, -2.17456 ], [ -71.75191, -2.1751 ], [ -71.74925, -2.17473 ], [ -71.74789, -2.17359 ], [ -71.74418, -2.16795 ], [ -71.74314, -2.16313 ], [ -71.744, -2.15688 ], [ -71.7477, -2.14968 ], [ -71.74654, -2.14833 ], [ -71.7411, -2.14641 ], [ -71.73332, -2.15089 ], [ -71.72211, -2.15555 ], [ -71.72045, -2.15765 ], [ -71.71958, -2.16067 ], [ -71.72038, -2.16812 ], [ -71.72383, -2.18028 ], [ -71.73023, -2.1898 ], [ -71.73314, -2.197 ], [ -71.73346, -2.20761 ], [ -71.73469, -2.2148 ], [ -71.73167, -2.22494 ], [ -71.72922, -2.22766 ], [ -71.72096, -2.23103 ], [ -71.7129, -2.23319 ], [ -71.70597, -2.23231 ], [ -71.68856, -2.22206 ], [ -71.67365, -2.20904 ], [ -71.66794, -2.20798 ], [ -71.65822, -2.20351 ], [ -71.65047, -2.20313 ], [ -71.63887, -2.206 ], [ -71.62954, -2.21038 ], [ -71.61689, -2.22885 ], [ -71.612, -2.2343 ], [ -71.60635, -2.23793 ], [ -71.59729, -2.24053 ], [ -71.58656, -2.24201 ], [ -71.5829, -2.24374 ], [ -71.578, -2.24766 ], [ -71.57038, -2.25031 ], [ -71.56546, -2.25048 ], [ -71.55579, -2.24851 ], [ -71.54918, -2.24978 ], [ -71.54338, -2.24933 ], [ -71.52985, -2.25265 ], [ -71.52368, -2.25163 ], [ -71.51843, -2.2524 ], [ -71.51734, -2.25434 ], [ -71.51669, -2.25927 ], [ -71.5184, -2.27319 ], [ -71.52003, -2.28262 ], [ -71.52183, -2.2882 ], [ -71.52256, -2.29532 ], [ -71.5239, -2.29958 ], [ -71.52691, -2.30405 ], [ -71.5259, -2.30599 ], [ -71.52263, -2.30834 ], [ -71.52173, -2.31109 ], [ -71.52517, -2.31607 ], [ -71.52576, -2.32067 ], [ -71.52115, -2.32816 ], [ -71.51582, -2.33219 ], [ -71.50482, -2.35084 ], [ -71.5013, -2.35432 ], [ -71.49857, -2.35585 ], [ -71.49188, -2.3562 ], [ -71.48364, -2.35407 ], [ -71.48025, -2.35051 ], [ -71.47818, -2.34554 ], [ -71.47736, -2.33563 ], [ -71.47789, -2.32958 ], [ -71.48097, -2.32245 ], [ -71.48397, -2.31185 ], [ -71.48775, -2.30525 ], [ -71.48759, -2.30094 ], [ -71.48292, -2.2889 ], [ -71.47785, -2.28227 ], [ -71.46966, -2.27454 ], [ -71.46479, -2.27374 ], [ -71.45734, -2.278 ], [ -71.44964, -2.28486 ], [ -71.44355, -2.29371 ], [ -71.44315, -2.29944 ], [ -71.43412, -2.31473 ], [ -71.43081, -2.32524 ], [ -71.42272, -2.33237 ], [ -71.41306, -2.33708 ], [ -71.40887, -2.34868 ], [ -71.3994, -2.35805 ], [ -71.39975, -2.36558 ], [ -71.40603, -2.37649 ], [ -71.40704, -2.38042 ], [ -71.40884, -2.38299 ], [ -71.40971, -2.39059 ], [ -71.40829, -2.3958 ], [ -71.40432, -2.4039 ], [ -71.39879, -2.40982 ], [ -71.39513, -2.4114 ], [ -71.3876, -2.41046 ], [ -71.37889, -2.40491 ], [ -71.37593, -2.40215 ], [ -71.36833, -2.3916 ], [ -71.36611, -2.3914 ], [ -71.3612, -2.39314 ], [ -71.35902, -2.39312 ], [ -71.35025, -2.39099 ], [ -71.33775, -2.38366 ], [ -71.33001, -2.38491 ], [ -71.32298, -2.38338 ], [ -71.31845, -2.38143 ], [ -71.31354, -2.37618 ], [ -71.30919, -2.36934 ], [ -71.30677, -2.35635 ], [ -71.30534, -2.35275 ], [ -71.30126, -2.349 ], [ -71.29663, -2.34738 ], [ -71.28502, -2.34754 ], [ -71.27691, -2.35197 ], [ -71.27748, -2.35568 ], [ -71.27963, -2.36064 ], [ -71.28269, -2.36309 ], [ -71.28876, -2.37036 ], [ -71.2933, -2.37809 ], [ -71.29316, -2.38031 ], [ -71.29016, -2.38534 ], [ -71.28441, -2.38872 ], [ -71.27773, -2.38861 ], [ -71.27118, -2.38583 ], [ -71.26494, -2.37595 ], [ -71.25933, -2.36173 ], [ -71.2531, -2.3561 ], [ -71.24626, -2.35563 ], [ -71.24167, -2.35261 ], [ -71.22798, -2.34833 ], [ -71.22434, -2.3485 ], [ -71.21703, -2.35355 ], [ -71.21547, -2.35918 ], [ -71.21579, -2.36457 ], [ -71.21431, -2.36734 ], [ -71.21092, -2.37095 ], [ -71.20805, -2.37217 ], [ -71.19624, -2.38187 ], [ -71.19163, -2.3836 ], [ -71.18581, -2.38407 ], [ -71.17829, -2.38336 ], [ -71.1722, -2.38113 ], [ -71.17025, -2.37879 ], [ -71.16824, -2.36772 ], [ -71.16756, -2.34604 ], [ -71.1661, -2.34334 ], [ -71.15918, -2.3392 ], [ -71.15079, -2.33772 ], [ -71.14805, -2.33915 ], [ -71.14155, -2.34538 ], [ -71.13811, -2.34615 ], [ -71.13129, -2.34406 ], [ -71.12745, -2.33849 ], [ -71.12769, -2.33035 ], [ -71.1304, -2.31755 ], [ -71.13221, -2.31444 ], [ -71.13997, -2.30548 ], [ -71.14074, -2.30311 ], [ -71.13788, -2.29604 ], [ -71.13341, -2.28928 ], [ -71.13079, -2.28757 ], [ -71.12563, -2.28598 ], [ -71.10923, -2.28334 ], [ -71.09409, -2.28471 ], [ -71.08399, -2.27983 ], [ -71.07788, -2.27861 ], [ -71.06303, -2.27272 ], [ -71.05913, -2.27268 ], [ -71.04456, -2.27559 ], [ -71.03662, -2.27614 ], [ -71.03467, -2.2769 ], [ -71.03019, -2.28105 ], [ -71.02599, -2.28289 ], [ -71.02402, -2.29105 ], [ -71.02216, -2.29537 ], [ -71.01923, -2.29941 ], [ -71.01119, -2.30592 ], [ -71.00392, -2.3094 ], [ -70.9972, -2.30981 ], [ -70.99427, -2.30871 ], [ -70.98889, -2.30465 ], [ -70.98712, -2.30153 ], [ -70.98698, -2.29138 ], [ -70.99296, -2.27601 ], [ -71.00199, -2.26276 ], [ -71.00177, -2.25411 ], [ -71.00252, -2.25146 ], [ -71.00595, -2.24456 ], [ -71.01028, -2.23917 ], [ -71.01415, -2.22646 ], [ -71.00988, -2.21808 ], [ -71.00529, -2.2133 ], [ -71.00248, -2.21171 ], [ -70.99247, -2.21143 ], [ -70.9846, -2.2139 ], [ -70.98149, -2.214 ], [ -70.97587, -2.21916 ], [ -70.97246, -2.23145 ], [ -70.96454, -2.24065 ], [ -70.95702, -2.24548 ], [ -70.94792, -2.25351 ], [ -70.93712, -2.2571 ], [ -70.9273, -2.25638 ], [ -70.92178, -2.25425 ], [ -70.91728, -2.25144 ], [ -70.90724, -2.24106 ], [ -70.90262, -2.23121 ], [ -70.9006, -2.22924 ], [ -70.88665, -2.22349 ], [ -70.87946, -2.22329 ], [ -70.86515, -2.2301 ], [ -70.86232, -2.23253 ], [ -70.85749, -2.23889 ], [ -70.85312, -2.24873 ], [ -70.85116, -2.25811 ], [ -70.84633, -2.27372 ], [ -70.84574, -2.28163 ], [ -70.84314, -2.28788 ], [ -70.8388, -2.29238 ], [ -70.832, -2.29579 ], [ -70.8148, -2.29909 ], [ -70.80897, -2.29869 ], [ -70.7914, -2.29503 ], [ -70.78913, -2.2953 ], [ -70.78738, -2.29651 ], [ -70.78494, -2.29625 ], [ -70.77066, -2.29906 ], [ -70.76814, -2.30207 ], [ -70.7661, -2.3127 ], [ -70.76336, -2.31986 ], [ -70.75851, -2.32635 ], [ -70.7523, -2.3313 ], [ -70.74404, -2.33472 ], [ -70.73514, -2.33594 ], [ -70.72615, -2.33613 ], [ -70.71566, -2.33815 ], [ -70.70572, -2.34327 ], [ -70.7034, -2.34236 ], [ -70.69899, -2.34214 ], [ -70.68842, -2.34378 ], [ -70.68598, -2.34537 ], [ -70.68195, -2.3501 ], [ -70.67405, -2.35356 ], [ -70.67405, -2.3572 ], [ -70.66384, -2.36567 ], [ -70.66422, -2.3669 ], [ -70.68121, -2.39184 ], [ -70.68279, -2.39718 ], [ -70.68303, -2.40415 ], [ -70.67878, -2.41048 ], [ -70.67343, -2.41336 ], [ -70.66675, -2.41429 ], [ -70.65699, -2.41303 ], [ -70.64405, -2.41407 ], [ -70.6407, -2.41288 ], [ -70.63337, -2.40282 ], [ -70.63318, -2.4035 ], [ -70.63275, -2.40589 ], [ -70.63144, -2.41602 ], [ -70.63138, -2.41688 ], [ -70.63243, -2.42142 ], [ -70.64343, -2.44428 ], [ -70.64458, -2.44766 ], [ -70.64503, -2.45406 ], [ -70.64389, -2.46163 ], [ -70.64117, -2.46782 ], [ -70.63408, -2.47593 ], [ -70.62897, -2.47961 ], [ -70.61432, -2.48623 ], [ -70.6104, -2.48719 ], [ -70.59695, -2.48806 ], [ -70.57761, -2.48616 ], [ -70.5722, -2.48664 ], [ -70.56819, -2.48491 ], [ -70.55904, -2.47877 ], [ -70.55588, -2.47439 ], [ -70.54636, -2.46446 ], [ -70.54476, -2.45771 ], [ -70.54474, -2.45346 ], [ -70.54587, -2.45028 ], [ -70.54762, -2.44775 ], [ -70.55193, -2.44415 ], [ -70.56361, -2.43713 ], [ -70.57044, -2.43415 ], [ -70.58273, -2.43189 ], [ -70.58456, -2.43047 ], [ -70.58536, -2.42845 ], [ -70.58383, -2.42477 ], [ -70.57838, -2.42167 ], [ -70.56517, -2.4198 ], [ -70.55198, -2.42563 ], [ -70.54489, -2.43189 ], [ -70.5365, -2.44415 ], [ -70.5316, -2.45716 ], [ -70.52704, -2.46555 ], [ -70.52111, -2.47193 ], [ -70.51641, -2.47551 ], [ -70.51115, -2.47755 ], [ -70.50258, -2.47838 ], [ -70.49606, -2.47714 ], [ -70.49264, -2.4761 ], [ -70.48685, -2.47265 ], [ -70.47958, -2.46577 ], [ -70.47331, -2.45707 ], [ -70.47178, -2.45579 ], [ -70.47012, -2.45618 ], [ -70.46669, -2.46053 ], [ -70.4569, -2.47668 ], [ -70.45488, -2.48385 ], [ -70.45437, -2.49505 ], [ -70.45319, -2.50152 ], [ -70.45042, -2.51095 ], [ -70.44579, -2.51879 ], [ -70.43876, -2.52631 ], [ -70.43364, -2.52913 ], [ -70.425, -2.5316 ], [ -70.41695, -2.53178 ], [ -70.40753, -2.52895 ], [ -70.39652, -2.52115 ], [ -70.39205, -2.51631 ], [ -70.38814, -2.50938 ], [ -70.38452, -2.50537 ], [ -70.37373, -2.49749 ], [ -70.36664, -2.49477 ], [ -70.35769, -2.49427 ], [ -70.34939, -2.49622 ], [ -70.34671, -2.49774 ], [ -70.33961, -2.49855 ], [ -70.33365, -2.50198 ], [ -70.32817, -2.50901 ], [ -70.3224, -2.51073 ], [ -70.32409, -2.51853 ], [ -70.323, -2.5181 ], [ -70.3038, -2.51169 ], [ -70.30145, -2.51103 ], [ -70.29904, -2.5106 ], [ -70.29876, -2.51058 ], [ -70.29842, -2.51718 ], [ -70.30013, -2.52229 ], [ -70.30237, -2.52565 ], [ -70.30511, -2.52799 ], [ -70.31916, -2.53373 ], [ -70.33209, -2.53339 ], [ -70.3392, -2.53415 ], [ -70.34738, -2.53647 ], [ -70.3531, -2.53909 ], [ -70.35972, -2.54514 ], [ -70.3623, -2.55077 ], [ -70.36259, -2.55778 ], [ -70.36196, -2.56086 ], [ -70.35839, -2.56709 ], [ -70.35161, -2.57222 ], [ -70.33835, -2.57979 ], [ -70.33117, -2.58232 ], [ -70.3258, -2.58263 ], [ -70.31493, -2.58098 ], [ -70.30587, -2.57842 ], [ -70.29717, -2.57378 ], [ -70.28131, -2.56114 ], [ -70.26391, -2.55516 ], [ -70.26038, -2.55446 ], [ -70.2532, -2.55468 ], [ -70.24927, -2.55564 ], [ -70.24457, -2.55825 ], [ -70.24207, -2.56193 ], [ -70.23737, -2.57789 ], [ -70.2323, -2.58476 ], [ -70.23036, -2.59074 ], [ -70.22855, -2.61043 ], [ -70.22956, -2.61379 ], [ -70.22862, -2.61414 ], [ -70.22867, -2.6167 ], [ -70.22991, -2.61796 ], [ -70.23003, -2.61529 ], [ -70.23035, -2.61755 ], [ -70.23018, -2.62745 ], [ -70.22672, -2.64243 ], [ -70.22353, -2.6496 ], [ -70.21944, -2.65629 ], [ -70.20922, -2.66153 ], [ -70.20232, -2.66386 ], [ -70.19487, -2.66344 ], [ -70.19, -2.66117 ], [ -70.1869, -2.65781 ], [ -70.18189, -2.64614 ], [ -70.17938, -2.63474 ], [ -70.17828, -2.63325 ], [ -70.1765, -2.63295 ], [ -70.17274, -2.63454 ], [ -70.1697, -2.63715 ], [ -70.16556, -2.64273 ], [ -70.15912, -2.66052 ], [ -70.15833, -2.66448 ], [ -70.16042, -2.67175 ], [ -70.16432, -2.67882 ], [ -70.16865, -2.69383 ], [ -70.16787, -2.70297 ], [ -70.1668, -2.70581 ], [ -70.16484, -2.70719 ], [ -70.16363, -2.7093 ], [ -70.16259, -2.71339 ], [ -70.15859, -2.7149 ], [ -70.15596, -2.7169 ], [ -70.14851, -2.71789 ], [ -70.14306, -2.71645 ], [ -70.13876, -2.71422 ], [ -70.1326, -2.7064 ], [ -70.12146, -2.7043 ], [ -70.11664, -2.70187 ], [ -70.11328, -2.69916 ], [ -70.10657, -2.6881 ], [ -70.10403, -2.68175 ], [ -70.10326, -2.67722 ], [ -70.10416, -2.66589 ], [ -70.10336, -2.66391 ], [ -70.10132, -2.66216 ], [ -70.08251, -2.66149 ], [ -70.078, -2.66213 ], [ -70.07491, -2.66543 ], [ -70.07191, -2.67469 ], [ -70.07089, -2.68333 ], [ -70.07178, -2.69086 ], [ -70.07164, -2.70221 ], [ -70.07374, -2.71062 ], [ -70.07477, -2.71949 ], [ -70.07448, -2.72977 ], [ -70.07228, -2.74147 ], [ -70.06923, -2.75129 ], [ -70.06657, -2.75534 ], [ -70.06036, -2.75973 ], [ -70.0614, -2.76045 ], [ -70.06374, -2.76562 ], [ -70.0734, -2.79067 ], [ -70.0755, -2.79311 ], [ -70.08031, -2.79492 ], [ -70.21162, -3.00003 ], [ -70.33571, -3.19691 ], [ -70.71325, -3.79546 ], [ -70.70781, -3.79328 ], [ -70.70038, -3.79194 ], [ -70.69553, -3.79194 ], [ -70.6855, -3.79397 ], [ -70.68058, -3.79728 ], [ -70.67358, -3.80405 ], [ -70.65586, -3.82728 ], [ -70.65302, -3.82978 ], [ -70.64362, -3.83197 ], [ -70.628, -3.83243 ], [ -70.62547, -3.83436 ], [ -70.62268, -3.83902 ], [ -70.62076, -3.83989 ], [ -70.61643, -3.83977 ], [ -70.61298, -3.83827 ], [ -70.60423, -3.82798 ], [ -70.59029, -3.81881 ], [ -70.58522, -3.81695 ], [ -70.58094, -3.81635 ], [ -70.5797, -3.81672 ], [ -70.56293, -3.8255 ], [ -70.55776, -3.83099 ], [ -70.55461, -3.83666 ], [ -70.54929, -3.85116 ], [ -70.546, -3.85611 ], [ -70.54286, -3.86361 ], [ -70.5373, -3.87096 ], [ -70.5312, -3.87803 ], [ -70.52003, -3.88035 ], [ -70.48625, -3.87667 ], [ -70.46987, -3.87068 ], [ -70.44845, -3.85903 ], [ -70.42783, -3.84128 ], [ -70.41648, -3.8275 ], [ -70.40812, -3.82541 ], [ -70.39647, -3.82626 ], [ -70.3838, -3.82507 ], [ -70.37965, -3.82384 ], [ -70.37638, -3.82194 ], [ -70.35936, -3.80376 ], [ -70.35445, -3.80023 ], [ -70.34761, -3.80035 ], [ -70.30765, -3.81214 ], [ -70.2881, -3.82059 ], [ -70.27836, -3.82731 ], [ -70.27427, -3.83235 ], [ -70.27072, -3.83893 ], [ -70.26202, -3.86845 ], [ -70.25597, -3.88297 ], [ -70.24809, -3.89508 ], [ -70.23369, -3.90687 ], [ -70.2201, -3.91601 ], [ -70.21456, -3.91817 ], [ -70.19201, -3.92334 ], [ -70.19079, -3.92408 ], [ -70.181, -3.95179 ], [ -70.18033, -3.95399 ], [ -70.17987, -3.95624 ], [ -70.17454, -3.9902 ], [ -70.17334, -3.99394 ], [ -70.17638, -4.00878 ], [ -70.17658, -4.03512 ], [ -70.17406, -4.04237 ], [ -70.16745, -4.05151 ], [ -70.15863, -4.05686 ], [ -70.14517, -4.06133 ], [ -70.13359, -4.06347 ], [ -70.12068, -4.06452 ], [ -70.09804, -4.06305 ], [ -70.08901, -4.06505 ], [ -70.06493, -4.08091 ], [ -70.05603, -4.09073 ], [ -70.04514, -4.11842 ], [ -70.03388, -4.13215 ], [ -70.01686, -4.14338 ], [ -70.00427, -4.15972 ], [ -69.99663, -4.16799 ], [ -69.98896, -4.17925 ], [ -69.98742, -4.18397 ], [ -69.98285, -4.19012 ], [ -69.97562, -4.19518 ], [ -69.9691, -4.19747 ], [ -69.96121, -4.20702 ], [ -69.95693, -4.21075 ], [ -69.95043, -4.22319 ], [ -69.94984, -4.22941 ], [ -69.94251, -4.22559 ], [ -69.94122, -4.22342 ], [ -69.93579, -4.21951 ], [ -69.93322, -4.2197 ], [ -69.71422, -3.00261 ], [ -69.5349, -2.00257 ], [ -69.45168, -1.53891 ], [ -69.4509, -1.52732 ], [ -69.45402, -1.52055 ], [ -69.45559, -1.51508 ], [ -69.45624, -1.50896 ], [ -69.45624, -1.48865 ], [ -69.45083, -1.47842 ], [ -69.43771, -1.46473 ], [ -69.43566, -1.46131 ], [ -69.43267, -1.45276 ], [ -69.43266, -1.44409 ], [ -69.43472, -1.43057 ], [ -69.43566, -1.41152 ], [ -69.43468, -1.40438 ], [ -69.43031, -1.39216 ], [ -69.42335, -1.37967 ], [ -69.4171, -1.37485 ], [ -69.40299, -1.36887 ], [ -69.39886, -1.3661 ], [ -69.39748, -1.3609 ], [ -69.39816, -1.35397 ], [ -69.40264, -1.34426 ], [ -69.40779, -1.32761 ], [ -69.40943, -1.31355 ], [ -69.40711, -1.29338 ], [ -69.40862, -1.28107 ], [ -69.41407, -1.26866 ], [ -69.42186, -1.25701 ], [ -69.42827, -1.24161 ], [ -69.42974, -1.23515 ], [ -69.42995, -1.21843 ], [ -69.42843, -1.21236 ], [ -69.42558, -1.20567 ], [ -69.41906, -1.19487 ], [ -69.41548, -1.18515 ], [ -69.41351, -1.15892 ], [ -69.41216, -1.15329 ], [ -69.40822, -1.14671 ], [ -69.40018, -1.14332 ], [ -69.39613, -1.13672 ], [ -69.3955, -1.122 ], [ -69.39927, -1.11243 ], [ -69.40715, -1.10005 ], [ -69.42178, -1.08069 ], [ -69.42791, -1.0745 ], [ -69.43315, -1.07124 ], [ -69.43297, -1.06949 ], [ -69.43281, -1.06758 ], [ -69.43078, -1.06657 ], [ -69.42634, -1.07152 ], [ -69.422, -1.07186 ], [ -69.42037, -1.06994 ], [ -69.41981, -1.0682 ], [ -69.42324, -1.06792 ], [ -69.42679, -1.0664 ], [ -69.42988, -1.06268 ], [ -69.43056, -1.06077 ], [ -69.42865, -1.06004 ], [ -69.42729, -1.06111 ], [ -69.42561, -1.06088 ], [ -69.42589, -1.0561 ], [ -69.42288, -1.04871 ], [ -69.41923, -1.04647 ], [ -69.41838, -1.04427 ], [ -69.42017, -1.04288 ], [ -69.42269, -1.04591 ], [ -69.42448, -1.04642 ], [ -69.42887, -1.04321 ], [ -69.42842, -1.03617 ], [ -69.42966, -1.03471 ], [ -69.43056, -1.03938 ], [ -69.43247, -1.04113 ], [ -69.43416, -1.03972 ], [ -69.43168, -1.03702 ], [ -69.43197, -1.03561 ], [ -69.43467, -1.03623 ], [ -69.43714, -1.0341 ], [ -69.44262, -1.03401 ], [ -69.44312, -1.03278 ], [ -69.44259, -1.03023 ], [ -69.44508, -1.02301 ], [ -69.44294, -1.02239 ], [ -69.44097, -1.02486 ], [ -69.44007, -1.02785 ], [ -69.43878, -1.02891 ], [ -69.43703, -1.02846 ], [ -69.43669, -1.02756 ], [ -69.43849, -1.02514 ], [ -69.43878, -1.02329 ], [ -69.43281, -1.02199 ], [ -69.4314, -1.01952 ], [ -69.43208, -1.01817 ], [ -69.43489, -1.01681 ], [ -69.43478, -1.01456 ], [ -69.4336, -1.01406 ], [ -69.42999, -1.0155 ], [ -69.42615, -1.01373 ], [ -69.42326, -1.01414 ], [ -69.4214, -1.01329 ], [ -69.41987, -1.01107 ], [ -69.42335, -1.00972 ], [ -69.42639, -1.01152 ], [ -69.4287, -1.01152 ], [ -69.43225, -1.00927 ], [ -69.43208, -1.00601 ], [ -69.42898, -1.00393 ], [ -69.42431, -1.00764 ], [ -69.42161, -1.00764 ], [ -69.41998, -1.0068 ], [ -69.41885, -1.00578 ], [ -69.41818, -1.00303 ], [ -69.41863, -0.99807 ], [ -69.42009, -0.99757 ], [ -69.42127, -0.99834 ], [ -69.42366, -1.0024 ], [ -69.4259, -1.00262 ], [ -69.42735, -1.00042 ], [ -69.42936, -0.99969 ], [ -69.43188, -1.00315 ], [ -69.43475, -1.00407 ], [ -69.43601, -1.00282 ], [ -69.43456, -0.99809 ], [ -69.43703, -0.99143 ], [ -69.43855, -0.99048 ], [ -69.44142, -0.99138 ], [ -69.44924, -0.99695 ], [ -69.4511, -0.99655 ], [ -69.45448, -0.99053 ], [ -69.45628, -0.99081 ], [ -69.45797, -0.99391 ], [ -69.45909, -0.9938 ], [ -69.4596, -0.99267 ], [ -69.45892, -0.98901 ], [ -69.45949, -0.98817 ], [ -69.4645, -0.98746 ], [ -69.46728, -0.98274 ], [ -69.46698, -0.98093 ], [ -69.46418, -0.98039 ], [ -69.46384, -0.97943 ], [ -69.46503, -0.97649 ], [ -69.46475, -0.97278 ], [ -69.46424, -0.97114 ], [ -69.46241, -0.96954 ], [ -69.4623, -0.96768 ], [ -69.46292, -0.96673 ], [ -69.4686, -0.96549 ], [ -69.4695, -0.96222 ], [ -69.4708, -0.96098 ], [ -69.47131, -0.95766 ], [ -69.47266, -0.95766 ], [ -69.47401, -0.95941 ], [ -69.47553, -0.95913 ], [ -69.47637, -0.95654 ], [ -69.48025, -0.95575 ], [ -69.48084, -0.95442 ], [ -69.48021, -0.95222 ], [ -69.4859, -0.94787 ], [ -69.48792, -0.94812 ], [ -69.48993, -0.95241 ], [ -69.49239, -0.95282 ], [ -69.4927, -0.95165 ], [ -69.49089, -0.94725 ], [ -69.49179, -0.94449 ], [ -69.49382, -0.94427 ], [ -69.49669, -0.94905 ], [ -69.4995, -0.94945 ], [ -69.50046, -0.94832 ], [ -69.49714, -0.94607 ], [ -69.49686, -0.94359 ], [ -69.49798, -0.94269 ], [ -69.50023, -0.94252 ], [ -69.50294, -0.93971 ], [ -69.50709, -0.94035 ], [ -69.50838, -0.93959 ], [ -69.50753, -0.93594 ], [ -69.51033, -0.93449 ], [ -69.50926, -0.9293 ], [ -69.51008, -0.92744 ], [ -69.5116, -0.92716 ], [ -69.51188, -0.93104 ], [ -69.51391, -0.93239 ], [ -69.51571, -0.93251 ], [ -69.51836, -0.93132 ], [ -69.51768, -0.9266 ], [ -69.51909, -0.9244 ], [ -69.52117, -0.92457 ], [ -69.5228, -0.92626 ], [ -69.52505, -0.92682 ], [ -69.52826, -0.92446 ], [ -69.52809, -0.92328 ], [ -69.52483, -0.92288 ], [ -69.52359, -0.92125 ], [ -69.52427, -0.9199 ], [ -69.52861, -0.91911 ], [ -69.52938, -0.91689 ], [ -69.52935, -0.91176 ], [ -69.5267, -0.90855 ], [ -69.52911, -0.90521 ], [ -69.53333, -0.90639 ], [ -69.53473, -0.90544 ], [ -69.53473, -0.90425 ], [ -69.53316, -0.90178 ], [ -69.53102, -0.90065 ], [ -69.52899, -0.90054 ], [ -69.52263, -0.90234 ], [ -69.52078, -0.89986 ], [ -69.521, -0.89818 ], [ -69.52764, -0.89806 ], [ -69.53113, -0.89469 ], [ -69.52978, -0.89379 ], [ -69.52685, -0.89564 ], [ -69.52167, -0.8924 ], [ -69.52447, -0.89168 ], [ -69.52516, -0.89048 ], [ -69.52236, -0.88762 ], [ -69.52252, -0.88585 ], [ -69.52485, -0.88267 ], [ -69.5295, -0.88056 ], [ -69.53029, -0.8791 ], [ -69.52984, -0.87775 ], [ -69.5259, -0.87673 ], [ -69.52348, -0.87521 ], [ -69.52443, -0.87459 ], [ -69.53006, -0.87555 ], [ -69.53214, -0.87358 ], [ -69.53181, -0.87178 ], [ -69.53051, -0.87133 ], [ -69.52798, -0.87398 ], [ -69.5264, -0.87386 ], [ -69.52579, -0.87313 ], [ -69.52567, -0.8688 ], [ -69.52708, -0.86767 ], [ -69.53046, -0.86795 ], [ -69.53136, -0.86728 ], [ -69.53117, -0.86155 ], [ -69.53401, -0.85862 ], [ -69.5353, -0.85938 ], [ -69.53426, -0.86344 ], [ -69.5353, -0.86678 ], [ -69.53668, -0.86659 ], [ -69.5382, -0.86334 ], [ -69.53807, -0.85922 ], [ -69.53899, -0.85834 ], [ -69.54075, -0.85804 ], [ -69.54277, -0.86164 ], [ -69.54513, -0.86165 ], [ -69.5474, -0.85811 ], [ -69.54966, -0.85644 ], [ -69.54849, -0.85418 ], [ -69.54898, -0.85124 ], [ -69.55015, -0.8505 ], [ -69.55305, -0.85204 ], [ -69.55542, -0.8518 ], [ -69.55623, -0.85031 ], [ -69.55629, -0.84581 ], [ -69.55733, -0.84477 ], [ -69.559, -0.84487 ], [ -69.5629, -0.84718 ], [ -69.56541, -0.8468 ], [ -69.56809, -0.84461 ], [ -69.57019, -0.84031 ], [ -69.57332, -0.83866 ], [ -69.57319, -0.83235 ], [ -69.56915, -0.83246 ], [ -69.56739, -0.83164 ], [ -69.562, -0.82621 ], [ -69.56044, -0.82138 ], [ -69.55832, -0.8186 ], [ -69.5628, -0.81202 ], [ -69.56493, -0.81091 ], [ -69.56384, -0.80905 ], [ -69.5645, -0.80671 ], [ -69.56585, -0.80654 ], [ -69.56821, -0.80449 ], [ -69.56998, -0.80454 ], [ -69.57041, -0.8062 ], [ -69.56875, -0.80801 ], [ -69.56898, -0.80948 ], [ -69.57533, -0.80946 ], [ -69.57598, -0.80788 ], [ -69.575, -0.80635 ], [ -69.57504, -0.80226 ], [ -69.574, -0.8001 ], [ -69.57451, -0.79892 ], [ -69.57642, -0.7986 ], [ -69.5767, -0.80164 ], [ -69.57813, -0.80326 ], [ -69.58051, -0.80272 ], [ -69.58108, -0.80167 ], [ -69.5787, -0.80062 ], [ -69.57898, -0.79895 ], [ -69.58339, -0.80053 ], [ -69.58322, -0.79461 ], [ -69.58652, -0.79398 ], [ -69.58678, -0.7918 ], [ -69.58902, -0.78918 ], [ -69.58764, -0.7884 ], [ -69.58591, -0.78911 ], [ -69.58413, -0.78831 ], [ -69.58447, -0.78702 ], [ -69.58622, -0.7871 ], [ -69.58661, -0.78639 ], [ -69.5855, -0.78289 ], [ -69.58618, -0.78136 ], [ -69.58984, -0.78371 ], [ -69.59175, -0.7822 ], [ -69.59306, -0.78229 ], [ -69.59477, -0.78475 ], [ -69.59697, -0.78445 ], [ -69.5988, -0.78549 ], [ -69.60032, -0.78539 ], [ -69.60156, -0.78425 ], [ -69.60179, -0.78229 ], [ -69.59899, -0.78395 ], [ -69.59766, -0.78335 ], [ -69.59761, -0.78111 ], [ -69.59649, -0.7791 ], [ -69.59801, -0.77796 ], [ -69.59889, -0.78013 ], [ -69.59983, -0.78028 ], [ -69.60226, -0.77769 ], [ -69.60243, -0.77508 ], [ -69.60052, -0.77417 ], [ -69.5999, -0.77299 ], [ -69.60291, -0.77119 ], [ -69.60289, -0.76748 ], [ -69.6044, -0.76741 ], [ -69.60519, -0.77025 ], [ -69.60666, -0.77055 ], [ -69.60699, -0.76741 ], [ -69.61074, -0.76672 ], [ -69.61207, -0.76542 ], [ -69.61164, -0.76389 ], [ -69.60973, -0.76264 ], [ -69.61044, -0.75879 ], [ -69.60689, -0.75778 ], [ -69.60624, -0.75501 ], [ -69.60705, -0.75393 ], [ -69.60794, -0.75417 ], [ -69.60849, -0.75677 ], [ -69.6101, -0.75702 ], [ -69.61192, -0.75439 ], [ -69.61332, -0.75458 ], [ -69.61584, -0.7575 ], [ -69.61869, -0.75755 ], [ -69.61987, -0.75577 ], [ -69.61723, -0.7556 ], [ -69.61554, -0.75394 ], [ -69.61661, -0.7493 ], [ -69.61523, -0.74585 ], [ -69.6188, -0.74282 ], [ -69.62001, -0.74334 ], [ -69.62205, -0.74716 ], [ -69.62461, -0.74728 ], [ -69.6256, -0.74565 ], [ -69.62224, -0.74121 ], [ -69.61623, -0.73728 ], [ -69.61786, -0.73584 ], [ -69.62168, -0.73766 ], [ -69.6242, -0.73666 ], [ -69.62419, -0.73547 ], [ -69.62232, -0.73363 ], [ -69.6238, -0.73075 ], [ -69.62371, -0.72889 ], [ -69.6216, -0.72759 ], [ -69.62063, -0.73164 ], [ -69.61935, -0.73221 ], [ -69.6168, -0.72742 ], [ -69.61419, -0.72671 ], [ -69.60902, -0.72696 ], [ -69.60779, -0.72594 ], [ -69.60779, -0.72448 ], [ -69.61068, -0.72403 ], [ -69.61281, -0.72085 ], [ -69.61572, -0.72053 ], [ -69.61617, -0.71899 ], [ -69.61182, -0.71719 ], [ -69.6095, -0.71735 ], [ -69.6088, -0.72134 ], [ -69.607, -0.72192 ], [ -69.60558, -0.72092 ], [ -69.60313, -0.71668 ], [ -69.60318, -0.71539 ], [ -69.6043, -0.71438 ], [ -69.60749, -0.71383 ], [ -69.60866, -0.7119 ], [ -69.60617, -0.70937 ], [ -69.6032, -0.71246 ], [ -69.60206, -0.71296 ], [ -69.60155, -0.71243 ], [ -69.60149, -0.71067 ], [ -69.60289, -0.70833 ], [ -69.6023, -0.70733 ], [ -69.60038, -0.70666 ], [ -69.59969, -0.70494 ], [ -69.60156, -0.70344 ], [ -69.60195, -0.70151 ], [ -69.59774, -0.6992 ], [ -69.59884, -0.69778 ], [ -69.60206, -0.69861 ], [ -69.60253, -0.69632 ], [ -69.60178, -0.69533 ], [ -69.60001, -0.69588 ], [ -69.59682, -0.69539 ], [ -69.59552, -0.69359 ], [ -69.59584, -0.69218 ], [ -69.59819, -0.69245 ], [ -69.59911, -0.69178 ], [ -69.59961, -0.68973 ], [ -69.59905, -0.68788 ], [ -69.59732, -0.68716 ], [ -69.59564, -0.69072 ], [ -69.593, -0.69156 ], [ -69.59196, -0.68963 ], [ -69.59471, -0.68803 ], [ -69.595, -0.68505 ], [ -69.59387, -0.68486 ], [ -69.59263, -0.68676 ], [ -69.59144, -0.6871 ], [ -69.5886, -0.68205 ], [ -69.58461, -0.68182 ], [ -69.58251, -0.68092 ], [ -69.58284, -0.6766 ], [ -69.58512, -0.67185 ], [ -69.58404, -0.67066 ], [ -69.58254, -0.6704 ], [ -69.58015, -0.67261 ], [ -69.57906, -0.67248 ], [ -69.57872, -0.67006 ], [ -69.57661, -0.66844 ], [ -69.57579, -0.66674 ], [ -69.5768, -0.66529 ], [ -69.57893, -0.66687 ], [ -69.5802, -0.6667 ], [ -69.58172, -0.66073 ], [ -69.57974, -0.66034 ], [ -69.57698, -0.66243 ], [ -69.57355, -0.66181 ], [ -69.57331, -0.65976 ], [ -69.57603, -0.66112 ], [ -69.57748, -0.65954 ], [ -69.5773, -0.6586 ], [ -69.57496, -0.65797 ], [ -69.57417, -0.65685 ], [ -69.57383, -0.65257 ], [ -69.57541, -0.65113 ], [ -69.57543, -0.6501 ], [ -69.5735, -0.65054 ], [ -69.57205, -0.64987 ], [ -69.57178, -0.64863 ], [ -69.57322, -0.64732 ], [ -69.57134, -0.64556 ], [ -69.57012, -0.64256 ], [ -69.56855, -0.64191 ], [ -69.56562, -0.64287 ], [ -69.56346, -0.64076 ], [ -69.56333, -0.63836 ], [ -69.56199, -0.63672 ], [ -69.56436, -0.6351 ], [ -69.56756, -0.63095 ], [ -69.57118, -0.63332 ], [ -69.57293, -0.63272 ], [ -69.57459, -0.63046 ], [ -69.57577, -0.62795 ], [ -69.57462, -0.62762 ], [ -69.57225, -0.62857 ], [ -69.57187, -0.62701 ], [ -69.57348, -0.62591 ], [ -69.57342, -0.62476 ], [ -69.56968, -0.62368 ], [ -69.56903, -0.6222 ], [ -69.57005, -0.6214 ], [ -69.57195, -0.62178 ], [ -69.57276, -0.62094 ], [ -69.57272, -0.61881 ], [ -69.57611, -0.61685 ], [ -69.57783, -0.6144 ], [ -69.57876, -0.61455 ], [ -69.57893, -0.61708 ], [ -69.58157, -0.61898 ], [ -69.58367, -0.61934 ], [ -69.58623, -0.6182 ], [ -69.58653, -0.6164 ], [ -69.58372, -0.61596 ], [ -69.58269, -0.61455 ], [ -69.58558, -0.61001 ], [ -69.59053, -0.60698 ], [ -69.59066, -0.60572 ], [ -69.58867, -0.60485 ], [ -69.58863, -0.60228 ], [ -69.59325, -0.60182 ], [ -69.59482, -0.59885 ], [ -69.5981, -0.59851 ], [ -69.59875, -0.59563 ], [ -69.59975, -0.59541 ], [ -69.60122, -0.59671 ], [ -69.60348, -0.59566 ], [ -69.60297, -0.59375 ], [ -69.60376, -0.59005 ], [ -69.60076, -0.58946 ], [ -69.59991, -0.58654 ], [ -69.59753, -0.58462 ], [ -69.59486, -0.57939 ], [ -69.59508, -0.57818 ], [ -69.5967, -0.57827 ], [ -69.5978, -0.57737 ], [ -69.59508, -0.57604 ], [ -69.59451, -0.57441 ], [ -69.59645, -0.56584 ], [ -69.59571, -0.56499 ], [ -69.59299, -0.56507 ], [ -69.59333, -0.56328 ], [ -69.59154, -0.56096 ], [ -69.59312, -0.56049 ], [ -69.59195, -0.55924 ], [ -69.59242, -0.55758 ], [ -69.59679, -0.55777 ], [ -69.59265, -0.55436 ], [ -69.59277, -0.55348 ], [ -69.594, -0.55323 ], [ -69.59473, -0.55106 ], [ -69.59623, -0.55093 ], [ -69.59673, -0.55414 ], [ -69.59745, -0.55445 ], [ -69.59718, -0.55252 ], [ -69.599, -0.55267 ], [ -69.5999, -0.55144 ], [ -69.59844, -0.54807 ], [ -69.60061, -0.54834 ], [ -69.60177, -0.54946 ], [ -69.60352, -0.54745 ], [ -69.60305, -0.54666 ], [ -69.60198, -0.54732 ], [ -69.60068, -0.54599 ], [ -69.59925, -0.54583 ], [ -69.5989, -0.54481 ], [ -69.60034, -0.54474 ], [ -69.60288, -0.54183 ], [ -69.60592, -0.54187 ], [ -69.60348, -0.54023 ], [ -69.60455, -0.53843 ], [ -69.60587, -0.53847 ], [ -69.60567, -0.54021 ], [ -69.60801, -0.54047 ], [ -69.60911, -0.53789 ], [ -69.61119, -0.53793 ], [ -69.6112, -0.53556 ], [ -69.61441, -0.53437 ], [ -69.61239, -0.53121 ], [ -69.61445, -0.52871 ], [ -69.61348, -0.52809 ], [ -69.61176, -0.52403 ], [ -69.61295, -0.52351 ], [ -69.6133, -0.52474 ], [ -69.61493, -0.52396 ], [ -69.61484, -0.52308 ], [ -69.61208, -0.52218 ], [ -69.61263, -0.52106 ], [ -69.6137, -0.52115 ], [ -69.61476, -0.52006 ], [ -69.61208, -0.51928 ], [ -69.61339, -0.51802 ], [ -69.61301, -0.51673 ], [ -69.61128, -0.51739 ], [ -69.61006, -0.51479 ], [ -69.60892, -0.51577 ], [ -69.60793, -0.51525 ], [ -69.60874, -0.51364 ], [ -69.61021, -0.51391 ], [ -69.61074, -0.51181 ], [ -69.60865, -0.51101 ], [ -69.6098, -0.50883 ], [ -69.60711, -0.50831 ], [ -69.60763, -0.50722 ], [ -69.6084, -0.50816 ], [ -69.6093, -0.50751 ], [ -69.60999, -0.50594 ], [ -69.60883, -0.50538 ], [ -69.60771, -0.50606 ], [ -69.60704, -0.50525 ], [ -69.61162, -0.50253 ], [ -69.61087, -0.50127 ], [ -69.60867, -0.50159 ], [ -69.60849, -0.50059 ], [ -69.6101, -0.50027 ], [ -69.61191, -0.49794 ], [ -69.61212, -0.4998 ], [ -69.61484, -0.50109 ], [ -69.61449, -0.49828 ], [ -69.61661, -0.49974 ], [ -69.61766, -0.49915 ], [ -69.61786, -0.49707 ], [ -69.62051, -0.49588 ], [ -69.62102, -0.4964 ], [ -69.61939, -0.4986 ], [ -69.62089, -0.49908 ], [ -69.62257, -0.49786 ], [ -69.62383, -0.50033 ], [ -69.62466, -0.50046 ], [ -69.62496, -0.49971 ], [ -69.62359, -0.49834 ], [ -69.6239, -0.49747 ], [ -69.62646, -0.49764 ], [ -69.62725, -0.49684 ], [ -69.62695, -0.49565 ], [ -69.62542, -0.49543 ], [ -69.62547, -0.49453 ], [ -69.62714, -0.49481 ], [ -69.62819, -0.49381 ], [ -69.62993, -0.49459 ], [ -69.63171, -0.49183 ], [ -69.63289, -0.49186 ], [ -69.63312, -0.49265 ], [ -69.63198, -0.49375 ], [ -69.63416, -0.49619 ], [ -69.63498, -0.49594 ], [ -69.636, -0.49323 ], [ -69.636, -0.49112 ], [ -69.63716, -0.49343 ], [ -69.63934, -0.49167 ], [ -69.64017, -0.49339 ], [ -69.64125, -0.49365 ], [ -69.64123, -0.49128 ], [ -69.6428, -0.49056 ], [ -69.64336, -0.48939 ], [ -69.63996, -0.48776 ], [ -69.64082, -0.48684 ], [ -69.6436, -0.487 ], [ -69.64432, -0.48237 ], [ -69.64228, -0.48096 ], [ -69.64234, -0.48021 ], [ -69.64552, -0.47997 ], [ -69.64597, -0.47757 ], [ -69.64759, -0.47806 ], [ -69.6499, -0.4762 ], [ -69.65321, -0.47636 ], [ -69.65324, -0.47447 ], [ -69.65584, -0.47395 ], [ -69.65498, -0.47155 ], [ -69.65553, -0.47059 ], [ -69.65651, -0.47087 ], [ -69.65699, -0.47226 ], [ -69.6582, -0.47238 ], [ -69.65812, -0.4707 ], [ -69.66106, -0.46948 ], [ -69.66217, -0.4666 ], [ -69.6631, -0.46657 ], [ -69.66334, -0.46997 ], [ -69.66439, -0.47021 ], [ -69.66479, -0.46866 ], [ -69.66633, -0.46808 ], [ -69.66491, -0.46697 ], [ -69.66645, -0.46437 ], [ -69.66693, -0.46495 ], [ -69.66592, -0.46608 ], [ -69.66627, -0.46683 ], [ -69.66759, -0.46681 ], [ -69.66891, -0.46568 ], [ -69.6699, -0.46798 ], [ -69.67071, -0.4667 ], [ -69.67342, -0.46689 ], [ -69.67347, -0.46426 ], [ -69.67428, -0.46361 ], [ -69.67431, -0.46634 ], [ -69.67543, -0.46665 ], [ -69.67603, -0.46419 ], [ -69.67784, -0.46504 ], [ -69.67865, -0.46707 ], [ -69.67964, -0.46736 ], [ -69.67975, -0.46496 ], [ -69.68202, -0.46487 ], [ -69.68262, -0.46379 ], [ -69.68105, -0.46222 ], [ -69.68128, -0.46056 ], [ -69.68454, -0.46316 ], [ -69.68605, -0.46335 ], [ -69.68638, -0.46225 ], [ -69.68407, -0.46192 ], [ -69.68381, -0.46126 ], [ -69.68762, -0.45799 ], [ -69.69258, -0.4558 ], [ -69.69364, -0.45923 ], [ -69.69498, -0.45937 ], [ -69.69417, -0.45746 ], [ -69.6963, -0.45754 ], [ -69.69661, -0.4569 ], [ -69.696, -0.45563 ], [ -69.69361, -0.45451 ], [ -69.69348, -0.45351 ], [ -69.69499, -0.45339 ], [ -69.69614, -0.4551 ], [ -69.69771, -0.45508 ], [ -69.69655, -0.45071 ], [ -69.69997, -0.4513 ], [ -69.69959, -0.45401 ], [ -69.70307, -0.45358 ], [ -69.70494, -0.45497 ], [ -69.70554, -0.45462 ], [ -69.70495, -0.4528 ], [ -69.7064, -0.45034 ], [ -69.70953, -0.45443 ], [ -69.71058, -0.45387 ], [ -69.71064, -0.45234 ], [ -69.71196, -0.45064 ], [ -69.71148, -0.44801 ], [ -69.71327, -0.44799 ], [ -69.71269, -0.44977 ], [ -69.71479, -0.45105 ], [ -69.71675, -0.44823 ], [ -69.72021, -0.44941 ], [ -69.7194, -0.44711 ], [ -69.71984, -0.44311 ], [ -69.72173, -0.44754 ], [ -69.72243, -0.44735 ], [ -69.72258, -0.44206 ], [ -69.72435, -0.44395 ], [ -69.72374, -0.4457 ], [ -69.72688, -0.446 ], [ -69.72725, -0.44531 ], [ -69.72519, -0.44453 ], [ -69.72649, -0.44353 ], [ -69.72604, -0.44212 ], [ -69.72836, -0.4435 ], [ -69.7278, -0.44097 ], [ -69.7315, -0.43994 ], [ -69.73132, -0.43775 ], [ -69.73231, -0.43747 ], [ -69.73411, -0.43846 ], [ -69.73609, -0.43704 ], [ -69.73709, -0.43782 ], [ -69.73855, -0.43518 ], [ -69.73821, -0.43289 ], [ -69.73916, -0.43213 ], [ -69.7395, -0.43392 ], [ -69.7402, -0.43387 ], [ -69.73974, -0.43026 ], [ -69.74292, -0.42811 ], [ -69.74156, -0.42673 ], [ -69.742, -0.42539 ], [ -69.74093, -0.42433 ], [ -69.74174, -0.42188 ], [ -69.74272, -0.42185 ], [ -69.74328, -0.42395 ], [ -69.74454, -0.42491 ], [ -69.74456, -0.41997 ], [ -69.74534, -0.42002 ], [ -69.74644, -0.4227 ], [ -69.74721, -0.42245 ], [ -69.74678, -0.42025 ], [ -69.74972, -0.42054 ], [ -69.74875, -0.41963 ], [ -69.74976, -0.41807 ], [ -69.74894, -0.41544 ], [ -69.74961, -0.41463 ], [ -69.75131, -0.41602 ], [ -69.75117, -0.41283 ], [ -69.7528, -0.41478 ], [ -69.7519, -0.4115 ], [ -69.75304, -0.4115 ], [ -69.75422, -0.41406 ], [ -69.75523, -0.41405 ], [ -69.75547, -0.41126 ], [ -69.75367, -0.40842 ], [ -69.75547, -0.40812 ], [ -69.7562, -0.40607 ], [ -69.75778, -0.40724 ], [ -69.76193, -0.40284 ], [ -69.76393, -0.40249 ], [ -69.76377, -0.40437 ], [ -69.76528, -0.40414 ], [ -69.76643, -0.40264 ], [ -69.76656, -0.4007 ], [ -69.76829, -0.39982 ], [ -69.76938, -0.39789 ], [ -69.77207, -0.39795 ], [ -69.77115, -0.3958 ], [ -69.77178, -0.39455 ], [ -69.77514, -0.39499 ], [ -69.77524, -0.39406 ], [ -69.77341, -0.39357 ], [ -69.77439, -0.39129 ], [ -69.77514, -0.39287 ], [ -69.77633, -0.39158 ], [ -69.77887, -0.39188 ], [ -69.77792, -0.39356 ], [ -69.77961, -0.39432 ], [ -69.78011, -0.39575 ], [ -69.78393, -0.39288 ], [ -69.78563, -0.39462 ], [ -69.78793, -0.3926 ], [ -69.79001, -0.39258 ], [ -69.79394, -0.38858 ], [ -69.79414, -0.38628 ], [ -69.79259, -0.38536 ], [ -69.7923, -0.38394 ], [ -69.79766, -0.38276 ], [ -69.79988, -0.38123 ], [ -69.80204, -0.38123 ], [ -69.80547, -0.37838 ], [ -69.80758, -0.37532 ], [ -69.81161, -0.37255 ], [ -69.81384, -0.37347 ], [ -69.81669, -0.37207 ], [ -69.81908, -0.37358 ], [ -69.82145, -0.37291 ], [ -69.82365, -0.37429 ], [ -69.82481, -0.3732 ], [ -69.82634, -0.37312 ], [ -69.82728, -0.37354 ], [ -69.82757, -0.37523 ], [ -69.82912, -0.37547 ], [ -69.8289, -0.374 ], [ -69.83108, -0.37241 ], [ -69.83071, -0.37047 ], [ -69.82911, -0.36877 ], [ -69.83025, -0.36744 ], [ -69.82904, -0.36658 ], [ -69.82948, -0.36288 ], [ -69.83058, -0.36187 ], [ -69.83037, -0.36062 ], [ -69.83124, -0.35936 ], [ -69.83253, -0.35868 ], [ -69.83309, -0.35403 ], [ -69.83515, -0.35333 ], [ -69.83525, -0.35146 ], [ -69.8363, -0.3508 ], [ -69.83544, -0.34926 ], [ -69.83646, -0.34809 ], [ -69.83782, -0.34853 ], [ -69.83701, -0.34533 ], [ -69.8377, -0.343 ], [ -69.83939, -0.34153 ], [ -69.84096, -0.3416 ], [ -69.8417, -0.34292 ], [ -69.84278, -0.34207 ], [ -69.84484, -0.33757 ], [ -69.8476, -0.33786 ], [ -69.84926, -0.33698 ], [ -69.84964, -0.33849 ], [ -69.85124, -0.33842 ], [ -69.85159, -0.33973 ], [ -69.85272, -0.33941 ], [ -69.85269, -0.33801 ], [ -69.85433, -0.33802 ], [ -69.85458, -0.33976 ], [ -69.85579, -0.33913 ], [ -69.85576, -0.34024 ], [ -69.85664, -0.34039 ], [ -69.85824, -0.33943 ], [ -69.85888, -0.34079 ], [ -69.85961, -0.34044 ], [ -69.85997, -0.33811 ], [ -69.86092, -0.33959 ], [ -69.86275, -0.33848 ], [ -69.86362, -0.33987 ], [ -69.86515, -0.33888 ], [ -69.86601, -0.33985 ], [ -69.86726, -0.3395 ], [ -69.86804, -0.34026 ], [ -69.86903, -0.33929 ], [ -69.86986, -0.34002 ], [ -69.87054, -0.33923 ], [ -69.8738, -0.33926 ], [ -69.87572, -0.33742 ], [ -69.87883, -0.33781 ], [ -69.88112, -0.33656 ], [ -69.88045, -0.33475 ], [ -69.88233, -0.33406 ], [ -69.88429, -0.33472 ], [ -69.88527, -0.33704 ], [ -69.88725, -0.33574 ], [ -69.88699, -0.33809 ], [ -69.88896, -0.33911 ], [ -69.88775, -0.34057 ], [ -69.88963, -0.34182 ], [ -69.89285, -0.33901 ], [ -69.89613, -0.33917 ], [ -69.89611, -0.33779 ], [ -69.89807, -0.33685 ], [ -69.89809, -0.33845 ], [ -69.89912, -0.33732 ], [ -69.90015, -0.33819 ], [ -69.90159, -0.33761 ], [ -69.90201, -0.33631 ], [ -69.90371, -0.33513 ], [ -69.90523, -0.33544 ], [ -69.90828, -0.3335 ], [ -69.90783, -0.33183 ], [ -69.90944, -0.33158 ], [ -69.91005, -0.33068 ], [ -69.91229, -0.33061 ], [ -69.91188, -0.32867 ], [ -69.91604, -0.32652 ], [ -69.91826, -0.32691 ], [ -69.92073, -0.32562 ], [ -69.92283, -0.32245 ], [ -69.92449, -0.31726 ], [ -69.92607, -0.31775 ], [ -69.92641, -0.31695 ], [ -69.92943, -0.31618 ], [ -69.92813, -0.31395 ], [ -69.92963, -0.31321 ], [ -69.92964, -0.31009 ], [ -69.9306, -0.31148 ], [ -69.93119, -0.30982 ], [ -69.93342, -0.30822 ], [ -69.93276, -0.30544 ], [ -69.93547, -0.30497 ], [ -69.93612, -0.30138 ], [ -69.937, -0.30037 ], [ -69.93703, -0.29827 ], [ -69.93559, -0.29643 ], [ -69.93613, -0.29418 ], [ -69.93854, -0.29309 ], [ -69.94283, -0.29456 ], [ -69.94556, -0.29382 ], [ -69.94775, -0.29162 ], [ -69.94902, -0.28753 ], [ -69.95195, -0.28381 ], [ -69.95214, -0.28217 ], [ -69.95087, -0.2793 ], [ -69.95493, -0.27675 ], [ -69.9591, -0.27602 ], [ -69.9631, -0.27396 ], [ -69.96443, -0.27008 ], [ -69.966, -0.2711 ], [ -69.96984, -0.26843 ], [ -69.97235, -0.26469 ], [ -69.97473, -0.26296 ], [ -69.97803, -0.25777 ], [ -69.97843, -0.25297 ], [ -69.98144, -0.24879 ], [ -69.98197, -0.24684 ], [ -69.98442, -0.24477 ], [ -69.98972, -0.2441 ], [ -69.99307, -0.24124 ], [ -69.99348, -0.23928 ], [ -69.99265, -0.23581 ], [ -69.99385, -0.23224 ], [ -69.99672, -0.22669 ], [ -69.99868, -0.2253 ], [ -70.00006, -0.2229 ], [ -70.01475, -0.21263 ], [ -70.02715, -0.20668 ], [ -70.02943, -0.20312 ], [ -70.03351, -0.20036 ], [ -70.03412, -0.19792 ], [ -70.04085, -0.19512 ], [ -70.04288, -0.1958 ], [ -70.04518, -0.19487 ], [ -70.04615, -0.19408 ], [ -70.04747, -0.1897 ], [ -70.04873, -0.18935 ], [ -70.04909, -0.19076 ], [ -70.05044, -0.19114 ], [ -70.05174, -0.1895 ], [ -70.0533, -0.18924 ], [ -70.05518, -0.1865 ], [ -70.05517, -0.18474 ], [ -70.05671, -0.18311 ], [ -70.05799, -0.17821 ], [ -70.0589, -0.17754 ], [ -70.05847, -0.17601 ], [ -70.05963, -0.17463 ], [ -70.05901, -0.17314 ], [ -70.05937, -0.17132 ], [ -70.06524, -0.16424 ], [ -70.06414, -0.16093 ], [ -70.06139, -0.15888 ], [ -70.06054, -0.15618 ], [ -70.0585, -0.15474 ], [ -70.05897, -0.15259 ], [ -70.05677, -0.14823 ], [ -70.05556, -0.1478 ], [ -70.05529, -0.14671 ], [ -70.05309, -0.14731 ], [ -70.05065, -0.14479 ], [ -70.04933, -0.14117 ], [ -70.04996, -0.13864 ], [ -70.0464, -0.13178 ], [ -70.04756, -0.12865 ], [ -70.04334, -0.12495 ], [ -70.04268, -0.12288 ], [ -70.04299, -0.12089 ], [ -70.04668, -0.11618 ], [ -70.04775, -0.11211 ], [ -70.04709, 0.2594 ], [ -70.04648, 0.56319 ], [ -70.04529, 0.56304 ], [ -70.0386, 0.56635 ], [ -70.02605, 0.5618 ], [ -70.02098, 0.5563 ], [ -70.02291, 0.54997 ], [ -70.02214, 0.54628 ], [ -70.02048, 0.54452 ], [ -70.01839, 0.54411 ], [ -70.01353, 0.54547 ], [ -70.00927, 0.5484 ], [ -70.00796, 0.54775 ], [ -70.00543, 0.54434 ], [ -69.99559, 0.55048 ], [ -69.99552, 0.55546 ], [ -69.99638, 0.55956 ], [ -69.99209, 0.56159 ], [ -69.99169, 0.56292 ], [ -69.99411, 0.56777 ], [ -70.00018, 0.571 ], [ -70.00044, 0.57357 ], [ -69.99485, 0.57479 ], [ -69.99126, 0.57191 ], [ -69.98917, 0.56891 ], [ -69.98552, 0.56748 ], [ -69.98582, 0.57141 ], [ -69.98775, 0.57099 ], [ -69.98864, 0.57186 ], [ -69.98834, 0.57567 ], [ -69.98698, 0.57608 ], [ -69.98628, 0.57453 ], [ -69.98408, 0.57444 ], [ -69.97867, 0.57804 ], [ -69.97013, 0.57613 ], [ -69.96851, 0.57345 ], [ -69.96398, 0.57137 ], [ -69.96378, 0.56815 ], [ -69.96103, 0.56158 ], [ -69.9559, 0.5616 ], [ -69.95298, 0.55956 ], [ -69.94771, 0.55789 ], [ -69.94671, 0.55658 ], [ -69.94116, 0.55708 ], [ -69.93754, 0.55318 ], [ -69.93562, 0.5531 ], [ -69.92976, 0.56 ], [ -69.92974, 0.56425 ], [ -69.91987, 0.57035 ], [ -69.91656, 0.57951 ], [ -69.91416, 0.5804 ], [ -69.91461, 0.58212 ], [ -69.91737, 0.58531 ], [ -69.91763, 0.58851 ], [ -69.91646, 0.5902 ], [ -69.91145, 0.58445 ], [ -69.90898, 0.58476 ], [ -69.90287, 0.58081 ], [ -69.89975, 0.58206 ], [ -69.89765, 0.58561 ], [ -69.89488, 0.58577 ], [ -69.8937, 0.58475 ], [ -69.89232, 0.58037 ], [ -69.88994, 0.57948 ], [ -69.88722, 0.57705 ], [ -69.87999, 0.57798 ], [ -69.86943, 0.58283 ], [ -69.86795, 0.58232 ], [ -69.86391, 0.57799 ], [ -69.85998, 0.57771 ], [ -69.85857, 0.57864 ], [ -69.85731, 0.58434 ], [ -69.85592, 0.58597 ], [ -69.8522, 0.5876 ], [ -69.84953, 0.5859 ], [ -69.84762, 0.58697 ], [ -69.84384, 0.58724 ], [ -69.83795, 0.58478 ], [ -69.83492, 0.58647 ], [ -69.83387, 0.5901 ], [ -69.83273, 0.59117 ], [ -69.82894, 0.59198 ], [ -69.82802, 0.58968 ], [ -69.82616, 0.59101 ], [ -69.82331, 0.5914 ], [ -69.81907, 0.58621 ], [ -69.81747, 0.58607 ], [ -69.81581, 0.5872 ], [ -69.81281, 0.5854 ], [ -69.81111, 0.5822 ], [ -69.80978, 0.57678 ], [ -69.80482, 0.57213 ], [ -69.80284, 0.57187 ], [ -69.80223, 0.57264 ], [ -69.80319, 0.575 ], [ -69.80269, 0.57805 ], [ -69.80157, 0.57882 ], [ -69.79732, 0.57827 ], [ -69.79512, 0.57952 ], [ -69.79461, 0.58414 ], [ -69.79292, 0.58511 ], [ -69.7895, 0.58498 ], [ -69.78834, 0.58574 ], [ -69.78781, 0.58994 ], [ -69.78571, 0.59061 ], [ -69.78256, 0.59604 ], [ -69.77735, 0.59726 ], [ -69.77251, 0.6011 ], [ -69.76782, 0.60318 ], [ -69.76274, 0.60393 ], [ -69.76212, 0.60511 ], [ -69.76279, 0.60788 ], [ -69.75905, 0.61042 ], [ -69.75589, 0.61148 ], [ -69.75328, 0.61452 ], [ -69.75117, 0.61521 ], [ -69.74873, 0.61984 ], [ -69.74732, 0.61943 ], [ -69.7464, 0.61738 ], [ -69.74181, 0.61319 ], [ -69.7412, 0.60984 ], [ -69.73876, 0.60873 ], [ -69.73624, 0.61191 ], [ -69.73114, 0.61189 ], [ -69.72749, 0.61451 ], [ -69.72406, 0.61507 ], [ -69.72322, 0.61574 ], [ -69.72262, 0.61925 ], [ -69.72025, 0.62412 ], [ -69.71787, 0.6276 ], [ -69.71782, 0.63081 ], [ -69.71584, 0.63403 ], [ -69.71636, 0.63645 ], [ -69.71543, 0.63727 ], [ -69.71583, 0.64108 ], [ -69.71284, 0.63973 ], [ -69.71041, 0.64032 ], [ -69.70955, 0.64639 ], [ -69.70745, 0.64655 ], [ -69.70371, 0.65206 ], [ -69.70199, 0.65259 ], [ -69.70059, 0.65099 ], [ -69.69865, 0.65144 ], [ -69.69562, 0.65512 ], [ -69.6948, 0.65473 ], [ -69.69409, 0.65124 ], [ -69.69115, 0.64862 ], [ -69.68991, 0.65092 ], [ -69.68803, 0.65236 ], [ -69.68714, 0.65458 ], [ -69.68788, 0.66392 ], [ -69.68387, 0.66556 ], [ -69.67108, 0.6679 ], [ -69.66923, 0.66544 ], [ -69.66895, 0.66359 ], [ -69.66683, 0.66401 ], [ -69.66402, 0.66241 ], [ -69.65988, 0.6645 ], [ -69.65589, 0.66327 ], [ -69.6508, 0.66427 ], [ -69.64937, 0.66367 ], [ -69.64814, 0.65982 ], [ -69.64568, 0.6596 ], [ -69.64455, 0.65869 ], [ -69.64848, 0.65451 ], [ -69.6456, 0.65425 ], [ -69.64326, 0.65297 ], [ -69.64024, 0.64941 ], [ -69.6396, 0.64776 ], [ -69.63998, 0.64193 ], [ -69.63698, 0.63792 ], [ -69.63403, 0.63663 ], [ -69.63059, 0.62918 ], [ -69.62908, 0.62799 ], [ -69.62727, 0.62877 ], [ -69.6276, 0.63313 ], [ -69.62612, 0.63516 ], [ -69.62307, 0.63531 ], [ -69.62071, 0.63435 ], [ -69.61833, 0.63121 ], [ -69.61742, 0.62756 ], [ -69.61245, 0.62261 ], [ -69.60876, 0.61373 ], [ -69.60668, 0.61326 ], [ -69.60512, 0.61446 ], [ -69.60726, 0.61913 ], [ -69.60593, 0.62543 ], [ -69.60627, 0.62937 ], [ -69.60533, 0.63038 ], [ -69.60628, 0.63462 ], [ -69.60453, 0.63645 ], [ -69.60246, 0.63709 ], [ -69.59692, 0.63797 ], [ -69.59038, 0.63776 ], [ -69.5875, 0.63993 ], [ -69.58834, 0.64179 ], [ -69.59157, 0.64464 ], [ -69.5915, 0.65164 ], [ -69.59335, 0.65538 ], [ -69.59291, 0.65655 ], [ -69.58662, 0.66002 ], [ -69.58441, 0.66331 ], [ -69.58041, 0.66166 ], [ -69.57448, 0.66909 ], [ -69.57234, 0.66981 ], [ -69.56929, 0.6725 ], [ -69.56681, 0.67136 ], [ -69.56739, 0.67521 ], [ -69.56679, 0.68034 ], [ -69.56263, 0.6842 ], [ -69.55763, 0.6811 ], [ -69.55101, 0.68045 ], [ -69.54796, 0.68095 ], [ -69.53575, 0.67948 ], [ -69.5327, 0.68565 ], [ -69.53149, 0.69062 ], [ -69.53143, 0.69321 ], [ -69.53308, 0.69679 ], [ -69.53325, 0.70056 ], [ -69.53251, 0.7024 ], [ -69.52873, 0.70551 ], [ -69.52265, 0.70833 ], [ -69.51502, 0.71433 ], [ -69.50664, 0.71299 ], [ -69.50422, 0.71622 ], [ -69.50338, 0.72099 ], [ -69.49962, 0.72406 ], [ -69.49576, 0.72515 ], [ -69.49412, 0.72356 ], [ -69.48941, 0.72588 ], [ -69.48353, 0.73365 ], [ -69.48078, 0.73558 ], [ -69.47879, 0.73486 ], [ -69.46973, 0.73481 ], [ -69.4674, 0.73607 ], [ -69.46378, 0.73649 ], [ -69.45931, 0.73064 ], [ -69.46002, 0.72641 ], [ -69.45609, 0.71901 ], [ -69.44759, 0.71484 ], [ -69.4427, 0.7163 ], [ -69.44078, 0.71609 ], [ -69.43386, 0.71264 ], [ -69.43338, 0.71185 ], [ -69.43488, 0.70582 ], [ -69.43749, 0.70245 ], [ -69.43558, 0.69858 ], [ -69.43314, 0.69661 ], [ -69.43117, 0.69341 ], [ -69.42339, 0.69126 ], [ -69.42035, 0.68904 ], [ -69.41635, 0.68888 ], [ -69.41421, 0.68696 ], [ -69.41001, 0.67697 ], [ -69.40665, 0.67565 ], [ -69.40582, 0.67148 ], [ -69.40412, 0.66865 ], [ -69.4049, 0.66637 ], [ -69.40412, 0.66416 ], [ -69.39687, 0.658 ], [ -69.39038, 0.65463 ], [ -69.38607, 0.64917 ], [ -69.37382, 0.63916 ], [ -69.36732, 0.63186 ], [ -69.35783, 0.6174 ], [ -69.35315, 0.61431 ], [ -69.34982, 0.61463 ], [ -69.34961, 0.61901 ], [ -69.34692, 0.62168 ], [ -69.3457, 0.62604 ], [ -69.33803, 0.63381 ], [ -69.33748, 0.63569 ], [ -69.33786, 0.6416 ], [ -69.33652, 0.64328 ], [ -69.33451, 0.64373 ], [ -69.33231, 0.64297 ], [ -69.32706, 0.63714 ], [ -69.3258, 0.63766 ], [ -69.32374, 0.64107 ], [ -69.32273, 0.64092 ], [ -69.32128, 0.63414 ], [ -69.3219, 0.62766 ], [ -69.32092, 0.62642 ], [ -69.31954, 0.62633 ], [ -69.31807, 0.63273 ], [ -69.31133, 0.6373 ], [ -69.30493, 0.64485 ], [ -69.29647, 0.64986 ], [ -69.29099, 0.65036 ], [ -69.28576, 0.64899 ], [ -69.29059, 0.63787 ], [ -69.28998, 0.63322 ], [ -69.28643, 0.62756 ], [ -69.28466, 0.62098 ], [ -69.28495, 0.6188 ], [ -69.28723, 0.6167 ], [ -69.28806, 0.61469 ], [ -69.29345, 0.61081 ], [ -69.29497, 0.60869 ], [ -69.29613, 0.60542 ], [ -69.29572, 0.60421 ], [ -69.2894, 0.60466 ], [ -69.28609, 0.60653 ], [ -69.28209, 0.60412 ], [ -69.27198, 0.60188 ], [ -69.26942, 0.60458 ], [ -69.26862, 0.60661 ], [ -69.26201, 0.60568 ], [ -69.2605, 0.60738 ], [ -69.25641, 0.60801 ], [ -69.25591, 0.60651 ], [ -69.2539, 0.60508 ], [ -69.25152, 0.60686 ], [ -69.2441, 0.60984 ], [ -69.24179, 0.60894 ], [ -69.24031, 0.60584 ], [ -69.23734, 0.60335 ], [ -69.23756, 0.60216 ], [ -69.23582, 0.6 ], [ -69.23178, 0.59869 ], [ -69.23085, 0.59921 ], [ -69.23206, 0.60334 ], [ -69.2307, 0.60475 ], [ -69.22543, 0.60518 ], [ -69.2135, 0.61041 ], [ -69.21148, 0.61058 ], [ -69.21017, 0.6092 ], [ -69.20529, 0.6072 ], [ -69.20075, 0.60639 ], [ -69.1997, 0.6071 ], [ -69.19956, 0.60893 ], [ -69.20153, 0.6106 ], [ -69.19982, 0.61167 ], [ -69.19918, 0.61531 ], [ -69.2013, 0.61679 ], [ -69.20032, 0.61879 ], [ -69.20115, 0.62014 ], [ -69.20227, 0.62761 ], [ -69.20403, 0.63057 ], [ -69.20426, 0.63258 ], [ -69.20181, 0.635 ], [ -69.19948, 0.63577 ], [ -69.19587, 0.63963 ], [ -69.19587, 0.64416 ], [ -69.1983, 0.64496 ], [ -69.19816, 0.64651 ], [ -69.19679, 0.64741 ], [ -69.19217, 0.64698 ], [ -69.1904, 0.64981 ], [ -69.18329, 0.65427 ], [ -69.1819, 0.65416 ], [ -69.17972, 0.65252 ], [ -69.17422, 0.65259 ], [ -69.17172, 0.65081 ], [ -69.17079, 0.64766 ], [ -69.16691, 0.65045 ], [ -69.15931, 0.65344 ], [ -69.1577, 0.65254 ], [ -69.15564, 0.64665 ], [ -69.14731, 0.64424 ], [ -69.13989, 0.64617 ], [ -69.13475, 0.64519 ], [ -69.13056, 0.64169 ], [ -69.12812, 0.63514 ], [ -69.12485, 0.63334 ], [ -69.12008, 0.63395 ], [ -69.11713, 0.6374 ], [ -69.11564, 0.64424 ], [ -69.11829, 0.65489 ], [ -69.1285, 0.66562 ], [ -69.14032, 0.68964 ], [ -69.1446, 0.69556 ], [ -69.14563, 0.69853 ], [ -69.14803, 0.6996 ], [ -69.15063, 0.70242 ], [ -69.15245, 0.70492 ], [ -69.15356, 0.70839 ], [ -69.15877, 0.7116 ], [ -69.16909, 0.71526 ], [ -69.17203, 0.71499 ], [ -69.17642, 0.71256 ], [ -69.1781, 0.71523 ], [ -69.1811, 0.71599 ], [ -69.1878, 0.73298 ], [ -69.1872, 0.73724 ], [ -69.18765, 0.74681 ], [ -69.18646, 0.74836 ], [ -69.17837, 0.75377 ], [ -69.17676, 0.75898 ], [ -69.17572, 0.76002 ], [ -69.17135, 0.75969 ], [ -69.164, 0.75626 ], [ -69.161, 0.75638 ], [ -69.15808, 0.75795 ], [ -69.15709, 0.76066 ], [ -69.14959, 0.76597 ], [ -69.14759, 0.76869 ], [ -69.14725, 0.78003 ], [ -69.15039, 0.78883 ], [ -69.1537, 0.79337 ], [ -69.15287, 0.79843 ], [ -69.15429, 0.80617 ], [ -69.15959, 0.81137 ], [ -69.16261, 0.81266 ], [ -69.16591, 0.81889 ], [ -69.16777, 0.82073 ], [ -69.16511, 0.83354 ], [ -69.16509, 0.83649 ], [ -69.16682, 0.83919 ], [ -69.16738, 0.84375 ], [ -69.16527, 0.84753 ], [ -69.15983, 0.85035 ], [ -69.15656, 0.8502 ], [ -69.14665, 0.84591 ], [ -69.1448, 0.84616 ], [ -69.14167, 0.84871 ], [ -69.13916, 0.85315 ], [ -69.13671, 0.86347 ], [ -69.13569, 0.86946 ], [ -69.13664, 0.87385 ], [ -69.13771, 0.87531 ], [ -69.13659, 0.87684 ], [ -69.13881, 0.87934 ], [ -69.13855, 0.88289 ], [ -69.14007, 0.88375 ], [ -69.14911, 0.88017 ], [ -69.15483, 0.88113 ], [ -69.16699, 0.89245 ], [ -69.18123, 0.9022 ], [ -69.18565, 0.91112 ], [ -69.19102, 0.91594 ], [ -69.19223, 0.92035 ], [ -69.19196, 0.92603 ], [ -69.19087, 0.92964 ], [ -69.18801, 0.93356 ], [ -69.18249, 0.93676 ], [ -69.17396, 0.93433 ], [ -69.1697, 0.93466 ], [ -69.16615, 0.93787 ], [ -69.16572, 0.9418 ], [ -69.17298, 0.95109 ], [ -69.18317, 0.95459 ], [ -69.19475, 0.96095 ], [ -69.20202, 0.96176 ], [ -69.20623, 0.96411 ], [ -69.20748, 0.96966 ], [ -69.20886, 0.97132 ], [ -69.21207, 0.97266 ], [ -69.21582, 0.9729 ], [ -69.2177, 0.97437 ], [ -69.21831, 0.97641 ], [ -69.21759, 0.98059 ], [ -69.19915, 0.99601 ], [ -69.19807, 1.0006 ], [ -69.2042, 1.00491 ], [ -69.2065, 1.01125 ], [ -69.21107, 1.01693 ], [ -69.22603, 1.02728 ], [ -69.23338, 1.03756 ], [ -69.23953, 1.03941 ], [ -69.24266, 1.04235 ], [ -69.24506, 1.04563 ], [ -69.24598, 1.04873 ], [ -69.24581, 1.05087 ], [ -69.24388, 1.05441 ], [ -69.24441, 1.05637 ], [ -69.24859, 1.05719 ], [ -69.26215, 1.05382 ], [ -69.27363, 1.05492 ], [ -69.28724, 1.0536 ], [ -69.28865, 1.05469 ], [ -69.28808, 1.0576 ], [ -69.28873, 1.06102 ], [ -69.29811, 1.06274 ], [ -69.30334, 1.06693 ], [ -69.30515, 1.06927 ], [ -69.30623, 1.07505 ], [ -69.31279, 1.07926 ], [ -69.31733, 1.0853 ], [ -69.32066, 1.088 ], [ -69.32533, 1.08716 ], [ -69.33149, 1.08332 ], [ -69.33719, 1.08091 ], [ -69.34064, 1.08094 ], [ -69.34281, 1.08397 ], [ -69.34509, 1.08466 ], [ -69.351, 1.08092 ], [ -69.35665, 1.07925 ], [ -69.36104, 1.08046 ], [ -69.36473, 1.08381 ], [ -69.36931, 1.08076 ], [ -69.37109, 1.08052 ], [ -69.37385, 1.08544 ], [ -69.37433, 1.08834 ], [ -69.37565, 1.08912 ], [ -69.37802, 1.0867 ], [ -69.37967, 1.07822 ], [ -69.38119, 1.07459 ], [ -69.39315, 1.06366 ], [ -69.39973, 1.06 ], [ -69.40654, 1.04597 ], [ -69.41087, 1.04194 ], [ -69.41397, 1.04127 ], [ -69.42472, 1.04479 ], [ -69.43112, 1.04873 ], [ -69.43512, 1.0605 ], [ -69.43491, 1.06264 ], [ -69.43297, 1.06515 ], [ -69.43336, 1.06998 ], [ -69.43454, 1.07238 ], [ -69.43756, 1.0741 ], [ -69.44979, 1.07315 ], [ -69.46051, 1.07724 ], [ -69.46643, 1.07703 ], [ -69.4718, 1.07527 ], [ -69.47475, 1.07512 ], [ -69.47678, 1.07578 ], [ -69.48049, 1.0789 ], [ -69.48468, 1.07978 ], [ -69.50184, 1.07522 ], [ -69.52041, 1.0719 ], [ -69.53844, 1.07173 ], [ -69.55365, 1.07388 ], [ -69.56108, 1.07192 ], [ -69.5742, 1.07447 ], [ -69.59209, 1.09041 ], [ -69.59859, 1.09473 ], [ -69.60525, 1.09786 ], [ -69.61161, 1.09846 ], [ -69.61457, 1.09722 ], [ -69.61853, 1.09744 ], [ -69.62182, 1.09563 ], [ -69.62374, 1.09429 ], [ -69.62981, 1.0867 ], [ -69.63336, 1.08551 ], [ -69.63488, 1.08723 ], [ -69.64504, 1.08969 ], [ -69.6551, 1.08374 ], [ -69.66102, 1.08255 ], [ -69.66301, 1.08284 ], [ -69.66818, 1.0812 ], [ -69.67219, 1.07274 ], [ -69.67429, 1.07063 ], [ -69.67939, 1.07018 ], [ -69.68691, 1.07179 ], [ -69.69017, 1.07452 ], [ -69.69386, 1.07601 ], [ -69.70207, 1.07582 ], [ -69.70361, 1.07638 ], [ -69.70496, 1.08034 ], [ -69.70554, 1.09805 ], [ -69.70031, 1.1168 ], [ -69.70159, 1.11832 ], [ -69.70805, 1.11875 ], [ -69.71193, 1.11696 ], [ -69.71891, 1.11046 ], [ -69.72255, 1.10834 ], [ -69.72669, 1.10879 ], [ -69.7349, 1.11295 ], [ -69.74474, 1.11374 ], [ -69.75381, 1.11069 ], [ -69.77364, 1.10059 ], [ -69.77989, 1.0952 ], [ -69.78646, 1.09228 ], [ -69.7912, 1.08782 ], [ -69.79416, 1.08127 ], [ -69.79622, 1.0737 ], [ -69.80156, 1.06906 ], [ -69.80384, 1.06528 ], [ -69.81132, 1.06378 ], [ -69.81515, 1.06472 ], [ -69.82106, 1.06735 ], [ -69.82942, 1.07851 ], [ -69.83243, 1.08069 ], [ -69.83925, 1.08063 ], [ -69.84117, 1.0793 ], [ -69.84396, 1.07939 ], [ -69.84613, 1.07752 ], [ -69.84659, 1.07783 ], [ -69.84572, 1.71392 ], [ -69.84376, 1.71419 ], [ -69.83957, 1.71889 ], [ -69.8382, 1.71698 ], [ -69.83917, 1.7144 ], [ -69.83727, 1.71382 ], [ -69.835, 1.7096 ], [ -69.83142, 1.71028 ], [ -69.83104, 1.71175 ], [ -69.82865, 1.7123 ], [ -69.82587, 1.70931 ], [ -69.82821, 1.70759 ], [ -69.82487, 1.70573 ], [ -69.82287, 1.7056 ], [ -69.8238, 1.70366 ], [ -69.82335, 1.703 ], [ -69.82069, 1.70315 ], [ -69.81993, 1.70466 ], [ -69.81916, 1.70472 ], [ -69.82233, 1.69941 ], [ -69.81859, 1.69885 ], [ -69.81782, 1.69916 ], [ -69.81745, 1.70083 ], [ -69.81627, 1.70092 ], [ -69.816, 1.69793 ], [ -69.81407, 1.69817 ], [ -69.81354, 1.69751 ], [ -69.81544, 1.69664 ], [ -69.81534, 1.69606 ], [ -69.8091, 1.69484 ], [ -69.80592, 1.69974 ], [ -69.80217, 1.70062 ], [ -69.80486, 1.70386 ], [ -69.80373, 1.70473 ], [ -69.80023, 1.70218 ], [ -69.79933, 1.69975 ], [ -69.79738, 1.69856 ], [ -69.79057, 1.70071 ], [ -69.79072, 1.69713 ], [ -69.78988, 1.69672 ], [ -69.78679, 1.69899 ], [ -69.78583, 1.69887 ], [ -69.78526, 1.69812 ], [ -69.78726, 1.69544 ], [ -69.78728, 1.69383 ], [ -69.78421, 1.69414 ], [ -69.78273, 1.69274 ], [ -69.78113, 1.69392 ], [ -69.78067, 1.69538 ], [ -69.78178, 1.69819 ], [ -69.77945, 1.69889 ], [ -69.78172, 1.69984 ], [ -69.78082, 1.70339 ], [ -69.77947, 1.70353 ], [ -69.77749, 1.70228 ], [ -69.77513, 1.70315 ], [ -69.7733, 1.70227 ], [ -69.77291, 1.70496 ], [ -69.77563, 1.70546 ], [ -69.77619, 1.70689 ], [ -69.77528, 1.70755 ], [ -69.77192, 1.70754 ], [ -69.77044, 1.7117 ], [ -69.76539, 1.71112 ], [ -69.76435, 1.7134 ], [ -69.76273, 1.71454 ], [ -69.76442, 1.71552 ], [ -69.76196, 1.71785 ], [ -69.76054, 1.71746 ], [ -69.75798, 1.71348 ], [ -69.75717, 1.71398 ], [ -69.75687, 1.7171 ], [ -69.75566, 1.71794 ], [ -69.75428, 1.7157 ], [ -69.75215, 1.71566 ], [ -69.75286, 1.71318 ], [ -69.75071, 1.71273 ], [ -69.74889, 1.71376 ], [ -69.74875, 1.7151 ], [ -69.75068, 1.71735 ], [ -69.75093, 1.71902 ], [ -69.75389, 1.71874 ], [ -69.75434, 1.71951 ], [ -69.75237, 1.72173 ], [ -69.75189, 1.72379 ], [ -69.74828, 1.72434 ], [ -69.74776, 1.72697 ], [ -69.74612, 1.72791 ], [ -69.74533, 1.7297 ], [ -69.7379, 1.7262 ], [ -69.73672, 1.7273 ], [ -69.73612, 1.72962 ], [ -69.73865, 1.73028 ], [ -69.73842, 1.73118 ], [ -69.73164, 1.73278 ], [ -69.7277, 1.73122 ], [ -69.72354, 1.7326 ], [ -69.72036, 1.73072 ], [ -69.72016, 1.73213 ], [ -69.72195, 1.73408 ], [ -69.72115, 1.73516 ], [ -69.72006, 1.73483 ], [ -69.71853, 1.73182 ], [ -69.71517, 1.73308 ], [ -69.71296, 1.73174 ], [ -69.70967, 1.73382 ], [ -69.70403, 1.735 ], [ -69.69982, 1.73335 ], [ -69.69589, 1.72968 ], [ -69.69435, 1.72953 ], [ -69.69277, 1.72822 ], [ -69.69118, 1.72797 ], [ -69.68922, 1.7297 ], [ -69.68727, 1.72739 ], [ -69.68531, 1.73121 ], [ -69.67838, 1.73 ], [ -69.67756, 1.73254 ], [ -69.67677, 1.73288 ], [ -69.67646, 1.72869 ], [ -69.67447, 1.72494 ], [ -69.67629, 1.72213 ], [ -69.66834, 1.72446 ], [ -69.66805, 1.72774 ], [ -69.6651, 1.72979 ], [ -69.66302, 1.72605 ], [ -69.65931, 1.72321 ], [ -69.65753, 1.71899 ], [ -69.6539, 1.71811 ], [ -69.65175, 1.72125 ], [ -69.64823, 1.72367 ], [ -69.64145, 1.72414 ], [ -69.64189, 1.72533 ], [ -69.64615, 1.72699 ], [ -69.64628, 1.72799 ], [ -69.64474, 1.72971 ], [ -69.64177, 1.73049 ], [ -69.63895, 1.7302 ], [ -69.6404, 1.72656 ], [ -69.63695, 1.72303 ], [ -69.63212, 1.72467 ], [ -69.629, 1.72338 ], [ -69.62719, 1.72655 ], [ -69.62222, 1.72744 ], [ -69.62202, 1.72987 ], [ -69.6242, 1.73 ], [ -69.62484, 1.73188 ], [ -69.62377, 1.73293 ], [ -69.62334, 1.73502 ], [ -69.62111, 1.73627 ], [ -69.61987, 1.73566 ], [ -69.62055, 1.73049 ], [ -69.61787, 1.72945 ], [ -69.61637, 1.73568 ], [ -69.61311, 1.73616 ], [ -69.61316, 1.73888 ], [ -69.61116, 1.73865 ], [ -69.61001, 1.74021 ], [ -69.60681, 1.74196 ], [ -69.60542, 1.74035 ], [ -69.60397, 1.73995 ], [ -69.60113, 1.74301 ], [ -69.60108, 1.74371 ], [ -69.60345, 1.74485 ], [ -69.6043, 1.74722 ], [ -69.60102, 1.74737 ], [ -69.59984, 1.74894 ], [ -69.59927, 1.74627 ], [ -69.59786, 1.7461 ], [ -69.59791, 1.74946 ], [ -69.59345, 1.75276 ], [ -69.59014, 1.75346 ], [ -69.58941, 1.75605 ], [ -69.59062, 1.75777 ], [ -69.59, 1.75849 ], [ -69.58681, 1.75627 ], [ -69.5869, 1.75511 ], [ -69.58827, 1.75376 ], [ -69.58738, 1.75243 ], [ -69.58517, 1.75324 ], [ -69.58511, 1.75714 ], [ -69.58373, 1.76017 ], [ -69.57876, 1.75549 ], [ -69.57805, 1.75613 ], [ -69.57866, 1.75821 ], [ -69.57768, 1.7584 ], [ -69.57512, 1.75681 ], [ -69.5723, 1.75959 ], [ -69.57134, 1.75955 ], [ -69.57186, 1.75625 ], [ -69.5687, 1.7598 ], [ -69.5667, 1.75871 ], [ -69.56603, 1.75944 ], [ -69.56632, 1.76098 ], [ -69.56994, 1.76242 ], [ -69.56975, 1.76377 ], [ -69.56483, 1.76475 ], [ -69.56486, 1.76203 ], [ -69.56404, 1.76154 ], [ -69.56265, 1.7641 ], [ -69.56007, 1.76502 ], [ -69.56016, 1.76595 ], [ -69.56262, 1.76704 ], [ -69.56306, 1.76808 ], [ -69.56028, 1.76968 ], [ -69.55908, 1.77203 ], [ -69.55647, 1.77083 ], [ -69.55574, 1.77124 ], [ -69.55561, 1.77312 ], [ -69.55492, 1.77321 ], [ -69.55326, 1.76966 ], [ -69.55217, 1.77051 ], [ -69.55339, 1.77407 ], [ -69.55233, 1.77459 ], [ -69.54922, 1.77306 ], [ -69.54724, 1.77679 ], [ -69.54531, 1.77558 ], [ -69.53707, 1.77609 ], [ -69.53453, 1.77705 ], [ -69.53165, 1.77283 ], [ -69.53106, 1.77006 ], [ -69.53213, 1.76728 ], [ -69.53472, 1.76467 ], [ -69.53439, 1.76371 ], [ -69.52796, 1.76353 ], [ -69.52754, 1.76504 ], [ -69.52851, 1.76787 ], [ -69.52719, 1.76942 ], [ -69.52196, 1.76858 ], [ -69.51986, 1.77 ], [ -69.51889, 1.76916 ], [ -69.51974, 1.7674 ], [ -69.51955, 1.76554 ], [ -69.51799, 1.76384 ], [ -69.51656, 1.76596 ], [ -69.51799, 1.77089 ], [ -69.51725, 1.77157 ], [ -69.5138, 1.77142 ], [ -69.5129, 1.77049 ], [ -69.51437, 1.76859 ], [ -69.51426, 1.76724 ], [ -69.50984, 1.76312 ], [ -69.51027, 1.76226 ], [ -69.51242, 1.76233 ], [ -69.51262, 1.76116 ], [ -69.50883, 1.75869 ], [ -69.50616, 1.75843 ], [ -69.50563, 1.75995 ], [ -69.50623, 1.76311 ], [ -69.50478, 1.7638 ], [ -69.50264, 1.76135 ], [ -69.50148, 1.75814 ], [ -69.49616, 1.76102 ], [ -69.49357, 1.7577 ], [ -69.49073, 1.75974 ], [ -69.49032, 1.75802 ], [ -69.49188, 1.75693 ], [ -69.49178, 1.75589 ], [ -69.4871, 1.75255 ], [ -69.48257, 1.75565 ], [ -69.48383, 1.75849 ], [ -69.48248, 1.7586 ], [ -69.48114, 1.7544 ], [ -69.48264, 1.75172 ], [ -69.4823, 1.75033 ], [ -69.47872, 1.7465 ], [ -69.47779, 1.74684 ], [ -69.47682, 1.74939 ], [ -69.47575, 1.74969 ], [ -69.47482, 1.7486 ], [ -69.47691, 1.74427 ], [ -69.47618, 1.74326 ], [ -69.47259, 1.74585 ], [ -69.47002, 1.74612 ], [ -69.46966, 1.74711 ], [ -69.47111, 1.74953 ], [ -69.46771, 1.75263 ], [ -69.46785, 1.75664 ], [ -69.46666, 1.75709 ], [ -69.46471, 1.75409 ], [ -69.46152, 1.75355 ], [ -69.46149, 1.75259 ], [ -69.46239, 1.75179 ], [ -69.46466, 1.75181 ], [ -69.46526, 1.75011 ], [ -69.4674, 1.7484 ], [ -69.45958, 1.75014 ], [ -69.45662, 1.75257 ], [ -69.45528, 1.75258 ], [ -69.45456, 1.75148 ], [ -69.45572, 1.74862 ], [ -69.45512, 1.74737 ], [ -69.4532, 1.74575 ], [ -69.44808, 1.74576 ], [ -69.44741, 1.74236 ], [ -69.4414, 1.74318 ], [ -69.44112, 1.74419 ], [ -69.44225, 1.74617 ], [ -69.44182, 1.74791 ], [ -69.44012, 1.74927 ], [ -69.43672, 1.74931 ], [ -69.4365, 1.74752 ], [ -69.43767, 1.74487 ], [ -69.43415, 1.74152 ], [ -69.43305, 1.73861 ], [ -69.43167, 1.73875 ], [ -69.4318, 1.7429 ], [ -69.43039, 1.74472 ], [ -69.42876, 1.74443 ], [ -69.42805, 1.74307 ], [ -69.42778, 1.73919 ], [ -69.42542, 1.73947 ], [ -69.42414, 1.74116 ], [ -69.42508, 1.74517 ], [ -69.4234, 1.74559 ], [ -69.4224, 1.74337 ], [ -69.42334, 1.73843 ], [ -69.42156, 1.73696 ], [ -69.4199, 1.73977 ], [ -69.41718, 1.74151 ], [ -69.41464, 1.74069 ], [ -69.41229, 1.74141 ], [ -69.4097, 1.73902 ], [ -69.40886, 1.74101 ], [ -69.40788, 1.7411 ], [ -69.40591, 1.73666 ], [ -69.40611, 1.73155 ], [ -69.40327, 1.73179 ], [ -69.39596, 1.73007 ], [ -69.39216, 1.73 ], [ -69.39124, 1.72928 ], [ -69.3912, 1.72794 ], [ -69.39327, 1.72675 ], [ -68.16329, 1.72779 ], [ -68.16685, 1.73294 ], [ -68.16709, 1.74089 ], [ -68.16958, 1.74331 ], [ -68.17241, 1.74352 ], [ -68.1738, 1.74235 ], [ -68.17528, 1.73912 ], [ -68.17541, 1.73563 ], [ -68.17698, 1.7333 ], [ -68.1792, 1.73249 ], [ -68.18286, 1.73393 ], [ -68.18376, 1.733 ], [ -68.1839, 1.73081 ], [ -68.18528, 1.72968 ], [ -68.18649, 1.73015 ], [ -68.18869, 1.73474 ], [ -68.19303, 1.73776 ], [ -68.19074, 1.7458 ], [ -68.18821, 1.75126 ], [ -68.18872, 1.75692 ], [ -68.18395, 1.75763 ], [ -68.1838, 1.76248 ], [ -68.18215, 1.76352 ], [ -68.17846, 1.76412 ], [ -68.17754, 1.76571 ], [ -68.17814, 1.76747 ], [ -68.18499, 1.77066 ], [ -68.18884, 1.77382 ], [ -68.19215, 1.77998 ], [ -68.19923, 1.77951 ], [ -68.20542, 1.78263 ], [ -68.20906, 1.7796 ], [ -68.21237, 1.77324 ], [ -68.21849, 1.77136 ], [ -68.22699, 1.77449 ], [ -68.2283, 1.77631 ], [ -68.22879, 1.78033 ], [ -68.23049, 1.78112 ], [ -68.23607, 1.77744 ], [ -68.2354, 1.77314 ], [ -68.23708, 1.77039 ], [ -68.23854, 1.76985 ], [ -68.23979, 1.77113 ], [ -68.24162, 1.78059 ], [ -68.24488, 1.78411 ], [ -68.24463, 1.78739 ], [ -68.24232, 1.79147 ], [ -68.24227, 1.79495 ], [ -68.24006, 1.79912 ], [ -68.23826, 1.80861 ], [ -68.23319, 1.81337 ], [ -68.23201, 1.81992 ], [ -68.2279, 1.82256 ], [ -68.22664, 1.82932 ], [ -68.22817, 1.82933 ], [ -68.23012, 1.82813 ], [ -68.23618, 1.82131 ], [ -68.24066, 1.82212 ], [ -68.24602, 1.82461 ], [ -68.24911, 1.82466 ], [ -68.25478, 1.82346 ], [ -68.25822, 1.82391 ], [ -68.26286, 1.82285 ], [ -68.26753, 1.8205 ], [ -68.27278, 1.81999 ], [ -68.2746, 1.81912 ], [ -68.27559, 1.82099 ], [ -68.27384, 1.82742 ], [ -68.27646, 1.83209 ], [ -68.28114, 1.83378 ], [ -68.2821, 1.82832 ], [ -68.28421, 1.82796 ], [ -68.28519, 1.82933 ], [ -68.28481, 1.83641 ], [ -68.2778, 1.83992 ], [ -68.27318, 1.8444 ], [ -68.27493, 1.84661 ], [ -68.27731, 1.84744 ], [ -68.27968, 1.84683 ], [ -68.28229, 1.84466 ], [ -68.28487, 1.84415 ], [ -68.28563, 1.84503 ], [ -68.28511, 1.84659 ], [ -68.28374, 1.84795 ], [ -68.27749, 1.85069 ], [ -68.2763, 1.85227 ], [ -68.27332, 1.8528 ], [ -68.27299, 1.85487 ], [ -68.27455, 1.85848 ], [ -68.27048, 1.85874 ], [ -68.27042, 1.86178 ], [ -68.26901, 1.86284 ], [ -68.26981, 1.86625 ], [ -68.26577, 1.86584 ], [ -68.26464, 1.86659 ], [ -68.26371, 1.86827 ], [ -68.26448, 1.86998 ], [ -68.26112, 1.87141 ], [ -68.26037, 1.87495 ], [ -68.2559, 1.87781 ], [ -68.25451, 1.87753 ], [ -68.25356, 1.87886 ], [ -68.25401, 1.88179 ], [ -68.25309, 1.88376 ], [ -68.25382, 1.88507 ], [ -68.25324, 1.8865 ], [ -68.25047, 1.88862 ], [ -68.25172, 1.89432 ], [ -68.25, 1.89579 ], [ -68.24922, 1.89808 ], [ -68.24727, 1.89937 ], [ -68.24789, 1.90358 ], [ -68.24696, 1.90558 ], [ -68.2473, 1.90882 ], [ -68.24813, 1.9093 ], [ -68.2468, 1.91155 ], [ -68.24673, 1.91371 ], [ -68.24424, 1.9141 ], [ -68.24372, 1.91566 ], [ -68.24416, 1.91737 ], [ -68.24757, 1.92016 ], [ -68.24646, 1.92158 ], [ -68.24631, 1.92441 ], [ -68.24494, 1.9262 ], [ -68.24515, 1.9271 ], [ -68.24142, 1.92904 ], [ -68.24212, 1.92997 ], [ -68.24081, 1.92992 ], [ -68.24018, 1.93277 ], [ -68.23708, 1.93122 ], [ -68.23556, 1.9325 ], [ -68.23362, 1.93256 ], [ -68.23294, 1.93394 ], [ -68.23436, 1.93817 ], [ -68.23301, 1.93968 ], [ -68.2329, 1.9411 ], [ -68.23214, 1.94125 ], [ -68.23237, 1.94362 ], [ -68.23099, 1.94663 ], [ -68.22879, 1.95002 ], [ -68.22745, 1.95029 ], [ -68.22732, 1.95114 ], [ -68.22241, 1.9544 ], [ -68.22144, 1.96043 ], [ -68.21967, 1.96199 ], [ -68.21762, 1.96251 ], [ -68.21678, 1.96507 ], [ -68.21272, 1.97352 ], [ -68.21538, 1.98069 ], [ -68.20639, 1.9844 ], [ -68.20503, 1.98738 ], [ -68.20384, 1.99868 ], [ -68.20259, 1.99916 ], [ -68.20158, 2.00082 ], [ -68.20152, 2.01778 ], [ -68.20087, 2.02123 ], [ -68.20158, 2.02277 ], [ -68.20063, 2.0242 ], [ -68.20087, 2.03187 ], [ -68.19997, 2.03336 ], [ -68.19991, 2.03711 ], [ -68.19807, 2.03907 ], [ -68.1938, 2.03907 ], [ -68.19209, 2.03764 ], [ -68.1918, 2.03603 ], [ -68.19266, 2.02689 ], [ -68.1918, 2.02432 ], [ -68.1919, 2.0188 ], [ -68.19018, 2.01452 ], [ -68.18999, 2.00804 ], [ -68.18843, 2.00272 ], [ -68.18828, 1.99253 ], [ -68.18742, 1.99053 ], [ -68.18447, 1.98872 ], [ -68.18409, 1.9852 ], [ -68.18514, 1.98168 ], [ -68.18409, 1.97978 ], [ -68.18124, 1.97749 ], [ -68.17933, 1.97939 ], [ -68.17743, 1.97987 ], [ -68.17438, 1.97978 ], [ -68.17248, 1.97882 ], [ -68.1721, 1.97759 ], [ -68.17524, 1.97359 ], [ -68.1761, 1.97111 ], [ -68.17467, 1.96854 ], [ -68.16763, 1.9635 ], [ -68.15896, 1.96778 ], [ -68.15097, 1.96988 ], [ -68.14669, 1.97292 ], [ -68.14393, 1.97292 ], [ -68.13926, 1.97073 ], [ -68.12908, 1.95979 ], [ -68.12936, 1.95779 ], [ -68.13165, 1.95522 ], [ -68.13127, 1.95274 ], [ -68.12194, 1.94684 ], [ -68.12156, 1.94208 ], [ -68.12032, 1.93932 ], [ -68.11328, 1.93485 ], [ -68.10919, 1.92895 ], [ -68.10633, 1.9161 ], [ -68.10424, 1.91049 ], [ -68.10004, 1.9044 ], [ -68.09514, 1.89904 ], [ -68.09419, 1.89652 ], [ -68.09314, 1.8959 ], [ -68.08824, 1.89828 ], [ -68.08372, 1.89856 ], [ -68.08105, 1.89461 ], [ -68.07238, 1.89073 ], [ -68.07084, 1.89193 ], [ -68.06394, 1.89247 ], [ -68.06177, 1.88614 ], [ -68.06242, 1.88291 ], [ -68.06043, 1.87877 ], [ -68.05861, 1.87695 ], [ -68.05602, 1.86939 ], [ -68.04569, 1.8475 ], [ -68.04803, 1.84377 ], [ -68.04692, 1.84147 ], [ -68.04301, 1.83837 ], [ -68.04117, 1.83791 ], [ -68.03988, 1.83518 ], [ -68.04019, 1.83471 ], [ -68.03615, 1.82751 ], [ -68.03768, 1.82452 ], [ -68.03765, 1.82285 ], [ -68.04017, 1.8191 ], [ -68.03514, 1.81438 ], [ -68.03098, 1.81101 ], [ -68.02923, 1.81184 ], [ -68.0276, 1.81522 ], [ -68.0273, 1.81499 ], [ -68.01322, 1.79462 ], [ -67.98631, 1.77252 ], [ -67.96165, 1.76526 ], [ -67.93215, 1.7662 ], [ -67.90034, 1.77371 ], [ -67.87102, 1.78431 ], [ -67.83578, 1.80427 ], [ -67.80916, 1.82931 ], [ -67.68973, 1.98835 ], [ -67.68793, 1.99049 ], [ -67.67383, 2.00544 ], [ -67.66946, 2.00069 ], [ -67.66818, 1.99796 ], [ -67.66426, 1.99811 ], [ -67.66317, 1.99467 ], [ -67.65835, 1.99047 ], [ -67.6489, 1.99686 ], [ -67.64803, 2.00147 ], [ -67.64407, 2.00242 ], [ -67.64213, 2.00655 ], [ -67.63705, 2.00736 ], [ -67.63624, 2.01417 ], [ -67.632, 2.01667 ], [ -67.63035, 2.01925 ], [ -67.62737, 2.02118 ], [ -67.62996, 2.02496 ], [ -67.63115, 2.03078 ], [ -67.62526, 2.03191 ], [ -67.62399, 2.0333 ], [ -67.62774, 2.03679 ], [ -67.62475, 2.04038 ], [ -67.62109, 2.03784 ], [ -67.61832, 2.03702 ], [ -67.61297, 2.04292 ], [ -67.60744, 2.03956 ], [ -67.60434, 2.04292 ], [ -67.60166, 2.04377 ], [ -67.60187, 2.04912 ], [ -67.59917, 2.05307 ], [ -67.59822, 2.06499 ], [ -67.59368, 2.06501 ], [ -67.59162, 2.06885 ], [ -67.59733, 2.07678 ], [ -67.59403, 2.07502 ], [ -67.59049, 2.07516 ], [ -67.58728, 2.07864 ], [ -67.58741, 2.08189 ], [ -67.5856, 2.08275 ], [ -67.58572, 2.08592 ], [ -67.5682, 2.09425 ], [ -67.54369, 2.11549 ], [ -67.54225, 2.11664 ], [ -67.54072, 2.11769 ], [ -67.52367, 2.12852 ], [ -67.52128, 2.12987 ], [ -67.51875, 2.13094 ], [ -67.51612, 2.13173 ], [ -67.51342, 2.13222 ], [ -67.48257, 2.13614 ], [ -67.48106, 2.13687 ], [ -67.46722, 2.15139 ], [ -67.4655, 2.15302 ], [ -67.46363, 2.15449 ], [ -67.46164, 2.15578 ], [ -67.45224, 2.16121 ], [ -67.44994, 2.16238 ], [ -67.44753, 2.16331 ], [ -67.44504, 2.16399 ], [ -67.44249, 2.16441 ], [ -67.43992, 2.16456 ], [ -67.43734, 2.16445 ], [ -67.42225, 2.163 ], [ -67.4202, 2.16271 ], [ -67.41818, 2.16226 ], [ -67.41621, 2.16164 ], [ -67.37332, 2.14627 ], [ -67.3708, 2.14521 ], [ -67.35483, 2.13743 ], [ -67.35246, 2.13612 ], [ -67.35025, 2.13455 ], [ -67.34822, 2.13275 ], [ -67.34533, 2.1299 ], [ -67.34832, 2.12906 ], [ -67.34823, 2.12349 ], [ -67.34959, 2.1209 ], [ -67.34798, 2.11625 ], [ -67.35063, 2.11767 ], [ -67.35248, 2.11566 ], [ -67.35645, 2.11763 ], [ -67.35846, 2.11576 ], [ -67.35665, 2.11119 ], [ -67.35672, 2.10307 ], [ -67.35873, 2.10106 ], [ -67.35747, 2.09745 ], [ -67.35851, 2.09447 ], [ -67.35556, 2.09255 ], [ -67.35379, 2.08693 ], [ -67.35166, 2.08684 ], [ -67.34687, 2.08938 ], [ -67.34585, 2.08857 ], [ -67.34504, 2.08599 ], [ -67.34167, 2.08492 ], [ -67.34659, 2.08133 ], [ -67.34838, 2.07753 ], [ -67.35006, 2.07597 ], [ -67.35032, 2.06927 ], [ -67.34922, 2.06825 ], [ -67.34919, 2.06571 ], [ -67.35178, 2.06232 ], [ -67.35344, 2.05637 ], [ -67.35606, 2.05553 ], [ -67.35596, 2.05298 ], [ -67.3581, 2.04986 ], [ -67.35435, 2.04637 ], [ -67.35427, 2.04422 ], [ -67.35836, 2.04157 ], [ -67.35597, 2.03701 ], [ -67.35612, 2.03311 ], [ -67.35422, 2.02905 ], [ -67.34906, 2.02507 ], [ -67.34441, 2.02806 ], [ -67.34148, 2.02667 ], [ -67.34251, 2.01911 ], [ -67.34756, 2.01247 ], [ -67.34763, 2.01067 ], [ -67.34501, 2.00896 ], [ -67.34501, 2.00559 ], [ -67.34761, 2.00318 ], [ -67.34877, 1.99758 ], [ -67.34728, 1.98499 ], [ -67.34196, 1.98246 ], [ -67.34086, 1.98013 ], [ -67.33779, 1.98025 ], [ -67.33403, 1.97905 ], [ -67.33418, 1.9753 ], [ -67.33331, 1.97254 ], [ -67.32907, 1.96579 ], [ -67.32933, 1.95926 ], [ -67.32366, 1.9525 ], [ -67.3274, 1.94902 ], [ -67.32659, 1.94544 ], [ -67.32491, 1.94121 ], [ -67.32241, 1.93863 ], [ -67.31888, 1.93877 ], [ -67.31906, 1.93441 ], [ -67.31638, 1.92813 ], [ -67.3131, 1.926 ], [ -67.31142, 1.92176 ], [ -67.31152, 1.91922 ], [ -67.30912, 1.91808 ], [ -67.31143, 1.91593 ], [ -67.30887, 1.91413 ], [ -67.30895, 1.91198 ], [ -67.30517, 1.90562 ], [ -67.30291, 1.90571 ], [ -67.30311, 1.90063 ], [ -67.29403, 1.90036 ], [ -67.28366, 1.90563 ], [ -67.28265, 1.90991 ], [ -67.27948, 1.91159 ], [ -67.277, 1.91149 ], [ -67.27518, 1.91594 ], [ -67.27547, 1.92341 ], [ -67.27037, 1.91834 ], [ -67.26683, 1.91666 ], [ -67.26318, 1.9129 ], [ -67.25923, 1.915 ], [ -67.24922, 1.9149 ], [ -67.24749, 1.91581 ], [ -67.24524, 1.91461 ], [ -67.2434, 1.91661 ], [ -67.24159, 1.91668 ], [ -67.24047, 1.91075 ], [ -67.23831, 1.91066 ], [ -67.23377, 1.91226 ], [ -67.22654, 1.91235 ], [ -67.22403, 1.91657 ], [ -67.22193, 1.91731 ], [ -67.21866, 1.91299 ], [ -67.21933, 1.91201 ], [ -67.21638, 1.90137 ], [ -67.21283, 1.90051 ], [ -67.21383, 1.89628 ], [ -67.21551, 1.89635 ], [ -67.21567, 1.89226 ], [ -67.20882, 1.88559 ], [ -67.21215, 1.88202 ], [ -67.21225, 1.87947 ], [ -67.20943, 1.87223 ], [ -67.21249, 1.87078 ], [ -67.21042, 1.86482 ], [ -67.21051, 1.86242 ], [ -67.2085, 1.85833 ], [ -67.20351, 1.85728 ], [ -67.19941, 1.85744 ], [ -67.19964, 1.85154 ], [ -67.19873, 1.85055 ], [ -67.19535, 1.85144 ], [ -67.19351, 1.85046 ], [ -67.18903, 1.85064 ], [ -67.1878, 1.84801 ], [ -67.1819, 1.84292 ], [ -67.17711, 1.84547 ], [ -67.17431, 1.84465 ], [ -67.17178, 1.84126 ], [ -67.17347, 1.8364 ], [ -67.16936, 1.82942 ], [ -67.16616, 1.82929 ], [ -67.16266, 1.83052 ], [ -67.15852, 1.82602 ], [ -67.15658, 1.82783 ], [ -67.15674, 1.82367 ], [ -67.15168, 1.8161 ], [ -67.15158, 1.81355 ], [ -67.15283, 1.80829 ], [ -67.15607, 1.81334 ], [ -67.15995, 1.81335 ], [ -67.16255, 1.81094 ], [ -67.16063, 1.80611 ], [ -67.16315, 1.80134 ], [ -67.15955, 1.79743 ], [ -67.15663, 1.79587 ], [ -67.15246, 1.7972 ], [ -67.15011, 1.80086 ], [ -67.14675, 1.79625 ], [ -67.14268, 1.79842 ], [ -67.14003, 1.79554 ], [ -67.13817, 1.79547 ], [ -67.13656, 1.79889 ], [ -67.13394, 1.79551 ], [ -67.13513, 1.79439 ], [ -67.13372, 1.7917 ], [ -67.13483, 1.7896 ], [ -67.13584, 1.78369 ], [ -67.13395, 1.78368 ], [ -67.13143, 1.78198 ], [ -67.12907, 1.77965 ], [ -67.12756, 1.77678 ], [ -67.13315, 1.77098 ], [ -67.13406, 1.76903 ], [ -67.14241, 1.76336 ], [ -67.14573, 1.75686 ], [ -67.14582, 1.75466 ], [ -67.14077, 1.74995 ], [ -67.1407, 1.74809 ], [ -67.14205, 1.74553 ], [ -67.13906, 1.74565 ], [ -67.1399, 1.74048 ], [ -67.13822, 1.73727 ], [ -67.13916, 1.73113 ], [ -67.14903, 1.73153 ], [ -67.14732, 1.72661 ], [ -67.14752, 1.72176 ], [ -67.14461, 1.71905 ], [ -67.14581, 1.71677 ], [ -67.1424, 1.71595 ], [ -67.14247, 1.71428 ], [ -67.14042, 1.71128 ], [ -67.14325, 1.70715 ], [ -67.13989, 1.69802 ], [ -67.13487, 1.6939 ], [ -67.13241, 1.694 ], [ -67.12892, 1.68795 ], [ -67.13023, 1.68418 ], [ -67.13244, 1.68277 ], [ -67.1346, 1.68304 ], [ -67.13728, 1.68089 ], [ -67.13496, 1.67901 ], [ -67.13463, 1.67634 ], [ -67.13763, 1.67256 ], [ -67.13788, 1.66586 ], [ -67.13323, 1.66153 ], [ -67.13668, 1.65574 ], [ -67.13265, 1.64765 ], [ -67.13222, 1.64413 ], [ -67.13494, 1.63807 ], [ -67.13494, 1.63378 ], [ -67.13382, 1.63187 ], [ -67.13645, 1.62856 ], [ -67.14068, 1.62909 ], [ -67.14083, 1.62447 ], [ -67.13962, 1.62239 ], [ -67.14086, 1.62027 ], [ -67.13901, 1.61772 ], [ -67.14168, 1.61438 ], [ -67.14314, 1.60423 ], [ -67.1399, 1.60498 ], [ -67.13687, 1.60837 ], [ -67.13485, 1.60677 ], [ -67.1341, 1.60414 ], [ -67.13062, 1.60059 ], [ -67.1256, 1.59915 ], [ -67.12481, 1.59815 ], [ -67.12321, 1.60015 ], [ -67.12054, 1.59744 ], [ -67.12085, 1.59499 ], [ -67.11674, 1.59381 ], [ -67.11322, 1.59425 ], [ -67.11282, 1.59102 ], [ -67.11499, 1.58533 ], [ -67.10795, 1.58391 ], [ -67.10663, 1.58225 ], [ -67.10379, 1.58307 ], [ -67.10084, 1.58173 ], [ -67.10205, 1.57957 ], [ -67.10383, 1.57882 ], [ -67.10637, 1.57111 ], [ -67.1022, 1.56724 ], [ -67.10306, 1.56167 ], [ -67.10116, 1.56014 ], [ -67.1029, 1.55874 ], [ -67.10207, 1.55647 ], [ -67.09894, 1.55395 ], [ -67.09967, 1.54807 ], [ -67.09875, 1.54381 ], [ -67.09543, 1.54113 ], [ -67.09618, 1.53724 ], [ -67.09799, 1.53578 ], [ -67.09757, 1.5324 ], [ -67.10032, 1.53018 ], [ -67.10058, 1.52809 ], [ -67.09881, 1.52504 ], [ -67.09968, 1.52051 ], [ -67.10306, 1.51954 ], [ -67.09936, 1.51091 ], [ -67.10016, 1.50446 ], [ -67.09798, 1.50083 ], [ -67.09465, 1.49942 ], [ -67.09462, 1.49746 ], [ -67.09169, 1.49194 ], [ -67.0951, 1.48725 ], [ -67.09244, 1.48391 ], [ -67.08797, 1.48202 ], [ -67.08777, 1.48037 ], [ -67.09032, 1.47831 ], [ -67.08955, 1.47621 ], [ -67.08506, 1.47356 ], [ -67.0811, 1.47469 ], [ -67.07901, 1.47336 ], [ -67.07867, 1.46359 ], [ -67.07741, 1.4615 ], [ -67.07668, 1.45648 ], [ -67.07991, 1.4518 ], [ -67.08251, 1.45108 ], [ -67.08203, 1.44601 ], [ -67.08234, 1.44415 ], [ -67.0847, 1.44045 ], [ -67.08442, 1.43569 ], [ -67.08693, 1.43453 ], [ -67.08474, 1.43256 ], [ -67.08513, 1.42937 ], [ -67.08687, 1.42616 ], [ -67.082, 1.42645 ], [ -67.07864, 1.42434 ], [ -67.08112, 1.42127 ], [ -67.08707, 1.41842 ], [ -67.08706, 1.4145 ], [ -67.083, 1.40789 ], [ -67.07988, 1.40902 ], [ -67.08029, 1.40092 ], [ -67.08366, 1.40106 ], [ -67.08117, 1.39673 ], [ -67.07864, 1.39437 ], [ -67.08198, 1.39093 ], [ -67.08117, 1.38487 ], [ -67.07923, 1.38011 ], [ -67.0845, 1.37497 ], [ -67.07943, 1.37299 ], [ -67.07569, 1.37261 ], [ -67.07485, 1.37007 ], [ -67.07616, 1.3668 ], [ -67.08295, 1.36276 ], [ -67.08547, 1.36302 ], [ -67.08871, 1.35857 ], [ -67.09052, 1.35962 ], [ -67.09239, 1.35942 ], [ -67.09202, 1.35568 ], [ -67.08954, 1.35361 ], [ -67.08878, 1.35078 ], [ -67.0924, 1.3472 ], [ -67.09887, 1.34787 ], [ -67.10221, 1.34447 ], [ -67.10304, 1.33981 ], [ -67.10715, 1.34024 ], [ -67.11151, 1.33764 ], [ -67.11206, 1.33499 ], [ -67.11662, 1.33762 ], [ -67.11646, 1.33923 ], [ -67.12292, 1.3402 ], [ -67.1282, 1.33966 ], [ -67.12652, 1.3426 ], [ -67.13099, 1.34533 ], [ -67.13075, 1.34769 ], [ -67.13191, 1.34971 ], [ -67.13616, 1.34928 ], [ -67.13833, 1.34424 ], [ -67.14007, 1.34248 ], [ -67.14087, 1.34434 ], [ -67.14406, 1.34313 ], [ -67.14759, 1.34517 ], [ -67.15141, 1.34555 ], [ -67.1518, 1.3434 ], [ -67.15304, 1.34233 ], [ -67.15172, 1.33994 ], [ -67.15275, 1.32868 ], [ -67.15615, 1.32574 ], [ -67.15615, 1.31717 ], [ -67.14832, 1.31636 ], [ -67.14501, 1.3138 ], [ -67.14524, 1.30504 ], [ -67.14383, 1.30034 ], [ -67.14088, 1.29944 ], [ -67.13752, 1.2952 ], [ -67.13645, 1.29048 ], [ -67.13004, 1.28854 ], [ -67.13259, 1.28584 ], [ -67.12995, 1.28504 ], [ -67.12812, 1.2829 ], [ -67.12546, 1.28439 ], [ -67.12321, 1.27823 ], [ -67.12496, 1.27381 ], [ -67.12743, 1.27167 ], [ -67.12665, 1.27059 ], [ -67.12154, 1.26791 ], [ -67.11834, 1.26817 ], [ -67.10983, 1.26585 ], [ -67.10899, 1.26211 ], [ -67.10453, 1.25938 ], [ -67.10061, 1.2597 ], [ -67.09948, 1.25447 ], [ -67.09975, 1.25111 ], [ -67.09844, 1.24874 ], [ -67.0993, 1.24479 ], [ -67.10128, 1.24417 ], [ -67.10146, 1.24119 ], [ -67.09945, 1.23717 ], [ -67.1006, 1.23504 ], [ -67.09473, 1.23127 ], [ -67.09474, 1.22853 ], [ -67.09073, 1.22728 ], [ -67.09247, 1.2224 ], [ -67.09134, 1.21386 ], [ -67.08961, 1.21037 ], [ -67.08698, 1.21053 ], [ -67.08735, 1.20432 ], [ -67.0863, 1.202 ], [ -67.08212, 1.2007 ], [ -67.082, 1.19877 ], [ -67.08462, 1.19613 ], [ -67.08543, 1.19177 ], [ -67.09045, 1.18945 ], [ -67.09066, 1.18602 ], [ -67.08789, 1.18424 ], [ -67.08802, 1.18209 ], [ -67.08294, 1.17974 ], [ -67.08583, 1.17719 ], [ -67.08883, 1.17581 ], [ -67.09299, 1.17086 ], [ -67.08942, 1.16701 ], [ -67.08919, 1.16563 ], [ -66.85689, 1.22795 ], [ -66.85055, 1.2236 ], [ -66.85029, 1.2266 ], [ -66.85163, 1.23297 ], [ -66.8558, 1.2434 ], [ -66.85816, 1.24677 ], [ -66.87322, 1.25946 ], [ -66.87593, 1.26349 ], [ -66.88092, 1.28162 ], [ -66.88121, 1.2866 ], [ -66.88103, 1.29033 ], [ -66.87974, 1.29377 ], [ -66.8765, 1.30046 ], [ -66.87326, 1.30508 ], [ -66.87002, 1.30816 ], [ -66.86678, 1.30987 ], [ -66.854, 1.31203 ], [ -66.85023, 1.31475 ], [ -66.84846, 1.31865 ], [ -66.84722, 1.32272 ], [ -66.84774, 1.33527 ], [ -66.85005, 1.34056 ], [ -66.852, 1.35618 ], [ -66.85411, 1.36144 ], [ -66.85606, 1.3697 ], [ -66.86583, 1.38397 ], [ -66.86988, 1.39178 ], [ -66.87484, 1.39809 ], [ -66.8843, 1.40305 ], [ -66.89106, 1.4047 ], [ -66.90158, 1.40906 ], [ -66.90624, 1.41327 ], [ -66.90924, 1.41822 ], [ -66.9121, 1.42724 ], [ -66.91104, 1.44031 ], [ -66.90984, 1.44331 ], [ -66.91074, 1.44797 ], [ -66.91119, 1.46164 ], [ -66.91074, 1.4666 ], [ -66.90864, 1.47336 ], [ -66.90819, 1.48192 ], [ -66.91029, 1.49634 ], [ -66.913, 1.5007 ], [ -66.91871, 1.51497 ], [ -66.92081, 1.53105 ], [ -66.92396, 1.54006 ], [ -66.93087, 1.54967 ], [ -66.93328, 1.55538 ], [ -66.93373, 1.55944 ], [ -66.94229, 1.57521 ], [ -66.94845, 1.58137 ], [ -66.95897, 1.58468 ], [ -66.96287, 1.58964 ], [ -66.96347, 1.59775 ], [ -66.96107, 1.6024 ], [ -66.95972, 1.60901 ], [ -66.95867, 1.62284 ], [ -66.95912, 1.62884 ], [ -66.96438, 1.64462 ], [ -66.96222, 1.66672 ], [ -66.96315, 1.67053 ], [ -66.96571, 1.67483 ], [ -66.97056, 1.68051 ], [ -66.98168, 1.6859 ], [ -66.98545, 1.68668 ], [ -66.98959, 1.69064 ], [ -66.99215, 1.702 ], [ -66.99584, 1.70795 ], [ -66.99794, 1.71609 ], [ -67.00272, 1.72744 ], [ -67.01026, 1.73651 ], [ -67.01296, 1.7409 ], [ -67.01313, 1.75304 ], [ -67.01572, 1.76146 ], [ -67.02131, 1.77159 ], [ -67.02937, 1.77948 ], [ -67.03307, 1.78641 ], [ -67.03765, 1.80899 ], [ -67.03741, 1.82078 ], [ -67.03475, 1.84139 ], [ -67.03539, 1.84548 ], [ -67.04369, 1.85467 ], [ -67.04687, 1.85971 ], [ -67.05251, 1.87814 ], [ -67.05857, 1.89319 ], [ -67.06062, 1.90818 ], [ -67.0645, 1.91648 ], [ -67.06532, 1.92057 ], [ -67.07015, 1.92756 ], [ -67.06997, 1.93076 ], [ -67.07155, 1.93396 ], [ -67.0765, 1.93906 ], [ -67.08072, 1.94037 ], [ -67.0842, 1.94047 ], [ -67.08803, 1.94457 ], [ -67.09128, 1.95097 ], [ -67.09549, 1.95384 ], [ -67.10045, 1.95555 ], [ -67.10357, 1.9583 ], [ -67.10702, 1.96592 ], [ -67.11387, 1.97494 ], [ -67.12152, 1.9757 ], [ -67.123, 1.97689 ], [ -67.12098, 1.99614 ], [ -67.11603, 2.00562 ], [ -67.11485, 2.01225 ], [ -67.11455, 2.02149 ], [ -67.11249, 2.02505 ], [ -67.10818, 2.02961 ], [ -67.10618, 2.03612 ], [ -67.09793, 2.04975 ], [ -67.09704, 2.05241 ], [ -67.09727, 2.06088 ], [ -67.09919, 2.07366 ], [ -67.10135, 2.07829 ], [ -67.10595, 2.09387 ], [ -67.10563, 2.10728 ], [ -67.10802, 2.1193 ], [ -67.11553, 2.13457 ], [ -67.12173, 2.13699 ], [ -67.12666, 2.13725 ], [ -67.13184, 2.13534 ], [ -67.14485, 2.12667 ], [ -67.1476, 2.12562 ], [ -67.15378, 2.12637 ], [ -67.15803, 2.12915 ], [ -67.16158, 2.13284 ], [ -67.16584, 2.14041 ], [ -67.17068, 2.14465 ], [ -67.17517, 2.15088 ], [ -67.17957, 2.15962 ], [ -67.18593, 2.16819 ], [ -67.18776, 2.1741 ], [ -67.19073, 2.17754 ], [ -67.19476, 2.18937 ], [ -67.19546, 2.19732 ], [ -67.20126, 2.21055 ], [ -67.20252, 2.22327 ], [ -67.20492, 2.22785 ], [ -67.20776, 2.23077 ], [ -67.22071, 2.25062 ], [ -67.22197, 2.25425 ], [ -67.22051, 2.26366 ], [ -67.21589, 2.26868 ], [ -67.21564, 2.2744 ], [ -67.21399, 2.2807 ], [ -67.21468, 2.28788 ], [ -67.21841, 2.29367 ], [ -67.21739, 2.3027 ], [ -67.21644, 2.30531 ], [ -67.21366, 2.30963 ], [ -67.20822, 2.31281 ], [ -67.20468, 2.31643 ], [ -67.19848, 2.32049 ], [ -67.19683, 2.32272 ], [ -67.19063, 2.33518 ], [ -67.18614, 2.34052 ], [ -67.18721, 2.34897 ], [ -67.1915, 2.35464 ], [ -67.20319, 2.36654 ], [ -67.20521, 2.3708 ], [ -67.21099, 2.37801 ], [ -67.21102, 2.37981 ], [ -67.21124, 2.38042 ], [ -67.21296, 2.38208 ], [ -67.21388, 2.38263 ], [ -67.21405, 2.38301 ], [ -67.215, 2.39045 ], [ -67.22176, 2.3986 ], [ -67.22852, 2.40324 ], [ -67.23939, 2.40865 ], [ -67.25266, 2.41966 ], [ -67.25676, 2.42609 ], [ -67.26056, 2.42914 ], [ -67.26271, 2.43004 ], [ -67.26821, 2.43048 ], [ -67.27111, 2.42947 ], [ -67.27655, 2.42966 ], [ -67.28142, 2.43208 ], [ -67.28774, 2.43819 ], [ -67.29425, 2.43991 ], [ -67.29709, 2.44195 ], [ -67.30101, 2.44888 ], [ -67.30183, 2.45225 ], [ -67.30182, 2.45823 ], [ -67.30309, 2.46122 ], [ -67.30505, 2.46338 ], [ -67.31282, 2.46873 ], [ -67.31515, 2.47496 ], [ -67.31775, 2.47859 ], [ -67.32565, 2.48343 ], [ -67.32849, 2.48603 ], [ -67.33645, 2.50027 ], [ -67.33516, 2.50604 ], [ -67.33616, 2.51259 ], [ -67.33945, 2.51869 ], [ -67.34463, 2.52474 ], [ -67.3519, 2.52951 ], [ -67.35787, 2.52939 ], [ -67.36272, 2.5344 ], [ -67.36824, 2.53591 ], [ -67.37573, 2.54097 ], [ -67.37952, 2.54193 ], [ -67.38325, 2.54397 ], [ -67.38483, 2.54676 ], [ -67.3866, 2.55395 ], [ -67.38647, 2.56304 ], [ -67.39209, 2.5736 ], [ -67.39544, 2.57583 ], [ -67.40201, 2.57698 ], [ -67.41466, 2.58331 ], [ -67.42001, 2.58925 ], [ -67.43046, 2.59658 ], [ -67.43185, 2.59963 ], [ -67.43918, 2.60873 ], [ -67.44721, 2.6151 ], [ -67.45093, 2.61936 ], [ -67.45681, 2.62051 ], [ -67.46491, 2.61841 ], [ -67.46763, 2.61943 ], [ -67.47053, 2.6242 ], [ -67.47438, 2.63768 ], [ -67.48038, 2.65289 ], [ -67.48241, 2.65617 ], [ -67.48351, 2.66322 ], [ -67.48674, 2.66697 ], [ -67.50555, 2.66644 ], [ -67.50902, 2.6674 ], [ -67.51965, 2.67281 ], [ -67.52319, 2.67338 ], [ -67.53894, 2.6683 ], [ -67.54817, 2.66176 ], [ -67.55133, 2.65801 ], [ -67.55193, 2.65656 ], [ -67.56251, 2.65672 ], [ -67.5631, 2.65712 ], [ -67.56765, 2.66456 ], [ -67.56891, 2.6687 ], [ -67.56928, 2.68091 ], [ -67.56827, 2.68854 ], [ -67.56529, 2.69681 ], [ -67.56548, 2.70482 ], [ -67.56478, 2.71016 ], [ -67.56307, 2.7148 ], [ -67.56275, 2.72129 ], [ -67.56383, 2.72606 ], [ -67.56452, 2.72746 ], [ -67.56914, 2.73064 ], [ -67.57325, 2.73535 ], [ -67.57894, 2.73834 ], [ -67.58431, 2.74394 ], [ -67.58589, 2.75163 ], [ -67.58595, 2.75812 ], [ -67.58348, 2.77166 ], [ -67.58619, 2.77911 ], [ -67.59302, 2.78807 ], [ -67.602, 2.79743 ], [ -67.61034, 2.80411 ], [ -67.6123, 2.81015 ], [ -67.61704, 2.8132 ], [ -67.62141, 2.81384 ], [ -67.63791, 2.81029 ], [ -67.6407, 2.80914 ], [ -67.64285, 2.80705 ], [ -67.64981, 2.79789 ], [ -67.65392, 2.79662 ], [ -67.65835, 2.79656 ], [ -67.67036, 2.80063 ], [ -67.68561, 2.80229 ], [ -67.69326, 2.80497 ], [ -67.72526, 2.81318 ], [ -67.73557, 2.81693 ], [ -67.73708, 2.81827 ], [ -67.73816, 2.82291 ], [ -67.73752, 2.82705 ], [ -67.73506, 2.82946 ], [ -67.73505, 2.83347 ], [ -67.73607, 2.83563 ], [ -67.73992, 2.8378 ], [ -67.75327, 2.83685 ], [ -67.76364, 2.83182 ], [ -67.77225, 2.8303 ], [ -67.77731, 2.82782 ], [ -67.78256, 2.82668 ], [ -67.78818, 2.82636 ], [ -67.79413, 2.82706 ], [ -67.80001, 2.82827 ], [ -67.81089, 2.83215 ], [ -67.81538, 2.83126 ], [ -67.82234, 2.8272 ], [ -67.82563, 2.82344 ], [ -67.83044, 2.81378 ], [ -67.83196, 2.81219 ], [ -67.83297, 2.8092 ], [ -67.83265, 2.80462 ], [ -67.83422, 2.80358 ], [ -67.83575, 2.79725 ], [ -67.83795, 2.7933 ], [ -67.84307, 2.79218 ], [ -67.85269, 2.79168 ], [ -67.85703, 2.78838 ], [ -67.86411, 2.78947 ], [ -67.86283, 2.86487 ], [ -67.51641, 3.17474 ], [ -67.43485, 3.24847 ], [ -67.38118, 3.24842 ], [ -67.38072, 3.25158 ], [ -67.38413, 3.26084 ], [ -67.38429, 3.26496 ], [ -67.38112, 3.28178 ], [ -67.38193, 3.28844 ], [ -67.3816, 3.29258 ], [ -67.37522, 3.30105 ], [ -67.37224, 3.30261 ], [ -67.36939, 3.3023 ], [ -67.35663, 3.30936 ], [ -67.35331, 3.31271 ], [ -67.35188, 3.31667 ], [ -67.34304, 3.32508 ], [ -67.33972, 3.32968 ], [ -67.3364, 3.33174 ], [ -67.33434, 3.33538 ], [ -67.33323, 3.34189 ], [ -67.32501, 3.35664 ], [ -67.32614, 3.36158 ], [ -67.32504, 3.36395 ], [ -67.32264, 3.36648 ], [ -67.31383, 3.37237 ], [ -67.31146, 3.37521 ], [ -67.31078, 3.37789 ], [ -67.31239, 3.38726 ], [ -67.31209, 3.39117 ], [ -67.31301, 3.39456 ], [ -67.31708, 3.40091 ], [ -67.31897, 3.40757 ], [ -67.32999, 3.42569 ], [ -67.33412, 3.44153 ], [ -67.33915, 3.45102 ], [ -67.34377, 3.4541 ], [ -67.35667, 3.45775 ], [ -67.36977, 3.46696 ], [ -67.38098, 3.47028 ], [ -67.39062, 3.47047 ], [ -67.39456, 3.47158 ], [ -67.3993, 3.47635 ], [ -67.40147, 3.48 ], [ -67.40496, 3.48929 ], [ -67.40742, 3.5014 ], [ -67.40764, 3.51729 ], [ -67.40966, 3.52508 ], [ -67.40952, 3.53046 ], [ -67.41204, 3.53888 ], [ -67.41787, 3.54763 ], [ -67.42483, 3.55444 ], [ -67.43067, 3.56225 ], [ -67.43129, 3.57507 ], [ -67.4332, 3.57791 ], [ -67.43791, 3.5819 ], [ -67.44155, 3.58317 ], [ -67.44407, 3.58524 ], [ -67.44669, 3.60421 ], [ -67.44842, 3.60753 ], [ -67.44884, 3.61148 ], [ -67.44538, 3.614 ], [ -67.43929, 3.6378 ], [ -67.43887, 3.64324 ], [ -67.4399, 3.64663 ], [ -67.45129, 3.65205 ], [ -67.45303, 3.65506 ], [ -67.45334, 3.65887 ], [ -67.45207, 3.66268 ], [ -67.44863, 3.66839 ], [ -67.44796, 3.67648 ], [ -67.44922, 3.67918 ], [ -67.45443, 3.68268 ], [ -67.46359, 3.683 ], [ -67.46596, 3.68475 ], [ -67.47132, 3.69523 ], [ -67.47921, 3.70475 ], [ -67.48284, 3.7119 ], [ -67.48363, 3.7184 ], [ -67.48599, 3.7238 ], [ -67.48535, 3.73634 ], [ -67.48661, 3.74268 ], [ -67.50129, 3.76745 ], [ -67.50318, 3.76935 ], [ -67.51171, 3.77238 ], [ -67.51613, 3.77523 ], [ -67.51913, 3.77524 ], [ -67.52482, 3.77365 ], [ -67.52956, 3.7689 ], [ -67.53731, 3.75843 ], [ -67.54047, 3.75652 ], [ -67.54805, 3.7551 ], [ -67.55611, 3.75717 ], [ -67.5708, 3.75416 ], [ -67.5825, 3.75276 ], [ -67.59434, 3.75132 ], [ -67.60682, 3.75212 ], [ -67.61014, 3.75387 ], [ -67.61251, 3.75561 ], [ -67.61378, 3.75924 ], [ -67.61803, 3.76593 ], [ -67.62272, 3.77795 ], [ -67.62466, 3.78004 ], [ -67.63443, 3.78555 ], [ -67.63697, 3.7972 ], [ -67.63997, 3.80403 ], [ -67.64294, 3.80863 ], [ -67.64502, 3.81514 ], [ -67.64612, 3.8272 ], [ -67.64422, 3.83466 ], [ -67.64532, 3.84244 ], [ -67.64468, 3.84894 ], [ -67.64879, 3.86196 ], [ -67.65016, 3.86893 ], [ -67.65888, 3.88218 ], [ -67.66034, 3.88543 ], [ -67.66292, 3.89708 ], [ -67.67305, 3.90931 ], [ -67.67638, 3.91228 ], [ -67.68121, 3.91303 ], [ -67.68331, 3.91605 ], [ -67.68489, 3.92408 ], [ -67.69028, 3.93026 ], [ -67.69147, 3.93263 ], [ -67.69239, 3.93618 ], [ -67.69226, 3.9446 ], [ -67.69093, 3.95243 ], [ -67.69472, 3.96243 ], [ -67.6974, 3.97703 ], [ -67.69833, 4.00036 ], [ -67.69801, 4.01083 ], [ -67.6999, 4.02575 ], [ -67.70337, 4.03956 ], [ -67.7076, 4.04503 ], [ -67.7138, 4.05226 ], [ -67.71853, 4.06274 ], [ -67.72295, 4.08622 ], [ -67.72879, 4.10384 ], [ -67.7332, 4.12289 ], [ -67.73557, 4.12812 ], [ -67.74205, 4.13923 ], [ -67.74931, 4.1467 ], [ -67.76844, 4.1623 ], [ -67.76963, 4.16738 ], [ -67.77411, 4.17634 ], [ -67.77574, 4.18265 ], [ -67.77655, 4.20423 ], [ -67.78144, 4.21095 ], [ -67.78592, 4.21319 ], [ -67.78938, 4.21929 ], [ -67.79463, 4.22586 ], [ -67.79701, 4.22967 ], [ -67.79839, 4.23662 ], [ -67.79847, 4.24183 ], [ -67.79626, 4.24953 ], [ -67.79545, 4.26061 ], [ -67.79271, 4.26782 ], [ -67.7913, 4.2766 ], [ -67.80198, 4.30263 ], [ -67.80567, 4.31523 ], [ -67.80401, 4.32728 ], [ -67.79912, 4.33537 ], [ -67.79101, 4.34005 ], [ -67.78188, 4.34002 ], [ -67.77344, 4.33769 ], [ -67.76842, 4.33884 ], [ -67.76381, 4.34115 ], [ -67.76161, 4.34934 ], [ -67.76392, 4.3617 ], [ -67.76623, 4.36696 ], [ -67.77086, 4.3732 ], [ -67.77878, 4.37945 ], [ -67.78146, 4.39242 ], [ -67.78011, 4.39988 ], [ -67.77828, 4.40428 ], [ -67.7723, 4.41242 ], [ -67.77318, 4.419 ], [ -67.77589, 4.42079 ], [ -67.78714, 4.42498 ], [ -67.79488, 4.4325 ], [ -67.79782, 4.43706 ], [ -67.79792, 4.44121 ], [ -67.79561, 4.45017 ], [ -67.79277, 4.45628 ], [ -67.79179, 4.46705 ], [ -67.79288, 4.47084 ], [ -67.79922, 4.47977 ], [ -67.80836, 4.48944 ], [ -67.81762, 4.49654 ], [ -67.8398, 4.50536 ], [ -67.8537, 4.51772 ], [ -67.85723, 4.52469 ], [ -67.85759, 4.53118 ], [ -67.85515, 4.53901 ], [ -67.85052, 4.545 ], [ -67.84052, 4.55454 ], [ -67.8393, 4.55748 ], [ -67.84015, 4.56934 ], [ -67.84343, 4.58623 ], [ -67.84611, 4.59381 ], [ -67.84605, 4.60068 ], [ -67.84385, 4.61524 ], [ -67.84531, 4.62992 ], [ -67.84494, 4.64509 ], [ -67.84213, 4.655 ], [ -67.83871, 4.66234 ], [ -67.82273, 4.69243 ], [ -67.81784, 4.70723 ], [ -67.81796, 4.71384 ], [ -67.81942, 4.72167 ], [ -67.82271, 4.72864 ], [ -67.82381, 4.73366 ], [ -67.82429, 4.75054 ], [ -67.82636, 4.76755 ], [ -67.82635, 4.78737 ], [ -67.82232, 4.80645 ], [ -67.82365, 4.82737 ], [ -67.82328, 4.83985 ], [ -67.82645, 4.85833 ], [ -67.82827, 4.86444 ], [ -67.83571, 4.88157 ], [ -67.83643, 4.89026 ], [ -67.83545, 4.90592 ], [ -67.83666, 4.92978 ], [ -67.83873, 4.93846 ], [ -67.83873, 4.94348 ], [ -67.83568, 4.94996 ], [ -67.83019, 4.95608 ], [ -67.82328, 4.97706 ], [ -67.82034, 5.00043 ], [ -67.82143, 5.0222 ], [ -67.81972, 5.02881 ], [ -67.80971, 5.04214 ], [ -67.80703, 5.04801 ], [ -67.80593, 5.05401 ], [ -67.80866, 5.05842 ], [ -67.81666, 5.0615 ], [ -67.82194, 5.06595 ], [ -67.82296, 5.07176 ], [ -67.82211, 5.08389 ], [ -67.8267, 5.0897 ], [ -67.83925, 5.11326 ], [ -67.85064, 5.12615 ], [ -67.85249, 5.12945 ], [ -67.85255, 5.13149 ], [ -67.85219, 5.14291 ], [ -67.8521, 5.14403 ], [ -67.84318, 5.16143 ], [ -67.83792, 5.17786 ], [ -67.83434, 5.18316 ], [ -67.82632, 5.19135 ], [ -67.82445, 5.19614 ], [ -67.82518, 5.20189 ], [ -67.82907, 5.20894 ], [ -67.83076, 5.22399 ], [ -67.82843, 5.23331 ], [ -67.82355, 5.24698 ], [ -67.82387, 5.25104 ], [ -67.82968, 5.25779 ], [ -67.83142, 5.26175 ], [ -67.84198, 5.26629 ], [ -67.8469, 5.26954 ], [ -67.84933, 5.27392 ], [ -67.85135, 5.28084 ], [ -67.85025, 5.28769 ], [ -67.84951, 5.30396 ], [ -67.84768, 5.30787 ], [ -67.83777, 5.32092 ], [ -67.82854, 5.3271 ], [ -67.8198, 5.3348 ], [ -67.814, 5.34258 ], [ -67.80724, 5.35131 ], [ -67.79832, 5.3596 ], [ -67.77617, 5.36827 ], [ -67.77158, 5.37114 ], [ -67.75996, 5.38131 ], [ -67.75437, 5.38513 ], [ -67.73474, 5.39429 ], [ -67.72659, 5.39717 ], [ -67.7172, 5.41076 ], [ -67.70609, 5.42019 ], [ -67.70053, 5.42298 ], [ -67.6883, 5.42535 ], [ -67.68091, 5.42791 ], [ -67.67091, 5.43659 ], [ -67.66549, 5.44016 ], [ -67.65905, 5.44712 ], [ -67.65054, 5.45468 ], [ -67.63442, 5.46561 ], [ -67.62537, 5.47525 ], [ -67.62304, 5.48356 ], [ -67.62284, 5.49794 ], [ -67.61903, 5.51261 ], [ -67.61744, 5.51605 ], [ -67.61508, 5.51866 ], [ -67.60786, 5.52227 ], [ -67.60494, 5.52545 ], [ -67.59966, 5.5379 ], [ -67.59889, 5.54409 ], [ -67.60254, 5.55065 ], [ -67.60787, 5.55527 ], [ -67.61578, 5.56049 ], [ -67.62018, 5.56625 ], [ -67.62087, 5.57246 ], [ -67.62005, 5.58869 ], [ -67.6221, 5.59488 ], [ -67.62518, 5.5993 ], [ -67.62704, 5.60496 ], [ -67.62887, 5.61343 ], [ -67.62897, 5.62049 ], [ -67.63037, 5.62485 ], [ -67.63059, 5.63242 ], [ -67.63623, 5.64293 ], [ -67.63741, 5.64709 ], [ -67.63795, 5.67474 ], [ -67.63458, 5.68782 ], [ -67.63297, 5.72139 ], [ -67.6311, 5.73235 ], [ -67.62171, 5.74419 ], [ -67.61944, 5.74818 ], [ -67.61632, 5.75715 ], [ -67.61482, 5.76622 ], [ -67.6108, 5.77629 ], [ -67.60881, 5.79491 ], [ -67.60061, 5.80885 ], [ -67.59958, 5.81252 ], [ -67.59915, 5.82064 ], [ -67.59726, 5.828 ], [ -67.58759, 5.84031 ], [ -67.57612, 5.85027 ], [ -67.56333, 5.85933 ], [ -67.55986, 5.86789 ], [ -67.55661, 5.87351 ], [ -67.55016, 5.88155 ], [ -67.54097, 5.89528 ], [ -67.53053, 5.90591 ], [ -67.52015, 5.91324 ], [ -67.5013, 5.92149 ], [ -67.48921, 5.93022 ], [ -67.47842, 5.9365 ], [ -67.47466, 5.94036 ], [ -67.46915, 5.95124 ], [ -67.4626, 5.95915 ], [ -67.44072, 5.9737 ], [ -67.41751, 5.98346 ], [ -67.41391, 5.98632 ], [ -67.41159, 5.98962 ], [ -67.40981, 5.99698 ], [ -67.41011, 6.0043 ], [ -67.41122, 6.00879 ], [ -67.4133, 6.01284 ], [ -67.423, 6.02023 ], [ -67.42757, 6.02596 ], [ -67.42835, 6.03073 ], [ -67.42762, 6.03842 ], [ -67.43129, 6.04121 ], [ -67.43921, 6.04536 ], [ -67.44723, 6.05139 ], [ -67.45597, 6.05868 ], [ -67.46021, 6.06361 ], [ -67.47192, 6.08154 ], [ -67.47396, 6.09412 ], [ -67.47658, 6.10067 ], [ -67.48673, 6.11332 ], [ -67.49342, 6.12752 ], [ -67.49425, 6.13397 ], [ -67.49327, 6.14204 ], [ -67.49164, 6.14918 ], [ -67.48611, 6.16331 ], [ -67.45598, 6.18967 ], [ -67.45605, 6.19242 ], [ -67.4571, 6.1946 ], [ -67.46956, 6.2081 ], [ -67.49346, 6.22396 ], [ -67.50561, 6.22997 ], [ -67.51147, 6.23389 ], [ -67.51866, 6.24047 ], [ -67.53481, 6.26019 ], [ -67.54011, 6.26346 ], [ -67.54719, 6.26623 ], [ -67.55467, 6.26721 ], [ -67.57697, 6.26265 ], [ -67.58638, 6.26244 ], [ -67.59615, 6.26765 ], [ -67.6021, 6.27434 ], [ -67.60711, 6.28176 ], [ -67.61138, 6.28551 ], [ -67.61848, 6.28944 ], [ -67.62526, 6.29135 ], [ -67.63404, 6.28969 ], [ -67.64135, 6.28945 ], [ -67.6649, 6.29039 ], [ -67.67897, 6.29313 ], [ -67.69957, 6.29367 ], [ -67.70722, 6.29543 ], [ -67.71694, 6.30023 ], [ -67.7188, 6.30046 ], [ -67.73606, 6.29733 ], [ -67.75665, 6.2914 ], [ -67.76177, 6.29137 ], [ -67.76996, 6.29486 ], [ -67.77519, 6.30032 ], [ -67.78163, 6.30481 ], [ -67.79196, 6.31631 ], [ -67.79713, 6.3207 ], [ -67.80274, 6.32339 ], [ -67.80999, 6.32432 ], [ -67.83488, 6.31771 ], [ -67.84567, 6.31204 ], [ -67.85317, 6.30182 ], [ -67.86083, 6.29494 ], [ -67.8739, 6.28526 ], [ -67.88537, 6.2791 ], [ -67.90294, 6.26688 ], [ -67.91252, 6.25374 ], [ -67.92318, 6.24149 ], [ -67.92981, 6.23635 ], [ -67.9549, 6.2255 ], [ -67.96616, 6.21846 ], [ -67.9783, 6.20809 ], [ -67.98526, 6.20706 ], [ -67.99568, 6.2088 ], [ -68.0016, 6.20817 ], [ -68.02286, 6.19744 ], [ -68.02727, 6.19615 ], [ -68.03647, 6.19607 ], [ -68.04315, 6.19895 ], [ -68.05018, 6.20446 ], [ -68.05676, 6.21306 ], [ -68.06425, 6.22014 ], [ -68.07769, 6.2271 ], [ -68.09333, 6.23137 ], [ -68.09791, 6.23187 ], [ -68.10518, 6.2312 ], [ -68.11339, 6.2271 ], [ -68.12049, 6.2255 ], [ -68.12836, 6.22549 ], [ -68.13564, 6.22842 ], [ -68.14185, 6.22867 ], [ -68.15301, 6.22643 ], [ -68.16326, 6.22218 ], [ -68.16828, 6.2212 ], [ -68.172, 6.21897 ], [ -68.17619, 6.21438 ], [ -68.18679, 6.2102 ], [ -68.19948, 6.20946 ], [ -68.21399, 6.20752 ], [ -68.22745, 6.2018 ], [ -68.24058, 6.19749 ], [ -68.25475, 6.19763 ], [ -68.25739, 6.19703 ], [ -68.26327, 6.19188 ], [ -68.26882, 6.18421 ], [ -68.27738, 6.17897 ], [ -68.28459, 6.17284 ], [ -68.2963, 6.16601 ], [ -68.30697, 6.16299 ], [ -68.31398, 6.16229 ], [ -68.31919, 6.16357 ], [ -68.32838, 6.16395 ], [ -68.34071, 6.17021 ], [ -68.34551, 6.17412 ], [ -68.35484, 6.1791 ], [ -68.36778, 6.18297 ], [ -68.37357, 6.18588 ], [ -68.38144, 6.18572 ], [ -68.38743, 6.18327 ], [ -68.39413, 6.18237 ], [ -68.40303, 6.18291 ], [ -68.41271, 6.18544 ], [ -68.4272, 6.18213 ], [ -68.44321, 6.18713 ], [ -68.44857, 6.18773 ], [ -68.45776, 6.18459 ], [ -68.46337, 6.18365 ], [ -68.4769, 6.18387 ], [ -68.48799, 6.18045 ], [ -68.50289, 6.18045 ], [ -68.51008, 6.17907 ], [ -68.51373, 6.17555 ], [ -68.5188, 6.1642 ], [ -68.52268, 6.15933 ], [ -68.53347, 6.15162 ], [ -68.542, 6.14898 ], [ -68.54687, 6.14884 ], [ -68.55137, 6.14974 ], [ -68.57668, 6.16689 ], [ -68.58315, 6.16717 ], [ -68.58847, 6.16633 ], [ -68.59688, 6.16334 ], [ -68.60521, 6.15681 ], [ -68.61569, 6.1506 ], [ -68.62224, 6.14233 ], [ -68.62798, 6.13737 ], [ -68.63391, 6.13357 ], [ -68.64403, 6.12915 ], [ -68.6503, 6.12945 ], [ -68.66546, 6.13213 ], [ -68.67832, 6.13053 ], [ -68.68689, 6.13195 ], [ -68.69268, 6.13754 ], [ -68.69568, 6.14734 ], [ -68.70068, 6.15063 ], [ -68.70645, 6.15207 ], [ -68.71782, 6.15152 ], [ -68.7281, 6.15199 ], [ -68.74613, 6.15685 ], [ -68.75181, 6.15687 ], [ -68.75555, 6.15625 ], [ -68.76674, 6.15224 ], [ -68.78024, 6.14979 ], [ -68.79639, 6.1547 ], [ -68.79643, 6.1549 ], [ -68.79843, 6.15812 ], [ -68.80412, 6.16353 ], [ -68.80913, 6.17024 ], [ -68.81353, 6.17289 ], [ -68.82566, 6.17894 ], [ -68.83096, 6.18011 ], [ -68.83555, 6.18005 ], [ -68.856, 6.17763 ], [ -68.85819, 6.17664 ], [ -68.86572, 6.1704 ], [ -68.87098, 6.16822 ], [ -68.87599, 6.16711 ], [ -68.88357, 6.16747 ], [ -68.91759, 6.17725 ], [ -68.92175, 6.17647 ], [ -68.93444, 6.17698 ], [ -68.94301, 6.18036 ], [ -68.94961, 6.18462 ], [ -68.96071, 6.18896 ], [ -68.97048, 6.19532 ], [ -68.97331, 6.19619 ], [ -68.98438, 6.19596 ], [ -69.00425, 6.19166 ], [ -69.0139, 6.19287 ], [ -69.01781, 6.19466 ], [ -69.02328, 6.20106 ], [ -69.02878, 6.21372 ], [ -69.03131, 6.21723 ], [ -69.03485, 6.21917 ], [ -69.04347, 6.22157 ], [ -69.04645, 6.22167 ], [ -69.05744, 6.21881 ], [ -69.06257, 6.21866 ], [ -69.06813, 6.21743 ], [ -69.08902, 6.20996 ], [ -69.09105, 6.20863 ], [ -69.09291, 6.20561 ], [ -69.0967, 6.19724 ], [ -69.10176, 6.19412 ], [ -69.10835, 6.19257 ], [ -69.11945, 6.19243 ], [ -69.12373, 6.19091 ], [ -69.13282, 6.18358 ], [ -69.13869, 6.17547 ], [ -69.1435, 6.16257 ], [ -69.1503, 6.15088 ], [ -69.15284, 6.14963 ], [ -69.16079, 6.14993 ], [ -69.16422, 6.14862 ], [ -69.16864, 6.14819 ], [ -69.173, 6.14879 ], [ -69.1777, 6.14727 ], [ -69.1872, 6.13843 ], [ -69.20198, 6.12689 ], [ -69.21197, 6.11788 ], [ -69.21375, 6.11436 ], [ -69.21732, 6.10201 ], [ -69.23282, 6.08396 ], [ -69.23861, 6.07953 ], [ -69.24971, 6.07957 ], [ -69.2598, 6.08286 ], [ -69.26572, 6.0823 ], [ -69.27007, 6.08081 ], [ -69.27825, 6.08176 ], [ -69.28749, 6.08705 ], [ -69.29318, 6.0876 ], [ -69.32527, 6.12417 ], [ -69.32926, 6.13197 ], [ -69.33541, 6.13773 ], [ -69.34466, 6.14438 ], [ -69.36099, 6.14002 ], [ -69.37647, 6.12903 ], [ -69.38442, 6.12552 ], [ -69.39323, 6.12731 ], [ -69.40427, 6.12558 ], [ -69.41223, 6.12031 ], [ -69.4171, 6.11238 ], [ -69.42747, 6.10734 ], [ -69.42885, 6.10908 ], [ -69.76161, 6.53034 ], [ -70.10066, 6.95919 ], [ -70.1178, 6.97941 ], [ -70.12569, 6.9788 ], [ -70.13369, 6.97508 ], [ -70.13725, 6.97722 ], [ -70.14039, 6.97655 ], [ -70.14238, 6.97873 ], [ -70.14526, 6.97899 ], [ -70.14608, 6.98276 ], [ -70.14903, 6.98434 ], [ -70.15449, 6.98232 ], [ -70.15684, 6.98054 ], [ -70.16052, 6.98033 ], [ -70.1664, 6.97803 ], [ -70.16957, 6.97864 ], [ -70.17279, 6.9764 ], [ -70.18022, 6.97937 ], [ -70.18234, 6.97689 ], [ -70.18904, 6.97861 ], [ -70.19177, 6.9762 ], [ -70.19667, 6.97909 ], [ -70.20189, 6.97574 ], [ -70.20314, 6.9758 ], [ -70.20508, 6.97832 ], [ -70.20611, 6.97839 ], [ -70.21086, 6.97441 ], [ -70.2166, 6.97581 ], [ -70.22088, 6.97465 ], [ -70.22433, 6.97472 ], [ -70.22608, 6.97237 ], [ -70.22887, 6.97092 ], [ -70.22862, 6.96739 ], [ -70.23037, 6.9654 ], [ -70.24168, 6.96164 ], [ -70.24407, 6.95972 ], [ -70.24999, 6.95852 ], [ -70.25071, 6.95685 ], [ -70.24961, 6.95354 ], [ -70.25339, 6.95151 ], [ -70.2566, 6.94689 ], [ -70.2655, 6.94123 ], [ -70.27331, 6.94094 ], [ -70.27754, 6.93765 ], [ -70.28381, 6.94109 ], [ -70.28542, 6.94021 ], [ -70.28838, 6.93604 ], [ -70.29448, 6.93395 ], [ -70.3015, 6.93713 ], [ -70.30545, 6.93686 ], [ -70.30773, 6.93754 ], [ -70.31241, 6.93587 ], [ -70.32239, 6.93457 ], [ -70.32442, 6.93543 ], [ -70.3278, 6.9406 ], [ -70.33293, 6.9406 ], [ -70.3383, 6.94464 ], [ -70.34258, 6.94397 ], [ -70.34415, 6.94443 ], [ -70.34767, 6.94884 ], [ -70.34843, 6.95206 ], [ -70.3493, 6.9527 ], [ -70.35294, 6.95148 ], [ -70.3545, 6.95199 ], [ -70.35493, 6.95371 ], [ -70.3513, 6.95524 ], [ -70.35226, 6.95659 ], [ -70.35486, 6.95724 ], [ -70.35851, 6.95559 ], [ -70.36075, 6.95622 ], [ -70.36249, 6.96071 ], [ -70.36151, 6.96697 ], [ -70.366, 6.96698 ], [ -70.36792, 6.97011 ], [ -70.37106, 6.97158 ], [ -70.37115, 6.97934 ], [ -70.37211, 6.98091 ], [ -70.37992, 6.98064 ], [ -70.38482, 6.98513 ], [ -70.38729, 6.9856 ], [ -70.39738, 6.98156 ], [ -70.40279, 6.98787 ], [ -70.40411, 6.98823 ], [ -70.40621, 6.9847 ], [ -70.41036, 6.98506 ], [ -70.41107, 6.9825 ], [ -70.41467, 6.98087 ], [ -70.41667, 6.98087 ], [ -70.4229, 6.98636 ], [ -70.42386, 6.99107 ], [ -70.4277, 6.99378 ], [ -70.42652, 6.99809 ], [ -70.42967, 7.00176 ], [ -70.4299, 7.00564 ], [ -70.43111, 7.00728 ], [ -70.43689, 7.0065 ], [ -70.43611, 7.00291 ], [ -70.43694, 7.00119 ], [ -70.43795, 7.00211 ], [ -70.43817, 7.00694 ], [ -70.43941, 7.00787 ], [ -70.4407, 7.0074 ], [ -70.44273, 7.00352 ], [ -70.44448, 7.00267 ], [ -70.44765, 7.0026 ], [ -70.45061, 7.00382 ], [ -70.45521, 7.00376 ], [ -70.45524, 7.00507 ], [ -70.45036, 7.00728 ], [ -70.45242, 7.01105 ], [ -70.45541, 7.01191 ], [ -70.45791, 7.00967 ], [ -70.4597, 7.00269 ], [ -70.46088, 7.00223 ], [ -70.46575, 7.00334 ], [ -70.46698, 7.00071 ], [ -70.4745, 7.00139 ], [ -70.48323, 7.00625 ], [ -70.49052, 7.00898 ], [ -70.49289, 7.00843 ], [ -70.49271, 7.00537 ], [ -70.4956, 7.00644 ], [ -70.50234, 7.00567 ], [ -70.50476, 7.01076 ], [ -70.50911, 7.01427 ], [ -70.50922, 7.018 ], [ -70.51465, 7.02074 ], [ -70.51473, 7.02189 ], [ -70.51101, 7.02491 ], [ -70.51119, 7.02755 ], [ -70.51411, 7.0283 ], [ -70.51649, 7.03137 ], [ -70.52159, 7.03483 ], [ -70.52572, 7.03572 ], [ -70.52805, 7.04177 ], [ -70.52923, 7.04192 ], [ -70.53164, 7.04007 ], [ -70.53716, 7.03994 ], [ -70.5388, 7.04072 ], [ -70.53805, 7.04247 ], [ -70.53412, 7.04339 ], [ -70.53221, 7.04602 ], [ -70.53234, 7.04727 ], [ -70.53352, 7.0478 ], [ -70.53976, 7.04521 ], [ -70.54164, 7.04871 ], [ -70.54075, 7.05081 ], [ -70.53776, 7.05066 ], [ -70.53547, 7.05347 ], [ -70.53543, 7.05458 ], [ -70.53739, 7.05615 ], [ -70.53778, 7.05832 ], [ -70.53921, 7.06017 ], [ -70.54231, 7.0616 ], [ -70.54223, 7.06427 ], [ -70.54405, 7.06898 ], [ -70.54743, 7.07108 ], [ -70.5496, 7.07472 ], [ -70.55502, 7.07593 ], [ -70.55633, 7.07932 ], [ -70.55798, 7.0795 ], [ -70.5595, 7.07799 ], [ -70.56197, 7.07748 ], [ -70.56755, 7.08084 ], [ -70.57097, 7.08079 ], [ -70.57281, 7.07958 ], [ -70.57427, 7.07667 ], [ -70.57623, 7.07503 ], [ -70.58117, 7.0763 ], [ -70.58428, 7.07612 ], [ -70.58625, 7.07359 ], [ -70.58479, 7.06915 ], [ -70.586, 7.0684 ], [ -70.59246, 7.06771 ], [ -70.60653, 7.06373 ], [ -70.60868, 7.06399 ], [ -70.61337, 7.06722 ], [ -70.62148, 7.06799 ], [ -70.62452, 7.07052 ], [ -70.63006, 7.06925 ], [ -70.63469, 7.07042 ], [ -70.64153, 7.0687 ], [ -70.64305, 7.06971 ], [ -70.64344, 7.07477 ], [ -70.6465, 7.07808 ], [ -70.65258, 7.07986 ], [ -70.65796, 7.08018 ], [ -70.6629, 7.08366 ], [ -70.67095, 7.08506 ], [ -70.67443, 7.08677 ], [ -70.67987, 7.09254 ], [ -70.6843, 7.10362 ], [ -70.68721, 7.10438 ], [ -70.69, 7.1035 ], [ -70.69406, 7.09647 ], [ -70.69704, 7.09401 ], [ -70.70395, 7.09262 ], [ -70.71029, 7.09389 ], [ -70.71504, 7.09396 ], [ -70.73596, 7.0887 ], [ -70.74228, 7.08893 ], [ -70.74625, 7.091 ], [ -70.75003, 7.09176 ], [ -70.75838, 7.09748 ], [ -70.76217, 7.09732 ], [ -70.76478, 7.09382 ], [ -70.7644, 7.0909 ], [ -70.76649, 7.08952 ], [ -70.76986, 7.08894 ], [ -70.77345, 7.08035 ], [ -70.77743, 7.07669 ], [ -70.77902, 7.07667 ], [ -70.78257, 7.07846 ], [ -70.785, 7.08179 ], [ -70.7876, 7.08338 ], [ -70.79154, 7.08279 ], [ -70.79678, 7.08319 ], [ -70.8035, 7.08187 ], [ -70.81092, 7.07921 ], [ -70.81446, 7.07877 ], [ -70.81839, 7.07941 ], [ -70.82106, 7.07118 ], [ -70.82264, 7.06985 ], [ -70.82593, 7.07403 ], [ -70.83265, 7.07404 ], [ -70.83506, 7.07784 ], [ -70.83677, 7.07853 ], [ -70.83981, 7.07834 ], [ -70.84393, 7.07505 ], [ -70.8464, 7.07442 ], [ -70.84919, 7.07493 ], [ -70.85102, 7.07721 ], [ -70.8533, 7.07765 ], [ -70.85609, 7.07614 ], [ -70.85666, 7.07481 ], [ -70.85768, 7.07177 ], [ -70.85667, 7.06962 ], [ -70.85218, 7.06869 ], [ -70.84799, 7.07168 ], [ -70.8455, 7.06981 ], [ -70.85224, 7.0631 ], [ -70.8523, 7.06056 ], [ -70.84869, 7.05866 ], [ -70.84913, 7.05702 ], [ -70.85921, 7.05468 ], [ -70.86301, 7.05487 ], [ -70.86852, 7.05779 ], [ -70.87086, 7.06279 ], [ -70.87238, 7.06399 ], [ -70.88632, 7.06438 ], [ -70.89399, 7.06071 ], [ -70.89532, 7.05932 ], [ -70.90261, 7.04546 ], [ -70.90477, 7.0428 ], [ -70.90768, 7.04128 ], [ -70.91028, 7.04166 ], [ -70.91288, 7.04394 ], [ -70.91408, 7.04616 ], [ -70.91547, 7.05274 ], [ -70.91896, 7.05255 ], [ -70.92656, 7.04718 ], [ -70.92758, 7.04521 ], [ -70.9258, 7.04066 ], [ -70.92599, 7.03597 ], [ -70.92517, 7.0323 ], [ -70.91932, 7.02923 ], [ -70.91928, 7.02629 ], [ -70.92156, 7.02369 ], [ -70.92365, 7.02249 ], [ -70.93062, 7.02161 ], [ -70.93563, 7.01971 ], [ -70.93791, 7.01711 ], [ -70.93867, 7.01275 ], [ -70.94019, 7.0123 ], [ -70.95001, 7.01629 ], [ -70.95907, 7.0163 ], [ -70.96287, 7.01744 ], [ -70.96978, 7.01636 ], [ -70.97383, 7.01345 ], [ -70.97485, 7.01162 ], [ -70.97542, 7.00415 ], [ -70.97726, 7.00117 ], [ -70.98004, 6.99947 ], [ -70.98397, 7.00054 ], [ -70.98568, 6.99972 ], [ -70.98651, 6.99415 ], [ -70.99139, 6.99042 ], [ -70.99316, 6.98586 ], [ -70.99544, 6.98308 ], [ -71.00254, 6.98118 ], [ -71.00723, 6.97877 ], [ -71.01457, 6.97745 ], [ -71.02205, 6.97403 ], [ -71.02528, 6.97428 ], [ -71.03263, 6.97757 ], [ -71.03708, 6.98094 ], [ -71.04136, 6.9821 ], [ -71.05563, 6.98052 ], [ -71.06265, 6.98251 ], [ -71.06709, 6.98036 ], [ -71.07209, 6.98315 ], [ -71.07558, 6.981 ], [ -71.07727, 6.98078 ], [ -71.08423, 6.98447 ], [ -71.08928, 6.98338 ], [ -71.09103, 6.98338 ], [ -71.09608, 6.98768 ], [ -71.11167, 6.98993 ], [ -71.11301, 6.99084 ], [ -71.11404, 6.99425 ], [ -71.11167, 6.99684 ], [ -71.11144, 6.9993 ], [ -71.11506, 7.00665 ], [ -71.11378, 7.00667 ], [ -71.11152, 7.00318 ], [ -71.10982, 7.00208 ], [ -71.10644, 7.00404 ], [ -71.10356, 7.00415 ], [ -71.10282, 7.00469 ], [ -71.10312, 7.00687 ], [ -71.10471, 7.00921 ], [ -71.10918, 7.01192 ], [ -71.11136, 7.0121 ], [ -71.11778, 7.01033 ], [ -71.12206, 7.01201 ], [ -71.12432, 7.01457 ], [ -71.12473, 7.01612 ], [ -71.12296, 7.02276 ], [ -71.12512, 7.02779 ], [ -71.12858, 7.03224 ], [ -71.13199, 7.03292 ], [ -71.13855, 7.03216 ], [ -71.14426, 7.03298 ], [ -71.14828, 7.02749 ], [ -71.1673, 7.02637 ], [ -71.17627, 7.02409 ], [ -71.18252, 7.02075 ], [ -71.18767, 7.02079 ], [ -71.19147, 7.01896 ], [ -71.19371, 7.01964 ], [ -71.19661, 7.0238 ], [ -71.20031, 7.02517 ], [ -71.20281, 7.02432 ], [ -71.20712, 7.01967 ], [ -71.21224, 7.01904 ], [ -71.21789, 7.02144 ], [ -71.22408, 7.02631 ], [ -71.22792, 7.02741 ], [ -71.23019, 7.02665 ], [ -71.23329, 7.0241 ], [ -71.23741, 7.01492 ], [ -71.23943, 7.01225 ], [ -71.24095, 7.01183 ], [ -71.24388, 7.0127 ], [ -71.24931, 7.01874 ], [ -71.25857, 7.01913 ], [ -71.26054, 7.02236 ], [ -71.26241, 7.03014 ], [ -71.26448, 7.03206 ], [ -71.26865, 7.03175 ], [ -71.27432, 7.02802 ], [ -71.28317, 7.02446 ], [ -71.28654, 7.02446 ], [ -71.29481, 7.02865 ], [ -71.29827, 7.02907 ], [ -71.31273, 7.02214 ], [ -71.334, 7.0169 ], [ -71.3387, 7.0168 ], [ -71.35041, 7.01919 ], [ -71.35777, 7.0196 ], [ -71.36985, 7.01535 ], [ -71.37406, 7.01579 ], [ -71.37902, 7.01799 ], [ -71.38196, 7.02152 ], [ -71.38614, 7.0307 ], [ -71.38932, 7.03456 ], [ -71.39174, 7.03594 ], [ -71.40067, 7.03704 ], [ -71.41152, 7.03535 ], [ -71.41683, 7.03616 ], [ -71.42059, 7.03815 ], [ -71.42436, 7.03893 ], [ -71.43087, 7.03477 ], [ -71.43528, 7.02518 ], [ -71.4369, 7.02425 ], [ -71.44689, 7.02813 ], [ -71.44931, 7.02748 ], [ -71.45, 7.02561 ], [ -71.44949, 7.01171 ], [ -71.45036, 7.01022 ], [ -71.45242, 7.00972 ], [ -71.45647, 7.01021 ], [ -71.45878, 7.01351 ], [ -71.45941, 7.01912 ], [ -71.45748, 7.02541 ], [ -71.45842, 7.02878 ], [ -71.4583, 7.03644 ], [ -71.45949, 7.03931 ], [ -71.46086, 7.04049 ], [ -71.46523, 7.04223 ], [ -71.4694, 7.04048 ], [ -71.47221, 7.0355 ], [ -71.47233, 7.03369 ], [ -71.46852, 7.02727 ], [ -71.4692, 7.02354 ], [ -71.47574, 7.0163 ], [ -71.48023, 7.01474 ], [ -71.48597, 7.01648 ], [ -71.49191, 7.03143 ], [ -71.49378, 7.03404 ], [ -71.49846, 7.03628 ], [ -71.50039, 7.03603 ], [ -71.50438, 7.0326 ], [ -71.50886, 7.02275 ], [ -71.51204, 7.02163 ], [ -71.5161, 7.02212 ], [ -71.5214, 7.02773 ], [ -71.53426, 7.03488 ], [ -71.54031, 7.03475 ], [ -71.55601, 7.02726 ], [ -71.56088, 7.02725 ], [ -71.5641, 7.02864 ], [ -71.57129, 7.02736 ], [ -71.57672, 7.02424 ], [ -71.58151, 7.01857 ], [ -71.58419, 7.01663 ], [ -71.58868, 7.01669 ], [ -71.59087, 7.01862 ], [ -71.59062, 7.02317 ], [ -71.59294, 7.02921 ], [ -71.59294, 7.03108 ], [ -71.5902, 7.03538 ], [ -71.58733, 7.03682 ], [ -71.58441, 7.04299 ], [ -71.58348, 7.0476 ], [ -71.58398, 7.0519 ], [ -71.58573, 7.05426 ], [ -71.58772, 7.0552 ], [ -71.5919, 7.05469 ], [ -71.59539, 7.04778 ], [ -71.60062, 7.04665 ], [ -71.60436, 7.04415 ], [ -71.61671, 7.04258 ], [ -71.62496, 7.04468 ], [ -71.63091, 7.05159 ], [ -71.64038, 7.05352 ], [ -71.64844, 7.05035 ], [ -71.64994, 7.0439 ], [ -71.65586, 7.03668 ], [ -71.65919, 7.03442 ], [ -71.66425, 7.03301 ], [ -71.66632, 7.03466 ], [ -71.67729, 7.03805 ], [ -71.68386, 7.03708 ], [ -71.69097, 7.03782 ], [ -71.69298, 7.0372 ], [ -71.69747, 7.0367 ], [ -71.70227, 7.03321 ], [ -71.70501, 7.03252 ], [ -71.71455, 7.0345 ], [ -71.71568, 7.0363 ], [ -71.71588, 7.04827 ], [ -71.7177, 7.05387 ], [ -71.72307, 7.05623 ], [ -71.73473, 7.0579 ], [ -71.74076, 7.06419 ], [ -71.74472, 7.06561 ], [ -71.76698, 7.06626 ], [ -71.77415, 7.06507 ], [ -71.78158, 7.06493 ], [ -71.79492, 7.06273 ], [ -71.8054, 7.06352 ], [ -71.81194, 7.06239 ], [ -71.81456, 7.06103 ], [ -71.81599, 7.05958 ], [ -71.81661, 7.0574 ], [ -71.82266, 7.05727 ], [ -71.82578, 7.0556 ], [ -71.82623, 7.0524 ], [ -71.82553, 7.04719 ], [ -71.82451, 7.0434 ], [ -71.82232, 7.04014 ], [ -71.82194, 7.03715 ], [ -71.82674, 7.03016 ], [ -71.83172, 7.02878 ], [ -71.83496, 7.02566 ], [ -71.83908, 7.02653 ], [ -71.84712, 7.02508 ], [ -71.85167, 7.02782 ], [ -71.85435, 7.02588 ], [ -71.85592, 7.02579 ], [ -71.86239, 7.02051 ], [ -71.86426, 7.01994 ], [ -71.86757, 7.02206 ], [ -71.87093, 7.02205 ], [ -71.87281, 7.02094 ], [ -71.87598, 7.02061 ], [ -71.87662, 7.01866 ], [ -71.87779, 7.01812 ], [ -71.88265, 7.01898 ], [ -71.88895, 7.0214 ], [ -71.89145, 7.02083 ], [ -71.89275, 7.01934 ], [ -71.89733, 7.01972 ], [ -71.8997, 7.01611 ], [ -71.90441, 7.01801 ], [ -71.90771, 7.01595 ], [ -71.91015, 7.0155 ], [ -71.91332, 7.0157 ], [ -71.91532, 7.01712 ], [ -71.91657, 7.01705 ], [ -71.92132, 7.01462 ], [ -71.92155, 7.01243 ], [ -71.92647, 7.00906 ], [ -71.93775, 7.00617 ], [ -71.94274, 7.00809 ], [ -71.94456, 7.01021 ], [ -71.94885, 7.01132 ], [ -71.95044, 7.01291 ], [ -71.96562, 7.01559 ], [ -71.97786, 7.021 ], [ -71.98216, 7.02371 ], [ -71.98692, 7.02528 ], [ -72.00324, 7.02909 ], [ -72.00573, 7.0318 ], [ -72.00958, 7.03338 ], [ -72.01298, 7.03405 ], [ -72.01729, 7.03359 ], [ -72.02091, 7.03585 ], [ -72.02952, 7.0347 ], [ -72.03541, 7.03537 ], [ -72.04085, 7.03807 ], [ -72.04681, 7.03917 ], [ -72.04767, 7.0383 ], [ -72.17035, 7.25188 ], [ -72.1707, 7.25537 ], [ -72.17442, 7.25761 ], [ -72.1743, 7.25946 ], [ -72.17266, 7.26057 ], [ -72.17261, 7.26375 ], [ -72.17085, 7.26524 ], [ -72.17154, 7.26816 ], [ -72.16781, 7.2715 ], [ -72.16881, 7.27499 ], [ -72.16764, 7.27866 ], [ -72.16993, 7.2805 ], [ -72.16905, 7.28507 ], [ -72.17038, 7.28701 ], [ -72.17067, 7.29016 ], [ -72.16698, 7.29908 ], [ -72.16294, 7.30404 ], [ -72.15984, 7.31016 ], [ -72.15845, 7.31428 ], [ -72.15924, 7.31817 ], [ -72.15603, 7.32485 ], [ -72.15431, 7.32625 ], [ -72.15386, 7.32819 ], [ -72.15789, 7.3338 ], [ -72.16068, 7.33524 ], [ -72.16799, 7.34339 ], [ -72.17132, 7.34453 ], [ -72.17194, 7.3482 ], [ -72.17551, 7.34958 ], [ -72.17698, 7.35329 ], [ -72.18065, 7.35686 ], [ -72.18331, 7.36571 ], [ -72.18686, 7.36944 ], [ -72.18764, 7.37475 ], [ -72.19383, 7.37885 ], [ -72.19488, 7.38104 ], [ -72.19445, 7.3838 ], [ -72.19778, 7.38651 ], [ -72.20116, 7.38579 ], [ -72.20259, 7.38779 ], [ -72.2054, 7.38698 ], [ -72.20839, 7.38827 ], [ -72.20935, 7.38908 ], [ -72.20963, 7.39165 ], [ -72.21239, 7.3917 ], [ -72.21982, 7.39484 ], [ -72.22215, 7.39488 ], [ -72.22557, 7.39424 ], [ -72.23425, 7.38998 ], [ -72.23681, 7.38969 ], [ -72.23817, 7.39071 ], [ -72.24135, 7.39084 ], [ -72.24839, 7.38602 ], [ -72.2516, 7.37953 ], [ -72.2544, 7.37985 ], [ -72.25645, 7.37844 ], [ -72.25814, 7.37989 ], [ -72.26431, 7.38206 ], [ -72.26576, 7.3836 ], [ -72.26693, 7.38373 ], [ -72.27015, 7.38181 ], [ -72.28361, 7.38537 ], [ -72.2868, 7.38858 ], [ -72.29984, 7.39069 ], [ -72.30451, 7.38955 ], [ -72.30693, 7.38754 ], [ -72.31066, 7.3838 ], [ -72.31093, 7.38077 ], [ -72.31299, 7.38076 ], [ -72.31961, 7.37734 ], [ -72.32554, 7.37597 ], [ -72.32657, 7.37653 ], [ -72.32709, 7.37858 ], [ -72.33144, 7.38057 ], [ -72.33804, 7.38739 ], [ -72.34099, 7.38873 ], [ -72.34932, 7.39491 ], [ -72.35349, 7.39625 ], [ -72.35783, 7.39442 ], [ -72.36119, 7.39408 ], [ -72.37072, 7.39639 ], [ -72.37204, 7.3975 ], [ -72.37409, 7.39712 ], [ -72.37972, 7.39829 ], [ -72.41633, 7.40085 ], [ -72.42859, 7.40239 ], [ -72.43041, 7.40347 ], [ -72.4329, 7.40777 ], [ -72.43726, 7.41208 ], [ -72.44249, 7.42258 ], [ -72.44065, 7.42569 ], [ -72.44162, 7.42706 ], [ -72.44167, 7.43079 ], [ -72.44102, 7.43189 ], [ -72.44217, 7.43472 ], [ -72.44185, 7.43892 ], [ -72.44279, 7.44019 ], [ -72.44178, 7.44177 ], [ -72.44262, 7.44281 ], [ -72.44176, 7.44527 ], [ -72.44467, 7.44741 ], [ -72.4454, 7.45181 ], [ -72.44494, 7.45271 ], [ -72.44558, 7.45352 ], [ -72.44497, 7.45472 ], [ -72.44676, 7.45794 ], [ -72.44632, 7.45896 ], [ -72.44712, 7.46188 ], [ -72.44835, 7.4624 ], [ -72.45024, 7.46616 ], [ -72.45526, 7.46966 ], [ -72.45549, 7.47295 ], [ -72.45774, 7.47476 ], [ -72.45929, 7.47952 ], [ -72.4607, 7.48104 ], [ -72.46211, 7.4822 ], [ -72.46543, 7.48185 ], [ -72.47108, 7.48294 ], [ -72.47487, 7.48681 ], [ -72.47563, 7.48879 ], [ -72.4753, 7.49194 ], [ -72.47803, 7.49864 ], [ -72.47646, 7.50244 ], [ -72.47471, 7.50279 ], [ -72.47403, 7.50564 ], [ -72.47441, 7.50754 ], [ -72.47287, 7.50922 ], [ -72.47389, 7.51147 ], [ -72.47269, 7.51308 ], [ -72.4738, 7.51395 ], [ -72.47285, 7.51487 ], [ -72.47285, 7.51762 ], [ -72.47397, 7.5197 ], [ -72.4733, 7.52058 ], [ -72.47161, 7.52084 ], [ -72.47202, 7.52476 ], [ -72.47099, 7.52665 ], [ -72.46759, 7.52925 ], [ -72.46673, 7.53127 ], [ -72.46707, 7.5331 ], [ -72.46516, 7.5365 ], [ -72.46059, 7.53933 ], [ -72.45956, 7.54101 ], [ -72.45934, 7.54352 ], [ -72.4568, 7.54501 ], [ -72.45571, 7.54806 ], [ -72.4556, 7.55329 ], [ -72.45537, 7.55501 ], [ -72.45314, 7.5572 ], [ -72.45274, 7.55938 ], [ -72.45327, 7.57143 ], [ -72.45514, 7.57312 ], [ -72.45435, 7.576 ], [ -72.45685, 7.57961 ], [ -72.45647, 7.58217 ], [ -72.4579, 7.58293 ], [ -72.45841, 7.58494 ], [ -72.45995, 7.58628 ], [ -72.46006, 7.5889 ], [ -72.46333, 7.58984 ], [ -72.46376, 7.59133 ], [ -72.46527, 7.59244 ], [ -72.4656, 7.59411 ], [ -72.46467, 7.59632 ], [ -72.4669, 7.59908 ], [ -72.46579, 7.60186 ], [ -72.46864, 7.60754 ], [ -72.46747, 7.60902 ], [ -72.46866, 7.61006 ], [ -72.47002, 7.61804 ], [ -72.47128, 7.6197 ], [ -72.47154, 7.62332 ], [ -72.47339, 7.62486 ], [ -72.47309, 7.62679 ], [ -72.47456, 7.62693 ], [ -72.4757, 7.62889 ], [ -72.47585, 7.6364 ], [ -72.47366, 7.6404 ], [ -72.47477, 7.64281 ], [ -72.47466, 7.6453 ], [ -72.47606, 7.64478 ], [ -72.47696, 7.64649 ], [ -72.47665, 7.64764 ], [ -72.47501, 7.64785 ], [ -72.47437, 7.65049 ], [ -72.47297, 7.6518 ], [ -72.47316, 7.65306 ], [ -72.4758, 7.65637 ], [ -72.47456, 7.6588 ], [ -72.47373, 7.66096 ], [ -72.47447, 7.66296 ], [ -72.47375, 7.66365 ], [ -72.47368, 7.66603 ], [ -72.47437, 7.66696 ], [ -72.47223, 7.6705 ], [ -72.47349, 7.67172 ], [ -72.47297, 7.67395 ], [ -72.47387, 7.67445 ], [ -72.47373, 7.67664 ], [ -72.47554, 7.68083 ], [ -72.47358, 7.69018 ], [ -72.47504, 7.69231 ], [ -72.47382, 7.6942 ], [ -72.47448, 7.69775 ], [ -72.47256, 7.69946 ], [ -72.47012, 7.70679 ], [ -72.47063, 7.70924 ], [ -72.47175, 7.71039 ], [ -72.47144, 7.72002 ], [ -72.47297, 7.72149 ], [ -72.47209, 7.72302 ], [ -72.47235, 7.72536 ], [ -72.4713, 7.72622 ], [ -72.47166, 7.72829 ], [ -72.47052, 7.73241 ], [ -72.47064, 7.73578 ], [ -72.47205, 7.73804 ], [ -72.47107, 7.74398 ], [ -72.47165, 7.747 ], [ -72.47387, 7.74878 ], [ -72.47404, 7.75124 ], [ -72.47326, 7.75197 ], [ -72.474, 7.75386 ], [ -72.47323, 7.75645 ], [ -72.47366, 7.75853 ], [ -72.47037, 7.76291 ], [ -72.47086, 7.76692 ], [ -72.46847, 7.77439 ], [ -72.46912, 7.77836 ], [ -72.46801, 7.78181 ], [ -72.46963, 7.78458 ], [ -72.46811, 7.78834 ], [ -72.46932, 7.79137 ], [ -72.4684, 7.79538 ], [ -72.46676, 7.7972 ], [ -72.46706, 7.79808 ], [ -72.46396, 7.80004 ], [ -72.46341, 7.79937 ], [ -72.46224, 7.79964 ], [ -72.46221, 7.80138 ], [ -72.45831, 7.80294 ], [ -72.45731, 7.80451 ], [ -72.45502, 7.80952 ], [ -72.45546, 7.81163 ], [ -72.45193, 7.81615 ], [ -72.45196, 7.81819 ], [ -72.45127, 7.81803 ], [ -72.44908, 7.82337 ], [ -72.44941, 7.82591 ], [ -72.44729, 7.8262 ], [ -72.447, 7.827 ], [ -72.45016, 7.83071 ], [ -72.44941, 7.83317 ], [ -72.4512, 7.83545 ], [ -72.45077, 7.83713 ], [ -72.45144, 7.83951 ], [ -72.44941, 7.84138 ], [ -72.44942, 7.84422 ], [ -72.44802, 7.84461 ], [ -72.44819, 7.84807 ], [ -72.4506, 7.85143 ], [ -72.45004, 7.85224 ], [ -72.44626, 7.85334 ], [ -72.44555, 7.85579 ], [ -72.44629, 7.8572 ], [ -72.44459, 7.85974 ], [ -72.44554, 7.86084 ], [ -72.44531, 7.86362 ], [ -72.44742, 7.86387 ], [ -72.4488, 7.86585 ], [ -72.44779, 7.86953 ], [ -72.4491, 7.87173 ], [ -72.44894, 7.8732 ], [ -72.45126, 7.87424 ], [ -72.45132, 7.87713 ], [ -72.45318, 7.87982 ], [ -72.45573, 7.87991 ], [ -72.45702, 7.881 ], [ -72.45815, 7.8868 ], [ -72.45671, 7.88946 ], [ -72.45861, 7.89012 ], [ -72.45881, 7.89088 ], [ -72.45496, 7.89398 ], [ -72.45489, 7.8956 ], [ -72.4556, 7.897 ], [ -72.45861, 7.89611 ], [ -72.45969, 7.89856 ], [ -72.45897, 7.90051 ], [ -72.46019, 7.90136 ], [ -72.46225, 7.90397 ], [ -72.4604, 7.90481 ], [ -72.4601, 7.90596 ], [ -72.46226, 7.9077 ], [ -72.46074, 7.90855 ], [ -72.4574, 7.90879 ], [ -72.45679, 7.90971 ], [ -72.45726, 7.91148 ], [ -72.4611, 7.91251 ], [ -72.46269, 7.91687 ], [ -72.46486, 7.91817 ], [ -72.46656, 7.91737 ], [ -72.46737, 7.9178 ], [ -72.46771, 7.92003 ], [ -72.47075, 7.91887 ], [ -72.47227, 7.91705 ], [ -72.47757, 7.9214 ], [ -72.47637, 7.92276 ], [ -72.47803, 7.92465 ], [ -72.47682, 7.92755 ], [ -72.47987, 7.92711 ], [ -72.47996, 7.93046 ], [ -72.48116, 7.93013 ], [ -72.48232, 7.93092 ], [ -72.48427, 7.9263 ], [ -72.48653, 7.92684 ], [ -72.48952, 7.93061 ], [ -72.48959, 7.93249 ], [ -72.48878, 7.93282 ], [ -72.48961, 7.9338 ], [ -72.48803, 7.93563 ], [ -72.48928, 7.93753 ], [ -72.487, 7.94149 ], [ -72.48796, 7.94279 ], [ -72.48783, 7.94424 ], [ -72.48282, 7.94718 ], [ -72.48181, 7.94952 ], [ -72.48236, 7.95111 ], [ -72.47955, 7.95376 ], [ -72.47696, 7.95425 ], [ -72.4746, 7.95609 ], [ -72.47469, 7.95968 ], [ -72.47233, 7.95953 ], [ -72.46881, 7.96173 ], [ -72.45986, 7.96358 ], [ -72.4594, 7.96553 ], [ -72.45835, 7.966 ], [ -72.45654, 7.96555 ], [ -72.45484, 7.96621 ], [ -72.44848, 7.96373 ], [ -72.44759, 7.96513 ], [ -72.44906, 7.9685 ], [ -72.44876, 7.96994 ], [ -72.44665, 7.97116 ], [ -72.44485, 7.97371 ], [ -72.44057, 7.97267 ], [ -72.44106, 7.97465 ], [ -72.44402, 7.97618 ], [ -72.44245, 7.97781 ], [ -72.44006, 7.97871 ], [ -72.4427, 7.98369 ], [ -72.43986, 7.98531 ], [ -72.43707, 7.99122 ], [ -72.43313, 7.99208 ], [ -72.43173, 7.99163 ], [ -72.4299, 7.98956 ], [ -72.42469, 7.98991 ], [ -72.42288, 7.9914 ], [ -72.42242, 7.99333 ], [ -72.41875, 7.99546 ], [ -72.41924, 8.00252 ], [ -72.42176, 8.00848 ], [ -72.41664, 8.01113 ], [ -72.41829, 8.01399 ], [ -72.41532, 8.01911 ], [ -72.41256, 8.02015 ], [ -72.41159, 8.02183 ], [ -72.41335, 8.02811 ], [ -72.41664, 8.03017 ], [ -72.416, 8.03335 ], [ -72.4133, 8.03448 ], [ -72.40855, 8.03454 ], [ -72.4076, 8.03389 ], [ -72.40374, 8.03496 ], [ -72.39811, 8.0321 ], [ -72.39734, 8.0329 ], [ -72.39446, 8.03245 ], [ -72.39306, 8.03435 ], [ -72.38992, 8.03523 ], [ -72.38767, 8.03531 ], [ -72.38527, 8.03389 ], [ -72.38339, 8.03446 ], [ -72.37795, 8.02955 ], [ -72.37698, 8.02652 ], [ -72.36944, 8.02174 ], [ -72.3653, 8.0178 ], [ -72.362, 8.01038 ], [ -72.35135, 8.0044 ], [ -72.34884, 8.00509 ], [ -72.34959, 8.0077 ], [ -72.3482, 8.01145 ], [ -72.34808, 8.01513 ], [ -72.34713, 8.01638 ], [ -72.34758, 8.01887 ], [ -72.34819, 8.02041 ], [ -72.35119, 8.02304 ], [ -72.35143, 8.02474 ], [ -72.35502, 8.02731 ], [ -72.3536, 8.0283 ], [ -72.35407, 8.03073 ], [ -72.35354, 8.03196 ], [ -72.34977, 8.03313 ], [ -72.34641, 8.0376 ], [ -72.34634, 8.04025 ], [ -72.34766, 8.04083 ], [ -72.34687, 8.04335 ], [ -72.34836, 8.04623 ], [ -72.34803, 8.05604 ], [ -72.34894, 8.05753 ], [ -72.35011, 8.06636 ], [ -72.35165, 8.06948 ], [ -72.35233, 8.0761 ], [ -72.35092, 8.07874 ], [ -72.35141, 8.08337 ], [ -72.35326, 8.08747 ], [ -72.35658, 8.08722 ], [ -72.3594, 8.08945 ], [ -72.36007, 8.08934 ], [ -72.36057, 8.09945 ], [ -72.36627, 8.11753 ], [ -72.36552, 8.11721 ], [ -72.36551, 8.11805 ], [ -72.36388, 8.1187 ], [ -72.362, 8.11846 ], [ -72.36145, 8.12045 ], [ -72.36052, 8.11928 ], [ -72.35874, 8.12054 ], [ -72.35949, 8.1234 ], [ -72.36107, 8.12374 ], [ -72.36053, 8.12572 ], [ -72.36164, 8.12637 ], [ -72.36363, 8.13046 ], [ -72.36345, 8.13164 ], [ -72.36138, 8.13331 ], [ -72.36263, 8.13493 ], [ -72.36444, 8.13568 ], [ -72.36307, 8.13929 ], [ -72.36587, 8.14107 ], [ -72.36517, 8.14316 ], [ -72.36611, 8.14913 ], [ -72.36452, 8.14845 ], [ -72.36285, 8.1505 ], [ -72.36093, 8.15037 ], [ -72.35998, 8.1526 ], [ -72.35611, 8.15363 ], [ -72.35375, 8.15602 ], [ -72.35318, 8.15845 ], [ -72.35443, 8.16037 ], [ -72.35461, 8.16597 ], [ -72.35828, 8.17105 ], [ -72.3592, 8.17369 ], [ -72.35831, 8.17441 ], [ -72.36091, 8.17752 ], [ -72.36159, 8.18029 ], [ -72.36114, 8.18188 ], [ -72.36346, 8.182 ], [ -72.36443, 8.18465 ], [ -72.36705, 8.1841 ], [ -72.3662, 8.18708 ], [ -72.36407, 8.18741 ], [ -72.36367, 8.18952 ], [ -72.36227, 8.19028 ], [ -72.3622, 8.19123 ], [ -72.3632, 8.19179 ], [ -72.36696, 8.18987 ], [ -72.36932, 8.19055 ], [ -72.36935, 8.19208 ], [ -72.36719, 8.192 ], [ -72.3667, 8.19272 ], [ -72.36861, 8.19616 ], [ -72.36977, 8.1962 ], [ -72.37227, 8.19389 ], [ -72.37406, 8.19518 ], [ -72.37288, 8.19719 ], [ -72.36933, 8.19864 ], [ -72.36881, 8.20082 ], [ -72.36975, 8.20141 ], [ -72.37157, 8.20069 ], [ -72.3713, 8.20376 ], [ -72.37323, 8.20282 ], [ -72.3749, 8.20521 ], [ -72.37667, 8.20962 ], [ -72.37626, 8.21186 ], [ -72.37483, 8.21333 ], [ -72.37486, 8.21485 ], [ -72.3754, 8.21616 ], [ -72.37952, 8.2189 ], [ -72.3794, 8.21977 ], [ -72.37756, 8.22037 ], [ -72.37752, 8.22342 ], [ -72.3797, 8.22377 ], [ -72.38048, 8.22479 ], [ -72.38147, 8.22943 ], [ -72.38351, 8.23208 ], [ -72.38169, 8.23351 ], [ -72.38146, 8.23475 ], [ -72.3834, 8.23571 ], [ -72.38644, 8.24174 ], [ -72.38607, 8.2427 ], [ -72.38056, 8.24612 ], [ -72.38062, 8.24675 ], [ -72.38202, 8.24714 ], [ -72.38434, 8.24551 ], [ -72.38562, 8.24618 ], [ -72.38765, 8.25097 ], [ -72.38716, 8.25176 ], [ -72.38573, 8.25179 ], [ -72.38592, 8.25279 ], [ -72.3883, 8.25263 ], [ -72.39044, 8.25361 ], [ -72.39205, 8.25118 ], [ -72.39367, 8.25261 ], [ -72.39048, 8.25542 ], [ -72.39219, 8.25622 ], [ -72.39271, 8.25882 ], [ -72.3899, 8.25932 ], [ -72.3889, 8.26821 ], [ -72.38448, 8.27753 ], [ -72.38655, 8.27849 ], [ -72.38837, 8.27937 ], [ -72.38684, 8.28039 ], [ -72.38611, 8.28204 ], [ -72.38785, 8.28467 ], [ -72.38716, 8.28623 ], [ -72.38904, 8.28649 ], [ -72.38808, 8.28934 ], [ -72.38443, 8.28983 ], [ -72.38719, 8.29136 ], [ -72.38544, 8.29443 ], [ -72.38628, 8.29867 ], [ -72.38472, 8.30005 ], [ -72.38628, 8.3032 ], [ -72.38424, 8.30418 ], [ -72.38017, 8.30371 ], [ -72.37997, 8.30547 ], [ -72.38136, 8.30472 ], [ -72.3824, 8.30524 ], [ -72.38171, 8.30611 ], [ -72.38185, 8.30816 ], [ -72.3801, 8.30941 ], [ -72.38012, 8.31037 ], [ -72.38196, 8.31169 ], [ -72.38142, 8.31588 ], [ -72.38491, 8.31575 ], [ -72.38704, 8.31728 ], [ -72.38828, 8.31982 ], [ -72.3926, 8.32059 ], [ -72.39544, 8.32639 ], [ -72.39481, 8.32708 ], [ -72.39173, 8.32736 ], [ -72.39147, 8.32809 ], [ -72.39183, 8.32925 ], [ -72.39503, 8.33126 ], [ -72.39487, 8.33436 ], [ -72.39225, 8.33836 ], [ -72.39257, 8.33958 ], [ -72.39488, 8.34135 ], [ -72.39508, 8.34333 ], [ -72.39339, 8.3444 ], [ -72.38904, 8.34381 ], [ -72.38792, 8.34534 ], [ -72.38852, 8.34878 ], [ -72.3936, 8.35037 ], [ -72.39339, 8.35234 ], [ -72.39148, 8.35536 ], [ -72.39287, 8.3583 ], [ -72.39949, 8.36049 ], [ -72.40092, 8.35919 ], [ -72.40107, 8.35614 ], [ -72.40197, 8.35535 ], [ -72.4037, 8.35681 ], [ -72.40407, 8.36086 ], [ -72.40549, 8.36139 ], [ -72.40788, 8.36013 ], [ -72.40633, 8.36235 ], [ -72.40283, 8.36416 ], [ -72.40693, 8.36744 ], [ -72.40932, 8.36483 ], [ -72.41298, 8.36301 ], [ -72.41577, 8.36416 ], [ -72.41616, 8.3661 ], [ -72.41519, 8.36747 ], [ -72.40909, 8.37 ], [ -72.40819, 8.37152 ], [ -72.40829, 8.37406 ], [ -72.41221, 8.37794 ], [ -72.42093, 8.38296 ], [ -72.42503, 8.3829 ], [ -72.42752, 8.38141 ], [ -72.45804, 8.41397 ], [ -72.458, 8.41533 ], [ -72.45861, 8.4146 ], [ -72.47304, 8.43017 ], [ -72.57566, 8.5409 ], [ -72.59669, 8.57205 ], [ -72.61709, 8.59521 ], [ -72.62785, 8.59781 ], [ -72.6323, 8.59724 ], [ -72.63297, 8.59854 ], [ -72.63175, 8.60058 ], [ -72.62751, 8.60049 ], [ -72.62589, 8.60159 ], [ -72.6288, 8.60633 ], [ -72.63122, 8.60715 ], [ -72.63367, 8.6065 ], [ -72.63465, 8.6043 ], [ -72.63358, 8.60123 ], [ -72.63553, 8.60076 ], [ -72.63703, 8.60275 ], [ -72.63776, 8.60702 ], [ -72.63868, 8.60802 ], [ -72.64048, 8.60874 ], [ -72.643, 8.60833 ], [ -72.64539, 8.61076 ], [ -72.64832, 8.61151 ], [ -72.65065, 8.61327 ], [ -72.65479, 8.61428 ], [ -72.65578, 8.62165 ], [ -72.69802, 8.80642 ], [ -72.7202, 8.94074 ], [ -72.74698, 9.01429 ], [ -72.76319, 9.07661 ], [ -72.76131, 9.07874 ], [ -72.76084, 9.08084 ], [ -72.76374, 9.08526 ], [ -72.77116, 9.08417 ], [ -72.77312, 9.08569 ], [ -72.77283, 9.08874 ], [ -72.77159, 9.08969 ], [ -72.76493, 9.09064 ], [ -72.76312, 9.0923 ], [ -72.76288, 9.09364 ], [ -72.76431, 9.09711 ], [ -72.7655, 9.09806 ], [ -72.76836, 9.09835 ], [ -72.77327, 9.09608 ], [ -72.77511, 9.09694 ], [ -72.7758, 9.09995 ], [ -72.77449, 9.10155 ], [ -72.77253, 9.10206 ], [ -72.76643, 9.10028 ], [ -72.7653, 9.10075 ], [ -72.76581, 9.1056 ], [ -72.76948, 9.10624 ], [ -72.77276, 9.10352 ], [ -72.77541, 9.1037 ], [ -72.77641, 9.10576 ], [ -72.77557, 9.11217 ], [ -72.77634, 9.11399 ], [ -72.7786, 9.11503 ], [ -72.78521, 9.1152 ], [ -72.78803, 9.11306 ], [ -72.79107, 9.1057 ], [ -72.79439, 9.10316 ], [ -72.79629, 9.10346 ], [ -72.79882, 9.10819 ], [ -72.7964, 9.11432 ], [ -72.79636, 9.11569 ], [ -72.7978, 9.11812 ], [ -72.79629, 9.11975 ], [ -72.79613, 9.12126 ], [ -72.80015, 9.12109 ], [ -72.80454, 9.12252 ], [ -72.8092, 9.11967 ], [ -72.81152, 9.11994 ], [ -72.81199, 9.12173 ], [ -72.80811, 9.12529 ], [ -72.80729, 9.12722 ], [ -72.80767, 9.12892 ], [ -72.81082, 9.13442 ], [ -72.81613, 9.13655 ], [ -72.81955, 9.14064 ], [ -72.82189, 9.14152 ], [ -72.82361, 9.14052 ], [ -72.82437, 9.13811 ], [ -72.82428, 9.13475 ], [ -72.82226, 9.12656 ], [ -72.82239, 9.12326 ], [ -72.82336, 9.12186 ], [ -72.83372, 9.12201 ], [ -72.83908, 9.1252 ], [ -72.84381, 9.12993 ], [ -72.84611, 9.13082 ], [ -72.85854, 9.12947 ], [ -72.868, 9.12956 ], [ -72.87676, 9.13237 ], [ -72.88123, 9.13227 ], [ -72.88314, 9.13047 ], [ -72.88518, 9.12129 ], [ -72.88491, 9.11724 ], [ -72.887, 9.11433 ], [ -72.88671, 9.11332 ], [ -72.88387, 9.11121 ], [ -72.88706, 9.10356 ], [ -72.89409, 9.10373 ], [ -72.89593, 9.09884 ], [ -72.89906, 9.09744 ], [ -72.90789, 9.09754 ], [ -72.91067, 9.0953 ], [ -72.91541, 9.09337 ], [ -72.9196, 9.09343 ], [ -72.92082, 9.08897 ], [ -72.92171, 9.08811 ], [ -72.93252, 9.08304 ], [ -72.93624, 9.08501 ], [ -72.93689, 9.08875 ], [ -72.93791, 9.09017 ], [ -72.94723, 9.09195 ], [ -72.94864, 9.09259 ], [ -72.95145, 9.09684 ], [ -72.95069, 9.09876 ], [ -72.94727, 9.10216 ], [ -72.94784, 9.10579 ], [ -72.94955, 9.10714 ], [ -72.95394, 9.10743 ], [ -72.95914, 9.11217 ], [ -72.96099, 9.11473 ], [ -72.96151, 9.11748 ], [ -72.96457, 9.12261 ], [ -72.9654, 9.12591 ], [ -72.9687, 9.12747 ], [ -72.96982, 9.1289 ], [ -72.97234, 9.13634 ], [ -72.97654, 9.137 ], [ -72.98057, 9.14008 ], [ -72.9854, 9.1413 ], [ -72.98721, 9.14397 ], [ -72.98581, 9.1451 ], [ -72.98233, 9.14633 ], [ -72.97222, 9.15404 ], [ -72.96642, 9.15459 ], [ -72.96462, 9.15591 ], [ -72.96261, 9.1656 ], [ -72.96237, 9.17157 ], [ -72.95714, 9.17585 ], [ -72.95553, 9.17967 ], [ -72.96035, 9.18251 ], [ -72.96242, 9.18568 ], [ -72.96391, 9.19184 ], [ -72.9646, 9.19996 ], [ -72.96943, 9.20742 ], [ -72.97095, 9.2134 ], [ -72.97573, 9.21435 ], [ -72.97982, 9.2163 ], [ -72.98195, 9.21836 ], [ -72.98302, 9.22084 ], [ -72.98557, 9.22209 ], [ -72.99245, 9.21965 ], [ -72.99502, 9.21965 ], [ -72.99624, 9.22096 ], [ -72.99704, 9.22288 ], [ -72.99558, 9.22545 ], [ -72.98872, 9.22757 ], [ -72.98781, 9.22873 ], [ -72.98786, 9.24402 ], [ -72.98504, 9.24826 ], [ -72.98442, 9.25164 ], [ -72.98488, 9.25283 ], [ -72.9866, 9.25356 ], [ -72.99195, 9.25376 ], [ -72.99502, 9.25684 ], [ -72.99578, 9.2587 ], [ -72.99356, 9.26526 ], [ -72.99477, 9.27233 ], [ -72.9974, 9.27354 ], [ -73.0032, 9.27334 ], [ -73.00427, 9.27413 ], [ -73.00597, 9.27591 ], [ -73.00391, 9.2802 ], [ -73.00269, 9.2856 ], [ -73.00567, 9.28953 ], [ -73.00814, 9.2907 ], [ -73.01087, 9.29075 ], [ -73.01238, 9.28948 ], [ -73.01904, 9.28797 ], [ -73.02202, 9.28651 ], [ -73.02495, 9.28091 ], [ -73.02697, 9.27969 ], [ -73.02924, 9.2805 ], [ -73.03085, 9.28499 ], [ -73.03595, 9.28146 ], [ -73.03782, 9.27879 ], [ -73.04089, 9.26955 ], [ -73.04412, 9.26854 ], [ -73.04402, 9.26683 ], [ -73.04205, 9.2639 ], [ -73.04256, 9.26203 ], [ -73.04377, 9.26143 ], [ -73.04579, 9.26218 ], [ -73.05018, 9.2584 ], [ -73.05285, 9.25901 ], [ -73.0531, 9.26052 ], [ -73.05497, 9.26092 ], [ -73.05689, 9.26279 ], [ -73.06259, 9.26239 ], [ -73.06294, 9.26057 ], [ -73.064, 9.25971 ], [ -73.06905, 9.264 ], [ -73.07092, 9.26413 ], [ -73.07268, 9.26254 ], [ -73.0747, 9.25875 ], [ -73.07672, 9.25174 ], [ -73.07639, 9.24642 ], [ -73.07354, 9.24477 ], [ -73.07281, 9.24302 ], [ -73.0758, 9.24136 ], [ -73.07727, 9.23888 ], [ -73.07892, 9.23925 ], [ -73.08035, 9.24072 ], [ -73.08118, 9.24031 ], [ -73.08504, 9.23566 ], [ -73.08743, 9.2312 ], [ -73.08817, 9.22624 ], [ -73.0901, 9.2255 ], [ -73.09332, 9.2266 ], [ -73.09902, 9.22711 ], [ -73.10044, 9.22876 ], [ -73.1049, 9.23116 ], [ -73.10637, 9.2307 ], [ -73.10798, 9.22886 ], [ -73.1129, 9.22904 ], [ -73.1152, 9.23093 ], [ -73.11695, 9.23116 ], [ -73.12178, 9.22706 ], [ -73.13006, 9.2284 ], [ -73.13107, 9.22725 ], [ -73.12987, 9.22504 ], [ -73.13212, 9.22348 ], [ -73.13286, 9.21888 ], [ -73.13548, 9.21782 ], [ -73.13663, 9.21548 ], [ -73.13994, 9.2158 ], [ -73.14118, 9.21327 ], [ -73.14371, 9.2135 ], [ -73.14495, 9.21148 ], [ -73.14679, 9.21189 ], [ -73.14831, 9.20964 ], [ -73.15222, 9.21005 ], [ -73.15245, 9.20605 ], [ -73.15024, 9.20072 ], [ -73.15443, 9.19612 ], [ -73.15774, 9.19446 ], [ -73.15674, 9.19212 ], [ -73.15875, 9.19112 ], [ -73.16175, 9.19157 ], [ -73.16562, 9.18715 ], [ -73.16801, 9.18595 ], [ -73.16913, 9.18376 ], [ -73.17079, 9.183 ], [ -73.17171, 9.17996 ], [ -73.17698, 9.17664 ], [ -73.18398, 9.17526 ], [ -73.18841, 9.17598 ], [ -73.19258, 9.17455 ], [ -73.19851, 9.17858 ], [ -73.20236, 9.17944 ], [ -73.20374, 9.17798 ], [ -73.20567, 9.1811 ], [ -73.20715, 9.18095 ], [ -73.20693, 9.17895 ], [ -73.20871, 9.17804 ], [ -73.20989, 9.18032 ], [ -73.2117, 9.18056 ], [ -73.21362, 9.1832 ], [ -73.21468, 9.18021 ], [ -73.21686, 9.17957 ], [ -73.21848, 9.18016 ], [ -73.21996, 9.17899 ], [ -73.22176, 9.17907 ], [ -73.2246, 9.17537 ], [ -73.22981, 9.17539 ], [ -73.23528, 9.17297 ], [ -73.23957, 9.16583 ], [ -73.24072, 9.1653 ], [ -73.24159, 9.16665 ], [ -73.24265, 9.16677 ], [ -73.24484, 9.16483 ], [ -73.24513, 9.16234 ], [ -73.24652, 9.16059 ], [ -73.25095, 9.15823 ], [ -73.25211, 9.15915 ], [ -73.25223, 9.16253 ], [ -73.25515, 9.16049 ], [ -73.25748, 9.16271 ], [ -73.26201, 9.16165 ], [ -73.26632, 9.16429 ], [ -73.27119, 9.16397 ], [ -73.27315, 9.1649 ], [ -73.27503, 9.1647 ], [ -73.27764, 9.16257 ], [ -73.28054, 9.16235 ], [ -73.28205, 9.16362 ], [ -73.28819, 9.1659 ], [ -73.28898, 9.16696 ], [ -73.29433, 9.16861 ], [ -73.29562, 9.16996 ], [ -73.30107, 9.17144 ], [ -73.31242, 9.17028 ], [ -73.31664, 9.16817 ], [ -73.32136, 9.17075 ], [ -73.32646, 9.16921 ], [ -73.32973, 9.16989 ], [ -73.33298, 9.17182 ], [ -73.33957, 9.1739 ], [ -73.34266, 9.17217 ], [ -73.34682, 9.1733 ], [ -73.35291, 9.16907 ], [ -73.35781, 9.16741 ], [ -73.36515, 9.16876 ], [ -73.3681, 9.17161 ], [ -73.36911, 9.173 ], [ -73.36646, 9.17584 ], [ -73.36643, 9.18505 ], [ -73.36201, 9.1903 ], [ -73.36239, 9.19264 ], [ -73.36487, 9.19447 ], [ -73.36485, 9.19845 ], [ -73.36161, 9.20037 ], [ -73.35842, 9.20542 ], [ -73.35862, 9.20688 ], [ -73.35621, 9.21558 ], [ -73.35125, 9.21788 ], [ -73.33913, 9.21502 ], [ -73.33463, 9.21254 ], [ -73.3333, 9.21278 ], [ -73.33234, 9.21828 ], [ -73.32973, 9.2201 ], [ -73.32634, 9.22941 ], [ -73.32139, 9.23286 ], [ -73.31885, 9.24054 ], [ -73.31652, 9.24359 ], [ -73.31652, 9.24792 ], [ -73.31133, 9.25216 ], [ -73.30576, 9.26382 ], [ -73.3034, 9.26605 ], [ -73.29838, 9.26667 ], [ -73.29871, 9.27052 ], [ -73.29557, 9.27788 ], [ -73.29777, 9.28062 ], [ -73.29562, 9.28232 ], [ -73.29629, 9.28686 ], [ -73.29219, 9.29003 ], [ -73.29131, 9.29168 ], [ -73.29277, 9.29401 ], [ -73.29272, 9.29621 ], [ -73.29229, 9.29766 ], [ -73.2906, 9.29873 ], [ -73.28977, 9.30176 ], [ -73.29039, 9.30704 ], [ -73.28789, 9.30954 ], [ -73.28875, 9.31484 ], [ -73.28491, 9.31846 ], [ -73.28265, 9.32322 ], [ -73.27868, 9.32377 ], [ -73.27541, 9.32173 ], [ -73.27361, 9.31929 ], [ -73.27014, 9.32346 ], [ -73.26448, 9.3281 ], [ -73.26452, 9.3295 ], [ -73.26241, 9.33352 ], [ -73.26076, 9.3434 ], [ -73.25934, 9.34549 ], [ -73.2596, 9.34761 ], [ -73.26138, 9.3503 ], [ -73.26138, 9.35363 ], [ -73.26283, 9.35803 ], [ -73.26119, 9.36971 ], [ -73.25855, 9.37347 ], [ -73.25492, 9.37468 ], [ -73.24968, 9.37785 ], [ -73.24538, 9.38382 ], [ -73.24116, 9.39225 ], [ -73.24232, 9.39725 ], [ -73.2408, 9.40348 ], [ -73.23216, 9.40942 ], [ -73.22609, 9.41576 ], [ -73.22371, 9.41694 ], [ -73.22157, 9.42086 ], [ -73.22123, 9.42438 ], [ -73.21847, 9.42269 ], [ -73.21501, 9.42227 ], [ -73.20743, 9.42371 ], [ -73.20516, 9.4291 ], [ -73.20269, 9.43137 ], [ -73.20216, 9.43641 ], [ -73.20005, 9.43877 ], [ -73.1978, 9.43951 ], [ -73.19108, 9.44494 ], [ -73.18781, 9.44655 ], [ -73.1868, 9.44818 ], [ -73.18751, 9.44934 ], [ -73.19117, 9.45134 ], [ -73.19379, 9.45889 ], [ -73.20048, 9.46166 ], [ -73.20319, 9.46752 ], [ -73.20307, 9.46921 ], [ -73.19962, 9.47269 ], [ -73.1972, 9.47655 ], [ -73.18671, 9.47539 ], [ -73.18314, 9.47803 ], [ -73.17843, 9.47867 ], [ -73.17529, 9.47822 ], [ -73.17396, 9.47967 ], [ -73.17286, 9.48198 ], [ -73.1723, 9.4866 ], [ -73.17298, 9.49045 ], [ -73.17651, 9.49684 ], [ -73.17669, 9.50105 ], [ -73.1738, 9.50458 ], [ -73.16692, 9.51031 ], [ -73.1645, 9.51706 ], [ -73.16165, 9.51721 ], [ -73.15813, 9.51965 ], [ -73.15227, 9.52993 ], [ -73.15061, 9.5347 ], [ -73.1466, 9.53744 ], [ -73.14508, 9.54288 ], [ -73.14095, 9.54464 ], [ -73.13622, 9.55029 ], [ -73.13134, 9.55082 ], [ -73.1284, 9.55449 ], [ -73.12688, 9.55524 ], [ -73.11497, 9.55511 ], [ -73.11054, 9.55368 ], [ -73.10155, 9.5571 ], [ -73.0857, 9.55611 ], [ -73.08413, 9.55739 ], [ -73.08398, 9.5631 ], [ -73.08541, 9.56895 ], [ -73.08256, 9.57495 ], [ -73.08127, 9.58566 ], [ -73.07842, 9.58966 ], [ -73.07413, 9.60122 ], [ -73.06942, 9.60436 ], [ -73.06771, 9.60679 ], [ -73.07028, 9.60864 ], [ -73.07756, 9.61093 ], [ -73.07827, 9.61207 ], [ -73.07556, 9.62521 ], [ -73.07012, 9.63252 ], [ -73.06628, 9.63705 ], [ -73.06585, 9.63977 ], [ -73.06286, 9.64348 ], [ -73.06057, 9.65019 ], [ -73.05814, 9.65105 ], [ -73.06114, 9.65975 ], [ -73.05814, 9.6641 ], [ -73.05569, 9.6722 ], [ -73.05507, 9.67827 ], [ -73.05215, 9.68376 ], [ -73.04779, 9.68612 ], [ -73.04729, 9.68773 ], [ -73.04583, 9.68833 ], [ -73.04483, 9.69336 ], [ -73.0418, 9.69593 ], [ -73.0398, 9.69968 ], [ -73.0383, 9.69911 ], [ -73.03587, 9.70075 ], [ -73.03573, 9.70275 ], [ -73.03394, 9.70575 ], [ -73.03419, 9.71035 ], [ -73.03173, 9.71353 ], [ -73.02784, 9.71421 ], [ -73.02815, 9.71869 ], [ -73.02224, 9.72531 ], [ -73.01978, 9.72706 ], [ -73.02017, 9.73002 ], [ -73.01703, 9.7342 ], [ -73.01421, 9.73609 ], [ -73.01149, 9.73502 ], [ -73.01014, 9.73759 ], [ -73.00586, 9.74123 ], [ -73.00443, 9.7458 ], [ -73.00539, 9.74801 ], [ -73.00489, 9.75226 ], [ -73.00354, 9.75543 ], [ -73.00214, 9.75604 ], [ -73.00029, 9.75897 ], [ -73.00047, 9.76022 ], [ -73.00304, 9.76136 ], [ -73.00199, 9.76222 ], [ -73.00196, 9.76486 ], [ -73.00011, 9.77007 ], [ -72.99804, 9.77235 ], [ -72.99754, 9.77578 ], [ -72.99565, 9.77799 ], [ -72.9959, 9.77913 ], [ -72.99465, 9.77974 ], [ -72.9944, 9.78338 ], [ -72.9909, 9.78681 ], [ -72.98787, 9.79409 ], [ -72.98565, 9.79498 ], [ -72.98473, 9.79694 ], [ -72.98066, 9.79737 ], [ -72.9762, 9.80294 ], [ -72.97452, 9.80326 ], [ -72.97395, 9.80529 ], [ -72.97248, 9.80647 ], [ -72.97006, 9.81322 ], [ -72.96717, 9.815 ], [ -72.96609, 9.81775 ], [ -72.96192, 9.81843 ], [ -72.96056, 9.82118 ], [ -72.95714, 9.82118 ], [ -72.95564, 9.82378 ], [ -72.95631, 9.82732 ], [ -72.9536, 9.83053 ], [ -72.95032, 9.83114 ], [ -72.95093, 9.83545 ], [ -72.94568, 9.83749 ], [ -72.94529, 9.84045 ], [ -72.94354, 9.84313 ], [ -72.94369, 9.84525 ], [ -72.94675, 9.84504 ], [ -72.95029, 9.84917 ], [ -72.95869, 9.85052 ], [ -72.96493, 9.85456 ], [ -72.97095, 9.85467 ], [ -72.97147, 9.85579 ], [ -72.97117, 9.86663 ], [ -72.97209, 9.86806 ], [ -72.97998, 9.86955 ], [ -72.98366, 9.87282 ], [ -72.98798, 9.87433 ], [ -72.99108, 9.87411 ], [ -72.99173, 9.8757 ], [ -72.99296, 9.87637 ], [ -72.99268, 9.87867 ], [ -72.99009, 9.8817 ], [ -72.98081, 9.88615 ], [ -72.97821, 9.8865 ], [ -72.97721, 9.889 ], [ -72.9779, 9.89057 ], [ -72.98376, 9.89276 ], [ -72.98871, 9.89859 ], [ -72.9879, 9.90088 ], [ -72.98585, 9.90264 ], [ -72.9859, 9.90516 ], [ -72.98364, 9.90713 ], [ -72.98614, 9.91123 ], [ -72.98575, 9.91337 ], [ -72.98426, 9.91472 ], [ -72.98131, 9.91525 ], [ -72.98154, 9.91627 ], [ -72.98652, 9.91753 ], [ -72.9888, 9.91717 ], [ -72.99104, 9.91565 ], [ -72.99337, 9.91577 ], [ -72.99451, 9.9166 ], [ -72.99404, 9.91851 ], [ -72.99461, 9.91977 ], [ -72.99848, 9.92112 ], [ -72.99903, 9.92305 ], [ -72.99415, 9.93183 ], [ -72.9943, 9.9359 ], [ -72.9889, 9.94161 ], [ -72.98853, 9.94833 ], [ -72.98655, 9.95543 ], [ -72.9806, 9.95891 ], [ -72.98029, 9.96367 ], [ -72.98309, 9.96738 ], [ -72.98421, 9.97452 ], [ -72.98326, 9.9764 ], [ -72.9816, 9.9769 ], [ -72.98069, 9.97884 ], [ -72.9809, 9.98063 ], [ -72.97884, 9.98255 ], [ -72.97797, 9.98552 ], [ -72.97576, 9.98809 ], [ -72.97555, 9.99266 ], [ -72.97026, 9.99586 ], [ -72.96705, 9.99589 ], [ -72.96287, 10.0051 ], [ -72.96118, 10.00693 ], [ -72.9616, 10.0135 ], [ -72.96338, 10.01587 ], [ -72.9632, 10.01745 ], [ -72.95627, 10.0223 ], [ -72.95291, 10.02679 ], [ -72.95327, 10.03735 ], [ -72.95504, 10.0403 ], [ -72.9542, 10.04223 ], [ -72.95441, 10.04556 ], [ -72.95639, 10.04727 ], [ -72.95807, 10.05258 ], [ -72.95898, 10.05317 ], [ -72.95502, 10.05735 ], [ -72.95437, 10.06 ], [ -72.95469, 10.06601 ], [ -72.95086, 10.06616 ], [ -72.94892, 10.06993 ], [ -72.94471, 10.07137 ], [ -72.94012, 10.08248 ], [ -72.93548, 10.08175 ], [ -72.93279, 10.08424 ], [ -72.93267, 10.08748 ], [ -72.92575, 10.09219 ], [ -72.92608, 10.09445 ], [ -72.92451, 10.10166 ], [ -72.92258, 10.1049 ], [ -72.92199, 10.10832 ], [ -72.91682, 10.11099 ], [ -72.91323, 10.10987 ], [ -72.91149, 10.11244 ], [ -72.91161, 10.11507 ], [ -72.91515, 10.12115 ], [ -72.91577, 10.12432 ], [ -72.922, 10.13796 ], [ -72.92019, 10.14024 ], [ -72.91921, 10.14431 ], [ -72.91998, 10.1469 ], [ -72.91713, 10.15653 ], [ -72.91704, 10.16096 ], [ -72.91484, 10.16647 ], [ -72.91276, 10.16775 ], [ -72.9082, 10.17557 ], [ -72.9085, 10.18559 ], [ -72.90719, 10.18889 ], [ -72.90936, 10.19588 ], [ -72.90928, 10.20513 ], [ -72.90725, 10.2068 ], [ -72.89967, 10.20867 ], [ -72.89872, 10.21438 ], [ -72.8972, 10.21792 ], [ -72.89881, 10.22158 ], [ -72.90138, 10.22441 ], [ -72.90299, 10.22853 ], [ -72.90198, 10.23142 ], [ -72.90356, 10.23843 ], [ -72.90309, 10.24317 ], [ -72.90071, 10.24831 ], [ -72.90324, 10.25192 ], [ -72.90257, 10.25381 ], [ -72.90371, 10.25628 ], [ -72.90368, 10.25862 ], [ -72.90644, 10.26171 ], [ -72.90617, 10.26508 ], [ -72.90699, 10.26797 ], [ -72.90605, 10.27037 ], [ -72.90598, 10.27507 ], [ -72.9036, 10.27922 ], [ -72.90604, 10.28584 ], [ -72.90246, 10.29089 ], [ -72.90002, 10.29159 ], [ -72.90103, 10.29599 ], [ -72.90046, 10.30213 ], [ -72.89831, 10.30848 ], [ -72.8961, 10.31107 ], [ -72.90346, 10.31802 ], [ -72.90646, 10.32318 ], [ -72.90615, 10.33137 ], [ -72.90497, 10.33303 ], [ -72.90471, 10.33543 ], [ -72.90626, 10.33688 ], [ -72.90616, 10.33907 ], [ -72.90787, 10.34393 ], [ -72.90643, 10.35323 ], [ -72.89919, 10.36297 ], [ -72.89565, 10.36288 ], [ -72.89237, 10.36381 ], [ -72.89345, 10.3653 ], [ -72.89193, 10.3717 ], [ -72.89245, 10.37455 ], [ -72.89022, 10.37653 ], [ -72.89025, 10.37839 ], [ -72.88575, 10.38457 ], [ -72.88769, 10.38605 ], [ -72.88701, 10.38717 ], [ -72.8876, 10.39412 ], [ -72.89691, 10.39714 ], [ -72.89971, 10.39892 ], [ -72.8985, 10.40747 ], [ -72.89512, 10.40899 ], [ -72.89419, 10.41144 ], [ -72.89603, 10.41389 ], [ -72.89683, 10.42058 ], [ -72.89505, 10.42291 ], [ -72.89493, 10.42606 ], [ -72.89636, 10.43077 ], [ -72.90075, 10.43611 ], [ -72.89798, 10.43871 ], [ -72.89505, 10.44321 ], [ -72.8927, 10.44374 ], [ -72.89166, 10.45102 ], [ -72.88831, 10.4512 ], [ -72.88683, 10.45324 ], [ -72.88563, 10.45423 ], [ -72.88027, 10.45532 ], [ -72.8761, 10.45374 ], [ -72.87653, 10.45609 ], [ -72.87589, 10.45695 ], [ -72.87062, 10.45971 ], [ -72.86765, 10.45992 ], [ -72.8669, 10.46042 ], [ -72.8668, 10.46208 ], [ -72.86273, 10.46338 ], [ -72.86016, 10.46685 ], [ -72.85362, 10.48071 ], [ -72.8488, 10.48416 ], [ -72.84467, 10.48517 ], [ -72.84662, 10.49334 ], [ -72.84253, 10.49834 ], [ -72.8441, 10.50427 ], [ -72.84333, 10.50793 ], [ -72.84015, 10.50852 ], [ -72.83744, 10.51054 ], [ -72.83598, 10.51361 ], [ -72.83646, 10.51652 ], [ -72.83444, 10.51849 ], [ -72.83875, 10.52797 ], [ -72.83836, 10.53139 ], [ -72.84012, 10.5322 ], [ -72.83973, 10.5344 ], [ -72.84285, 10.53785 ], [ -72.84254, 10.5391 ], [ -72.83804, 10.53844 ], [ -72.835, 10.5396 ], [ -72.83334, 10.54094 ], [ -72.8317, 10.5454 ], [ -72.82602, 10.54805 ], [ -72.82424, 10.55204 ], [ -72.82318, 10.56516 ], [ -72.82234, 10.56756 ], [ -72.8111, 10.57641 ], [ -72.79953, 10.58307 ], [ -72.79282, 10.58852 ], [ -72.79128, 10.59043 ], [ -72.79036, 10.594 ], [ -72.78984, 10.60384 ], [ -72.78141, 10.61239 ], [ -72.76792, 10.62257 ], [ -72.76518, 10.62274 ], [ -72.75818, 10.62752 ], [ -72.75493, 10.63086 ], [ -72.75014, 10.63413 ], [ -72.75086, 10.63724 ], [ -72.74872, 10.64064 ], [ -72.74993, 10.64664 ], [ -72.74988, 10.65106 ], [ -72.74936, 10.65211 ], [ -72.74816, 10.65228 ], [ -72.74194, 10.65268 ], [ -72.74025, 10.65199 ], [ -72.73941, 10.65287 ], [ -72.73772, 10.65689 ], [ -72.7402, 10.66089 ], [ -72.73927, 10.66486 ], [ -72.73941, 10.67036 ], [ -72.73417, 10.67777 ], [ -72.73122, 10.68851 ], [ -72.73175, 10.69118 ], [ -72.7297, 10.69634 ], [ -72.72387, 10.70067 ], [ -72.71748, 10.70408 ], [ -72.71593, 10.70606 ], [ -72.7193, 10.71876 ], [ -72.71934, 10.72137 ], [ -72.71414, 10.73387 ], [ -72.71747, 10.73772 ], [ -72.71772, 10.7393 ], [ -72.71406, 10.74145 ], [ -72.7112, 10.75239 ], [ -72.70848, 10.7565 ], [ -72.70486, 10.75849 ], [ -72.69671, 10.75882 ], [ -72.69292, 10.75725 ], [ -72.68936, 10.75718 ], [ -72.67994, 10.76399 ], [ -72.6801, 10.76549 ], [ -72.68248, 10.7662 ], [ -72.68277, 10.77014 ], [ -72.6815, 10.77347 ], [ -72.68119, 10.77833 ], [ -72.67866, 10.78136 ], [ -72.6782, 10.78341 ], [ -72.68266, 10.79585 ], [ -72.6754, 10.80656 ], [ -72.67446, 10.81355 ], [ -72.67627, 10.817 ], [ -72.67598, 10.81934 ], [ -72.67445, 10.82135 ], [ -72.66864, 10.82292 ], [ -72.6637, 10.82799 ], [ -72.66187, 10.83117 ], [ -72.66162, 10.83248 ], [ -72.66293, 10.83431 ], [ -72.66338, 10.83787 ], [ -72.66043, 10.84253 ], [ -72.65807, 10.85108 ], [ -72.65801, 10.85602 ], [ -72.65881, 10.85728 ], [ -72.65526, 10.85786 ], [ -72.64981, 10.86652 ], [ -72.64849, 10.87258 ], [ -72.64859, 10.87531 ], [ -72.64954, 10.87714 ], [ -72.64798, 10.88043 ], [ -72.63853, 10.88496 ], [ -72.63094, 10.8846 ], [ -72.62041, 10.88701 ], [ -72.61867, 10.88682 ], [ -72.6124, 10.8827 ], [ -72.60759, 10.88871 ], [ -72.60574, 10.89499 ], [ -72.60421, 10.8972 ], [ -72.59367, 10.90511 ], [ -72.58508, 10.90978 ], [ -72.57952, 10.91104 ], [ -72.57451, 10.91606 ], [ -72.57194, 10.92265 ], [ -72.56336, 10.92795 ], [ -72.56097, 10.93353 ], [ -72.55377, 10.9402 ], [ -72.55354, 10.94438 ], [ -72.55168, 10.94667 ], [ -72.55015, 10.95214 ], [ -72.54696, 10.95723 ], [ -72.54467, 10.96288 ], [ -72.53715, 10.97491 ], [ -72.53836, 10.97951 ], [ -72.53604, 10.98566 ], [ -72.53012, 10.99336 ], [ -72.52659, 10.99638 ], [ -72.5228, 10.99611 ], [ -72.51845, 11.00163 ], [ -72.51998, 11.00394 ], [ -72.5252, 11.00709 ], [ -72.52648, 11.00941 ], [ -72.52606, 11.0118 ], [ -72.52307, 11.0136 ], [ -72.51927, 11.01369 ], [ -72.5176, 11.01913 ], [ -72.50876, 11.02274 ], [ -72.50762, 11.02553 ], [ -72.50748, 11.03424 ], [ -72.50504, 11.03793 ], [ -72.50288, 11.03986 ], [ -72.50111, 11.03987 ], [ -72.49852, 11.04131 ], [ -72.48972, 11.05206 ], [ -72.48187, 11.05856 ], [ -72.48202, 11.06059 ], [ -72.48558, 11.06247 ], [ -72.4865, 11.06732 ], [ -72.48975, 11.07477 ], [ -72.49042, 11.07808 ], [ -72.49244, 11.07965 ], [ -72.49595, 11.08127 ], [ -72.49778, 11.08301 ], [ -72.49826, 11.08508 ], [ -72.49693, 11.08637 ], [ -72.49055, 11.08904 ], [ -72.4884, 11.09466 ], [ -72.4856, 11.09831 ], [ -72.47817, 11.10202 ], [ -72.46458, 11.11338 ], [ -72.45983, 11.1141 ], [ -72.45885, 11.11593 ], [ -72.45616, 11.11957 ], [ -72.44892, 11.12488 ], [ -72.44359, 11.12766 ], [ -72.44231, 11.12732 ], [ -72.44246, 11.12324 ], [ -72.43935, 11.1158 ], [ -72.43789, 11.11529 ], [ -72.43107, 11.12146 ], [ -72.42933, 11.12238 ], [ -72.42503, 11.12217 ], [ -72.42504, 11.12441 ], [ -72.4233, 11.1258 ], [ -72.41319, 11.12584 ], [ -72.40918, 11.12689 ], [ -72.4079, 11.12638 ], [ -72.39995, 11.12986 ], [ -72.39328, 11.13144 ], [ -72.38759, 11.13382 ], [ -72.3826, 11.13441 ], [ -72.3768, 11.13639 ], [ -72.37372, 11.1364 ], [ -72.37239, 11.13796 ], [ -72.36861, 11.13941 ], [ -72.36582, 11.13936 ], [ -72.35997, 11.14237 ], [ -72.35801, 11.1464 ], [ -72.34931, 11.15137 ], [ -72.34472, 11.15151 ], [ -72.34099, 11.1494 ], [ -72.33413, 11.14822 ], [ -72.33308, 11.14725 ], [ -72.33476, 11.14518 ], [ -72.33144, 11.14427 ], [ -72.3283, 11.14429 ], [ -72.32477, 11.14643 ], [ -72.32221, 11.14684 ], [ -72.3154, 11.14417 ], [ -72.29913, 11.14498 ], [ -72.28912, 11.14296 ], [ -72.28663, 11.1432 ], [ -72.2769, 11.13916 ], [ -72.27213, 11.13832 ], [ -72.25912, 11.13848 ], [ -72.25465, 11.1408 ], [ -72.25087, 11.13972 ], [ -72.24942, 11.14019 ], [ -72.24569, 11.14522 ], [ -72.14398, 11.33197 ], [ -72.04624, 11.50938 ], [ -72.02547, 11.54571 ], [ -71.97945, 11.63093 ], [ -71.97136, 11.64627 ], [ -71.93132, 11.65289 ], [ -71.84144, 11.67406 ], [ -71.80219, 11.68005 ], [ -71.64776, 11.73262 ], [ -71.61101, 11.7463 ], [ -71.51931, 11.77066 ], [ -71.48308, 11.77913 ], [ -71.45714, 11.7865 ], [ -71.37841, 11.81213 ], [ -71.37905, 11.81287 ], [ -71.38569, 11.81396 ], [ -71.38743, 11.81525 ], [ -71.3886, 11.81782 ], [ -71.3889, 11.82437 ], [ -71.38754, 11.82523 ], [ -71.38856, 11.82719 ], [ -71.38819, 11.82833 ], [ -71.38494, 11.82901 ], [ -71.38641, 11.82984 ], [ -71.38569, 11.83033 ], [ -71.38218, 11.82961 ], [ -71.37929, 11.8325 ], [ -71.37709, 11.83115 ], [ -71.37482, 11.83167 ], [ -71.37302, 11.83112 ], [ -71.37171, 11.83213 ], [ -71.37064, 11.83138 ], [ -71.36921, 11.83204 ], [ -71.37004, 11.82825 ], [ -71.36708, 11.82862 ], [ -71.36427, 11.82687 ], [ -71.36241, 11.82701 ], [ -71.36152, 11.82804 ], [ -71.36198, 11.82876 ], [ -71.36567, 11.83025 ], [ -71.3651, 11.83268 ], [ -71.36253, 11.83317 ], [ -71.36216, 11.8339 ], [ -71.36223, 11.83484 ], [ -71.36395, 11.83604 ], [ -71.36326, 11.83716 ], [ -71.36372, 11.83875 ], [ -71.36521, 11.8401 ], [ -71.36381, 11.8401 ], [ -71.36315, 11.84107 ], [ -71.36165, 11.84082 ], [ -71.35956, 11.83516 ], [ -71.35421, 11.83767 ], [ -71.34937, 11.8381 ], [ -71.34523, 11.83742 ], [ -71.3417, 11.84006 ], [ -71.33919, 11.84038 ], [ -71.33816, 11.84173 ], [ -71.33837, 11.84256 ], [ -71.3413, 11.8432 ], [ -71.34135, 11.84125 ], [ -71.34567, 11.84125 ], [ -71.34528, 11.83992 ], [ -71.34661, 11.841 ], [ -71.34571, 11.84295 ], [ -71.34737, 11.84375 ], [ -71.34482, 11.84405 ], [ -71.3445, 11.84578 ], [ -71.34298, 11.84711 ], [ -71.3431, 11.84835 ], [ -71.3413, 11.84915 ], [ -71.33322, 11.85043 ], [ -71.33232, 11.84803 ], [ -71.33264, 11.84555 ], [ -71.33453, 11.84424 ], [ -71.33088, 11.84401 ], [ -71.33131, 11.84559 ], [ -71.33069, 11.84603 ], [ -71.33023, 11.84385 ], [ -71.32716, 11.83932 ], [ -71.3278, 11.83902 ], [ -71.32746, 11.83781 ], [ -71.32475, 11.83523 ], [ -71.32495, 11.83335 ], [ -71.32412, 11.83312 ], [ -71.32362, 11.85074 ], [ -71.3222, 11.85942 ], [ -71.31893, 11.86339 ], [ -71.31719, 11.86401 ], [ -71.31604, 11.87218 ], [ -71.31527, 11.8718 ], [ -71.31322, 11.87051 ], [ -71.3113, 11.86903 ], [ -71.30953, 11.86737 ], [ -71.30794, 11.86555 ], [ -71.30652, 11.86358 ], [ -71.30531, 11.86149 ], [ -71.3043, 11.85928 ], [ -71.30351, 11.85699 ], [ -71.30294, 11.85463 ], [ -71.30261, 11.85223 ], [ -71.30251, 11.84981 ], [ -71.30265, 11.84739 ], [ -71.30302, 11.845 ], [ -71.30362, 11.84265 ], [ -71.30444, 11.84037 ], [ -71.30548, 11.83818 ], [ -71.31674, 11.8172 ], [ -71.31794, 11.81048 ], [ -71.31306, 11.79908 ], [ -71.31221, 11.79678 ], [ -71.31159, 11.79441 ], [ -71.3112, 11.79198 ], [ -71.31105, 11.78954 ], [ -71.31114, 11.78709 ], [ -71.31148, 11.78466 ], [ -71.31204, 11.78227 ], [ -71.31284, 11.77995 ], [ -71.31387, 11.77772 ], [ -71.3151, 11.7756 ], [ -71.31654, 11.77362 ], [ -71.31817, 11.77178 ], [ -71.31996, 11.77011 ], [ -71.32192, 11.76863 ], [ -71.324, 11.76734 ], [ -71.32621, 11.76627 ], [ -71.32851, 11.76542 ], [ -71.33088, 11.76479 ], [ -71.3333, 11.7644 ], [ -71.35117, 11.76242 ], [ -71.35136, 11.76128 ], [ -71.35186, 11.75929 ], [ -71.35418, 11.7514 ], [ -71.35496, 11.74915 ], [ -71.35595, 11.74698 ], [ -71.35714, 11.74492 ], [ -71.35852, 11.74298 ], [ -71.36008, 11.74118 ], [ -71.36181, 11.73954 ], [ -71.36368, 11.73807 ], [ -71.36568, 11.73679 ], [ -71.3678, 11.7357 ], [ -71.37001, 11.73481 ], [ -71.3797, 11.73147 ], [ -71.38157, 11.73091 ], [ -71.38347, 11.7305 ], [ -71.40187, 11.72722 ], [ -71.45563, 11.69942 ], [ -71.45777, 11.69844 ], [ -71.46, 11.69766 ], [ -71.49996, 11.68581 ], [ -71.50337, 11.68506 ], [ -71.66894, 11.66026 ], [ -71.85459, 11.60423 ], [ -71.85748, 11.60354 ], [ -71.89438, 11.59705 ], [ -71.9155, 11.58967 ], [ -71.93401, 11.5806 ], [ -71.93874, 11.57675 ], [ -71.9462, 11.55155 ], [ -71.9452, 11.51462 ], [ -71.91566, 11.38936 ], [ -71.83546, 11.22997 ], [ -71.77697, 11.14834 ], [ -71.75468, 11.12656 ], [ -71.64073, 11.06305 ], [ -71.63892, 11.06193 ], [ -71.63721, 11.06067 ], [ -71.62212, 11.0485 ], [ -71.62013, 11.04672 ], [ -71.61835, 11.04474 ], [ -71.60699, 11.03066 ], [ -71.60563, 11.02881 ], [ -71.60445, 11.02684 ], [ -71.60345, 11.02477 ], [ -71.60265, 11.02261 ], [ -71.60205, 11.02039 ], [ -71.60165, 11.01813 ], [ -71.59986, 11.00413 ], [ -71.59967, 11.0017 ], [ -71.59972, 10.99927 ], [ -71.6, 10.99685 ], [ -71.60052, 10.99448 ], [ -71.60126, 10.99216 ], [ -71.60223, 10.98993 ], [ -71.60341, 10.9878 ], [ -71.60479, 10.98579 ], [ -71.60635, 10.98393 ], [ -71.6081, 10.98223 ], [ -71.60999, 10.98071 ], [ -71.61203, 10.97938 ], [ -71.61419, 10.97826 ], [ -71.61645, 10.97735 ], [ -71.62427, 10.97463 ], [ -71.62713, 10.97382 ], [ -71.67396, 10.96356 ], [ -71.67635, 10.96316 ], [ -71.67877, 10.96299 ], [ -71.6812, 10.96305 ], [ -71.68361, 10.96335 ], [ -71.68597, 10.96388 ], [ -71.68828, 10.96464 ], [ -71.6905, 10.96562 ], [ -71.69234, 10.96666 ], [ -71.69225, 10.96644 ], [ -71.69152, 10.96415 ], [ -71.69102, 10.9618 ], [ -71.69075, 10.95941 ], [ -71.6907, 10.95701 ], [ -71.69106, 10.94488 ], [ -71.69133, 10.94191 ], [ -71.69194, 10.939 ], [ -71.69467, 10.92905 ], [ -71.69515, 10.92135 ], [ -71.68659, 10.88632 ], [ -71.67102, 10.84801 ], [ -71.65312, 10.81617 ], [ -71.63167, 10.78804 ], [ -71.6041, 10.76423 ], [ -71.56453, 10.74317 ], [ -71.56237, 10.74187 ], [ -71.56035, 10.74037 ], [ -71.55849, 10.73867 ], [ -71.55681, 10.73679 ], [ -71.55533, 10.73475 ], [ -71.55407, 10.73257 ], [ -71.55302, 10.73027 ], [ -71.55296, 10.7301 ], [ -71.55292, 10.7374 ], [ -71.55385, 10.74056 ], [ -71.55574, 10.74279 ], [ -71.57201, 10.75669 ], [ -71.57377, 10.75834 ], [ -71.57536, 10.76015 ], [ -71.57676, 10.76211 ], [ -71.58627, 10.77679 ], [ -71.58728, 10.77787 ], [ -71.5917, 10.77949 ], [ -71.59404, 10.78048 ], [ -71.59626, 10.7817 ], [ -71.59835, 10.78315 ], [ -71.60029, 10.7848 ], [ -71.60205, 10.78664 ], [ -71.60361, 10.78864 ], [ -71.60496, 10.7908 ], [ -71.60608, 10.79308 ], [ -71.60696, 10.79546 ], [ -71.6076, 10.79792 ], [ -71.60799, 10.80043 ], [ -71.60812, 10.80297 ], [ -71.60812, 10.80923 ], [ -71.60801, 10.81161 ], [ -71.60767, 10.81396 ], [ -71.60711, 10.81628 ], [ -71.60633, 10.81853 ], [ -71.60534, 10.82069 ], [ -71.60415, 10.82275 ], [ -71.60277, 10.82469 ], [ -71.60121, 10.82649 ], [ -71.59948, 10.82813 ], [ -71.59761, 10.8296 ], [ -71.59561, 10.83089 ], [ -71.59349, 10.83198 ], [ -71.59128, 10.83286 ], [ -71.589, 10.83353 ], [ -71.58666, 10.83398 ], [ -71.58429, 10.8342 ], [ -71.51117, 10.83762 ], [ -71.50931, 10.83764 ], [ -71.50746, 10.83752 ], [ -71.4756, 10.83426 ], [ -71.47324, 10.8339 ], [ -71.47092, 10.83333 ], [ -71.46868, 10.83253 ], [ -71.46378, 10.83053 ], [ -71.47134, 10.84446 ], [ -71.47264, 10.84724 ], [ -71.47358, 10.85016 ], [ -71.47757, 10.86566 ], [ -71.47806, 10.86806 ], [ -71.47832, 10.87049 ], [ -71.47834, 10.87294 ], [ -71.47812, 10.87538 ], [ -71.47766, 10.87778 ], [ -71.47696, 10.88013 ], [ -71.47604, 10.8824 ], [ -71.46908, 10.89742 ], [ -71.46801, 10.89949 ], [ -71.46674, 10.90145 ], [ -71.4666, 10.90163 ], [ -71.4701, 10.90325 ], [ -71.47192, 10.90419 ], [ -71.47366, 10.90527 ], [ -71.47531, 10.9065 ], [ -71.48532, 10.9146 ], [ -71.48761, 10.9167 ], [ -71.50361, 10.93335 ], [ -71.51226, 10.93764 ], [ -71.51439, 10.93884 ], [ -71.5164, 10.94023 ], [ -71.51825, 10.94182 ], [ -71.51995, 10.94357 ], [ -71.52147, 10.94549 ], [ -71.52279, 10.94754 ], [ -71.5239, 10.94972 ], [ -71.5248, 10.95199 ], [ -71.52547, 10.95433 ], [ -71.52591, 10.95674 ], [ -71.52612, 10.95917 ], [ -71.52608, 10.96161 ], [ -71.52581, 10.96404 ], [ -71.5253, 10.96643 ], [ -71.52456, 10.96876 ], [ -71.52359, 10.971 ], [ -71.52242, 10.97314 ], [ -71.52104, 10.97515 ], [ -71.51947, 10.97702 ], [ -71.51772, 10.97873 ], [ -71.51582, 10.98026 ], [ -71.51377, 10.9816 ], [ -71.51161, 10.98273 ], [ -71.50934, 10.98364 ], [ -71.46653, 10.99853 ], [ -71.46405, 10.99925 ], [ -71.46151, 10.99972 ], [ -71.42164, 11.00485 ], [ -71.4186, 11.00505 ], [ -71.33793, 11.00553 ], [ -71.30049, 11.01095 ], [ -71.18692, 11.05666 ], [ -71.14619, 11.08025 ], [ -71.13918, 11.08671 ], [ -71.1373, 11.08829 ], [ -71.13527, 11.08967 ], [ -71.13312, 11.09085 ], [ -71.13086, 11.09181 ], [ -71.07277, 11.11321 ], [ -70.88174, 11.21819 ], [ -70.87989, 11.21911 ], [ -70.87798, 11.21987 ], [ -70.876, 11.22047 ], [ -70.72101, 11.26085 ], [ -70.69486, 11.27126 ], [ -70.69254, 11.27205 ], [ -70.69014, 11.27262 ], [ -70.6877, 11.27294 ], [ -70.68524, 11.27303 ], [ -70.68279, 11.27287 ], [ -70.68036, 11.27247 ], [ -70.67798, 11.27184 ], [ -70.67568, 11.27097 ], [ -70.65911, 11.26379 ], [ -70.63142, 11.26418 ], [ -70.53447, 11.27586 ], [ -70.53541, 11.28318 ], [ -70.5356, 11.28558 ], [ -70.53556, 11.28799 ], [ -70.53528, 11.29039 ], [ -70.53478, 11.29275 ], [ -70.53405, 11.29505 ], [ -70.53311, 11.29727 ], [ -70.53195, 11.29938 ], [ -70.5306, 11.30138 ], [ -70.52906, 11.30323 ], [ -70.52734, 11.30493 ], [ -70.52548, 11.30646 ], [ -70.52347, 11.3078 ], [ -70.52135, 11.30894 ], [ -70.51912, 11.30987 ], [ -70.49495, 11.31862 ], [ -70.49261, 11.31934 ], [ -70.49021, 11.31982 ], [ -70.48778, 11.32007 ], [ -70.48533, 11.32009 ], [ -70.4829, 11.31986 ], [ -70.43568, 11.3131 ], [ -70.40976, 11.32048 ], [ -70.33663, 11.35468 ], [ -70.30182, 11.37788 ], [ -70.29957, 11.37921 ], [ -70.2972, 11.3803 ], [ -70.29474, 11.38114 ], [ -70.29219, 11.38172 ], [ -70.2896, 11.38203 ], [ -70.28699, 11.38206 ], [ -70.26765, 11.38132 ], [ -70.26547, 11.38114 ], [ -70.2353, 11.37732 ], [ -70.19573, 11.39652 ], [ -70.18004, 11.41527 ], [ -70.16991, 11.4354 ], [ -70.16977, 11.43854 ], [ -70.1712, 11.43887 ], [ -70.17352, 11.43965 ], [ -70.17575, 11.44065 ], [ -70.17787, 11.44187 ], [ -70.17986, 11.44328 ], [ -70.1817, 11.44489 ], [ -70.18338, 11.44666 ], [ -70.18488, 11.44859 ], [ -70.18618, 11.45066 ], [ -70.18728, 11.45285 ], [ -70.18815, 11.45513 ], [ -70.1888, 11.45749 ], [ -70.18922, 11.4599 ], [ -70.18939, 11.46233 ], [ -70.18933, 11.46478 ], [ -70.18903, 11.4672 ], [ -70.1885, 11.46959 ], [ -70.18773, 11.47191 ], [ -70.18674, 11.47414 ], [ -70.18554, 11.47627 ], [ -70.18414, 11.47827 ], [ -70.18255, 11.48013 ], [ -70.18078, 11.48182 ], [ -70.17886, 11.48332 ], [ -70.16893, 11.49036 ], [ -70.16676, 11.49174 ], [ -70.16446, 11.49289 ], [ -70.16205, 11.49379 ], [ -70.15956, 11.49445 ], [ -70.15702, 11.49484 ], [ -70.15445, 11.49497 ], [ -70.15189, 11.49484 ], [ -70.13871, 11.49347 ], [ -70.13605, 11.49305 ], [ -70.13346, 11.49234 ], [ -70.13096, 11.49137 ], [ -70.1165, 11.48481 ], [ -70.11435, 11.4837 ], [ -70.11232, 11.4824 ], [ -70.11043, 11.48091 ], [ -70.10868, 11.47923 ], [ -70.10711, 11.4774 ], [ -70.10572, 11.47543 ], [ -70.10135, 11.46854 ], [ -70.10128, 11.46871 ], [ -70.1001, 11.47077 ], [ -70.09872, 11.47271 ], [ -70.09718, 11.47452 ], [ -70.09546, 11.47616 ], [ -70.0936, 11.47764 ], [ -70.0916, 11.47894 ], [ -70.0895, 11.48003 ], [ -70.08729, 11.48093 ], [ -70.08501, 11.48161 ], [ -70.08268, 11.48207 ], [ -70.08032, 11.48231 ], [ -70.07838, 11.48232 ], [ -70.07841, 11.48237 ], [ -70.07937, 11.48466 ], [ -70.08011, 11.48703 ], [ -70.0805, 11.48896 ], [ -70.10172, 11.496 ], [ -70.12171, 11.49748 ], [ -70.12431, 11.49781 ], [ -70.12686, 11.49841 ], [ -70.12934, 11.49928 ], [ -70.13171, 11.5004 ], [ -70.13395, 11.50176 ], [ -70.13603, 11.50335 ], [ -70.13933, 11.50615 ], [ -70.14109, 11.50779 ], [ -70.14269, 11.5096 ], [ -70.1441, 11.51155 ], [ -70.14532, 11.51363 ], [ -70.14633, 11.51582 ], [ -70.14713, 11.51809 ], [ -70.1477, 11.52043 ], [ -70.14805, 11.52282 ], [ -70.14816, 11.52523 ], [ -70.14804, 11.52763 ], [ -70.14786, 11.52887 ], [ -70.15367, 11.53208 ], [ -70.1563, 11.53376 ], [ -70.17632, 11.54835 ], [ -70.17823, 11.54989 ], [ -70.17998, 11.55161 ], [ -70.18156, 11.55349 ], [ -70.18294, 11.55552 ], [ -70.18411, 11.55768 ], [ -70.18507, 11.55994 ], [ -70.1858, 11.56228 ], [ -70.1863, 11.56469 ], [ -70.18656, 11.56713 ], [ -70.18658, 11.56958 ], [ -70.18636, 11.57203 ], [ -70.1859, 11.57444 ], [ -70.1852, 11.57679 ], [ -70.18481, 11.57776 ], [ -70.18523, 11.57772 ], [ -70.18772, 11.57772 ], [ -70.1902, 11.57796 ], [ -70.19264, 11.57845 ], [ -70.21791, 11.58484 ], [ -70.22013, 11.58551 ], [ -70.22227, 11.58639 ], [ -70.22433, 11.58746 ], [ -70.22628, 11.58871 ], [ -70.2281, 11.59014 ], [ -70.22978, 11.59174 ], [ -70.24789, 11.61054 ], [ -70.24963, 11.61254 ], [ -70.25114, 11.61472 ], [ -70.25242, 11.61704 ], [ -70.25344, 11.61949 ], [ -70.2542, 11.62203 ], [ -70.25468, 11.62464 ], [ -70.25793, 11.6495 ], [ -70.25812, 11.65178 ], [ -70.2581, 11.65406 ], [ -70.25788, 11.65634 ], [ -70.25745, 11.65859 ], [ -70.25681, 11.66078 ], [ -70.25598, 11.66291 ], [ -70.25495, 11.66496 ], [ -70.25117, 11.67171 ], [ -70.24964, 11.6741 ], [ -70.24785, 11.67631 ], [ -70.23954, 11.68545 ], [ -70.24175, 11.68979 ], [ -70.24272, 11.69193 ], [ -70.24348, 11.69416 ], [ -70.24403, 11.69644 ], [ -70.24436, 11.69877 ], [ -70.24447, 11.70112 ], [ -70.24447, 11.71867 ], [ -70.25075, 11.7273 ], [ -70.25237, 11.72983 ], [ -70.25368, 11.73254 ], [ -70.25628, 11.73889 ], [ -70.25708, 11.74117 ], [ -70.25767, 11.74352 ], [ -70.25771, 11.74377 ], [ -70.25858, 11.74459 ], [ -70.26023, 11.74648 ], [ -70.26167, 11.74852 ], [ -70.26291, 11.75069 ], [ -70.26393, 11.75298 ], [ -70.2647, 11.75536 ], [ -70.26859, 11.76956 ], [ -70.28794, 11.80249 ], [ -70.28921, 11.80411 ], [ -70.29011, 11.80469 ], [ -70.29204, 11.80607 ], [ -70.29383, 11.80763 ], [ -70.29547, 11.80936 ], [ -70.29693, 11.81123 ], [ -70.3001, 11.81571 ], [ -70.3015, 11.81793 ], [ -70.30266, 11.82028 ], [ -70.30357, 11.82274 ], [ -70.30421, 11.82528 ], [ -70.30459, 11.82787 ], [ -70.30509, 11.83336 ], [ -70.30603, 11.83347 ], [ -70.30843, 11.83398 ], [ -70.31077, 11.83473 ], [ -70.31303, 11.83571 ], [ -70.31518, 11.8369 ], [ -70.3172, 11.8383 ], [ -70.31908, 11.83989 ], [ -70.32079, 11.84166 ], [ -70.32231, 11.84358 ], [ -70.32365, 11.84565 ], [ -70.32477, 11.84784 ], [ -70.32567, 11.85012 ], [ -70.32634, 11.85249 ], [ -70.32678, 11.85491 ], [ -70.32698, 11.85736 ], [ -70.32693, 11.85982 ], [ -70.32665, 11.86226 ], [ -70.32613, 11.86466 ], [ -70.32537, 11.867 ], [ -70.32084, 11.87896 ], [ -70.31375, 11.91233 ], [ -70.31266, 11.9254 ], [ -70.3124, 11.92749 ], [ -70.31196, 11.92955 ], [ -70.30777, 11.94586 ], [ -70.30712, 11.94801 ], [ -70.30627, 11.95008 ], [ -70.30525, 11.95208 ], [ -70.28888, 11.98061 ], [ -70.28554, 11.99672 ], [ -70.28492, 11.9991 ], [ -70.28408, 12.00141 ], [ -70.27765, 12.01658 ], [ -70.27647, 12.01898 ], [ -70.27505, 12.02125 ], [ -70.27339, 12.02335 ], [ -70.24345, 12.05733 ], [ -70.23679, 12.06679 ], [ -70.23513, 12.07539 ], [ -70.23627, 12.10165 ], [ -70.23625, 12.10406 ], [ -70.23601, 12.10645 ], [ -70.23554, 12.10881 ], [ -70.23484, 12.11111 ], [ -70.23393, 12.11333 ], [ -70.23281, 12.11546 ], [ -70.22732, 12.12474 ], [ -70.22592, 12.12685 ], [ -70.22432, 12.1288 ], [ -70.22253, 12.13059 ], [ -70.22057, 12.13218 ], [ -70.21846, 12.13357 ], [ -70.21622, 12.13474 ], [ -70.21387, 12.13567 ], [ -70.21144, 12.13637 ], [ -70.20895, 12.13681 ], [ -70.20643, 12.137 ], [ -70.16577, 12.13803 ], [ -70.15444, 12.14113 ], [ -70.14179, 12.14906 ], [ -70.08067, 12.20057 ], [ -70.07863, 12.20213 ], [ -70.07644, 12.20346 ], [ -70.05321, 12.216 ], [ -70.05103, 12.21704 ], [ -70.04877, 12.21787 ], [ -70.04643, 12.21847 ], [ -70.02283, 12.22339 ], [ -70.02049, 12.22377 ], [ -70.01813, 12.22392 ], [ -70.01576, 12.22384 ], [ -70.01341, 12.22354 ], [ -70.0111, 12.22303 ], [ -70.00885, 12.22229 ], [ -69.99461, 12.21688 ], [ -69.99209, 12.21576 ], [ -69.98971, 12.21437 ], [ -69.98037, 12.2082 ], [ -69.93875, 12.19891 ], [ -69.93659, 12.19832 ], [ -69.93448, 12.19754 ], [ -69.93245, 12.19658 ], [ -69.93052, 12.19543 ], [ -69.92869, 12.19412 ], [ -69.90985, 12.17922 ], [ -69.90822, 12.17781 ], [ -69.90672, 12.17627 ], [ -69.90536, 12.17461 ], [ -69.90415, 12.17284 ], [ -69.81411, 12.02843 ], [ -69.81266, 12.02576 ], [ -69.81155, 12.02294 ], [ -69.7984, 11.98258 ], [ -69.79778, 11.98032 ], [ -69.79737, 11.978 ], [ -69.79196, 11.9356 ], [ -69.79176, 11.93269 ], [ -69.79093, 11.84863 ], [ -69.78431, 11.81 ], [ -69.72414, 11.6422 ], [ -69.67923, 11.55389 ], [ -69.64858, 11.51616 ], [ -69.61416, 11.49171 ], [ -69.59411, 11.489 ], [ -69.57758, 11.49905 ], [ -69.55258, 11.51843 ], [ -69.55056, 11.51985 ], [ -69.5484, 11.52106 ], [ -69.54613, 11.52205 ], [ -69.54378, 11.52281 ], [ -69.50659, 11.53286 ], [ -69.50404, 11.53341 ], [ -69.50144, 11.53369 ], [ -69.49883, 11.5337 ], [ -69.49623, 11.53343 ], [ -69.4131, 11.52051 ], [ -69.38055, 11.51922 ], [ -69.34666, 11.53133 ], [ -69.32104, 11.54765 ], [ -69.31908, 11.54877 ], [ -69.31703, 11.54972 ], [ -69.30034, 11.55651 ], [ -69.29833, 11.55723 ], [ -69.29627, 11.55777 ], [ -69.29417, 11.55814 ], [ -69.27367, 11.56083 ], [ -69.27097, 11.56103 ], [ -69.26827, 11.56095 ], [ -69.26559, 11.56057 ], [ -69.26297, 11.5599 ], [ -69.25279, 11.55672 ], [ -69.25042, 11.55585 ], [ -69.24815, 11.55474 ], [ -69.246, 11.55341 ], [ -69.22883, 11.54151 ], [ -69.22629, 11.54074 ], [ -69.19666, 11.54206 ], [ -69.19426, 11.54205 ], [ -69.19187, 11.54181 ], [ -69.18173, 11.5403 ], [ -69.1789, 11.53971 ], [ -69.17615, 11.53879 ], [ -69.11768, 11.51549 ], [ -69.11207, 11.51618 ], [ -69.10958, 11.51635 ], [ -69.10708, 11.51628 ], [ -69.1046, 11.51596 ], [ -69.10216, 11.51539 ], [ -69.09979, 11.51459 ], [ -69.09752, 11.51355 ], [ -69.09536, 11.51229 ], [ -69.09334, 11.51081 ], [ -69.09147, 11.50915 ], [ -69.08978, 11.5073 ], [ -69.08829, 11.5053 ], [ -69.087, 11.50316 ], [ -69.08354, 11.4967 ], [ -69.07518, 11.48942 ], [ -69.06244, 11.48136 ], [ -69.05433, 11.47758 ], [ -69.0183, 11.47132 ], [ -68.86425, 11.47785 ], [ -68.86154, 11.47782 ], [ -68.85885, 11.47749 ], [ -68.85622, 11.47688 ], [ -68.83742, 11.47142 ], [ -68.83526, 11.47068 ], [ -68.83317, 11.46975 ], [ -68.83118, 11.46863 ], [ -68.8293, 11.46734 ], [ -68.81384, 11.45563 ], [ -68.81221, 11.45429 ], [ -68.81071, 11.45282 ], [ -68.77935, 11.41944 ], [ -68.76274, 11.40733 ], [ -68.744, 11.39692 ], [ -68.71319, 11.38578 ], [ -68.70054, 11.38284 ], [ -68.69801, 11.38265 ], [ -68.69778, 11.38281 ], [ -68.69555, 11.38406 ], [ -68.69321, 11.38507 ], [ -68.69077, 11.38584 ], [ -68.68827, 11.38635 ], [ -68.68573, 11.38661 ], [ -68.68318, 11.38661 ], [ -68.68064, 11.38634 ], [ -68.67814, 11.38582 ], [ -68.6757, 11.38505 ], [ -68.67336, 11.38403 ], [ -68.67113, 11.38278 ], [ -68.66739, 11.38042 ], [ -68.64555, 11.37075 ], [ -68.64318, 11.36955 ], [ -68.64096, 11.3681 ], [ -68.63889, 11.36643 ], [ -68.63702, 11.36454 ], [ -68.63536, 11.36247 ], [ -68.63007, 11.3551 ], [ -68.62865, 11.35289 ], [ -68.62076, 11.33902 ], [ -68.60184, 11.32464 ], [ -68.5291, 11.28728 ], [ -68.52624, 11.28556 ], [ -68.50369, 11.26986 ], [ -68.50219, 11.26873 ], [ -68.50079, 11.2675 ], [ -68.48289, 11.25057 ], [ -68.48136, 11.24899 ], [ -68.47998, 11.24728 ], [ -68.47875, 11.24546 ], [ -68.47768, 11.24354 ], [ -68.47176, 11.23161 ], [ -68.46839, 11.2277 ], [ -68.43251, 11.21257 ], [ -68.43247, 11.21265 ], [ -68.43119, 11.21467 ], [ -68.42972, 11.21656 ], [ -68.42808, 11.21829 ], [ -68.42627, 11.21986 ], [ -68.42433, 11.22126 ], [ -68.42226, 11.22246 ], [ -68.42009, 11.22345 ], [ -68.41784, 11.22424 ], [ -68.41551, 11.2248 ], [ -68.41315, 11.22515 ], [ -68.41076, 11.22526 ], [ -68.40331, 11.22526 ], [ -68.40076, 11.22513 ], [ -68.39824, 11.22474 ], [ -68.39577, 11.2241 ], [ -68.39338, 11.2232 ], [ -68.3911, 11.22207 ], [ -68.38894, 11.22071 ], [ -68.38693, 11.21914 ], [ -68.38509, 11.21738 ], [ -68.38344, 11.21543 ], [ -68.382, 11.21332 ], [ -68.38077, 11.21108 ], [ -68.37863, 11.20661 ], [ -68.36954, 11.1931 ], [ -68.36827, 11.19099 ], [ -68.36721, 11.18876 ], [ -68.36638, 11.18644 ], [ -68.36577, 11.18405 ], [ -68.36541, 11.18161 ], [ -68.36529, 11.17915 ], [ -68.36529, 11.17292 ], [ -68.36541, 11.17052 ], [ -68.36575, 11.16815 ], [ -68.36632, 11.16581 ], [ -68.36711, 11.16355 ], [ -68.37118, 11.15349 ], [ -68.36624, 11.13978 ], [ -68.32912, 11.08607 ], [ -68.32748, 11.08335 ], [ -68.26604, 10.96482 ], [ -68.26466, 10.96163 ], [ -68.25485, 10.93379 ], [ -68.25417, 10.93152 ], [ -68.25371, 10.92919 ], [ -68.25347, 10.92684 ], [ -68.25347, 10.92636 ], [ -68.2515, 10.9255 ], [ -68.24946, 10.92435 ], [ -68.24753, 10.92302 ], [ -68.22368, 10.90484 ], [ -68.22185, 10.90329 ], [ -68.22016, 10.90158 ], [ -68.21865, 10.89971 ], [ -68.21733, 10.8977 ], [ -68.21621, 10.89558 ], [ -68.21529, 10.89335 ], [ -68.21459, 10.89105 ], [ -68.21412, 10.8887 ], [ -68.21388, 10.88631 ], [ -68.21386, 10.8839 ], [ -68.21408, 10.88151 ], [ -68.21453, 10.87915 ], [ -68.2152, 10.87684 ], [ -68.21609, 10.8746 ], [ -68.21719, 10.87247 ], [ -68.22818, 10.85342 ], [ -68.22954, 10.85131 ], [ -68.2311, 10.84935 ], [ -68.23285, 10.84756 ], [ -68.23477, 10.84595 ], [ -68.23685, 10.84454 ], [ -68.23905, 10.84335 ], [ -68.2554, 10.83554 ], [ -68.25792, 10.83451 ], [ -68.26052, 10.83375 ], [ -68.2632, 10.83328 ], [ -68.26591, 10.8331 ], [ -68.30487, 10.83268 ], [ -68.30524, 10.83248 ], [ -68.30687, 10.8265 ], [ -68.30651, 10.80972 ], [ -68.29425, 10.75203 ], [ -68.26428, 10.66832 ], [ -68.22154, 10.59245 ], [ -68.19143, 10.55461 ], [ -68.15803, 10.52548 ], [ -68.12498, 10.51277 ], [ -68.00661, 10.51347 ], [ -68.00391, 10.51334 ], [ -68.00124, 10.51292 ], [ -67.98354, 10.50914 ], [ -67.98098, 10.50845 ], [ -67.9785, 10.50749 ], [ -67.95621, 10.49746 ], [ -67.93972, 10.49221 ], [ -67.9325, 10.49361 ], [ -67.92108, 10.49927 ], [ -67.91842, 10.5004 ], [ -67.91564, 10.50122 ], [ -67.89847, 10.50521 ], [ -67.896, 10.50566 ], [ -67.8935, 10.50585 ], [ -67.89099, 10.50579 ], [ -67.87878, 10.5049 ], [ -67.87647, 10.50463 ], [ -67.87419, 10.50413 ], [ -67.87196, 10.50343 ], [ -67.86982, 10.50252 ], [ -67.8625, 10.49902 ], [ -67.86034, 10.49786 ], [ -67.85876, 10.4968 ], [ -67.8585, 10.49693 ], [ -67.8279, 10.51048 ], [ -67.82543, 10.51142 ], [ -67.82288, 10.51209 ], [ -67.78268, 10.52047 ], [ -67.77946, 10.52093 ], [ -67.64916, 10.53077 ], [ -67.56651, 10.55245 ], [ -67.56424, 10.55294 ], [ -67.56194, 10.55321 ], [ -67.48036, 10.55899 ], [ -67.32867, 10.57482 ], [ -67.32507, 10.57493 ], [ -67.24449, 10.57168 ], [ -67.17759, 10.58022 ], [ -67.12453, 10.60772 ], [ -67.12243, 10.60869 ], [ -67.12024, 10.60946 ], [ -67.11799, 10.61002 ], [ -67.08095, 10.61753 ], [ -67.04333, 10.63143 ], [ -67.04083, 10.63221 ], [ -67.03827, 10.63272 ], [ -67.01597, 10.63597 ], [ -67.014, 10.63618 ], [ -67.01202, 10.63623 ], [ -66.88677, 10.63453 ], [ -66.77877, 10.64396 ], [ -66.77805, 10.64401 ], [ -66.54302, 10.65768 ], [ -66.54116, 10.65772 ], [ -66.42744, 10.65585 ], [ -66.42458, 10.65564 ], [ -66.42177, 10.6551 ], [ -66.41041, 10.65225 ], [ -66.40797, 10.6515 ], [ -66.40562, 10.65051 ], [ -66.40338, 10.64929 ], [ -66.3958, 10.64462 ], [ -66.3483, 10.63616 ], [ -66.3423, 10.63619 ], [ -66.33862, 10.63893 ], [ -66.32823, 10.65071 ], [ -66.32594, 10.65299 ], [ -66.31161, 10.66553 ], [ -66.30988, 10.66692 ], [ -66.30804, 10.66814 ], [ -66.30609, 10.6692 ], [ -66.30405, 10.67008 ], [ -66.30195, 10.67078 ], [ -66.28267, 10.67623 ], [ -66.28009, 10.67681 ], [ -66.27747, 10.67712 ], [ -66.27483, 10.67715 ], [ -66.2722, 10.6769 ], [ -66.24811, 10.67332 ], [ -66.24546, 10.67278 ], [ -66.2429, 10.67196 ], [ -66.24043, 10.67087 ], [ -66.18193, 10.64107 ], [ -66.11888, 10.6263 ], [ -66.11655, 10.62563 ], [ -66.11429, 10.62474 ], [ -66.11213, 10.62364 ], [ -66.11009, 10.62233 ], [ -66.10818, 10.62083 ], [ -66.09384, 10.60837 ], [ -66.0551, 10.60388 ], [ -66.05249, 10.60344 ], [ -66.04106, 10.60087 ], [ -66.03874, 10.60023 ], [ -66.03649, 10.59937 ], [ -66.03434, 10.5983 ], [ -66.0323, 10.59703 ], [ -66.0304, 10.59557 ], [ -66.02864, 10.59393 ], [ -66.02705, 10.59213 ], [ -66.02563, 10.59019 ], [ -66.02441, 10.58812 ], [ -66.0234, 10.58594 ], [ -66.0226, 10.58367 ], [ -66.02202, 10.58134 ], [ -66.02166, 10.57896 ], [ -66.02154, 10.57656 ], [ -66.02165, 10.57416 ], [ -66.02199, 10.57178 ], [ -66.02255, 10.56945 ], [ -66.02334, 10.56718 ], [ -66.02434, 10.56499 ], [ -66.03162, 10.55092 ], [ -66.03276, 10.54894 ], [ -66.03408, 10.54707 ], [ -66.03557, 10.54533 ], [ -66.0372, 10.54373 ], [ -66.03898, 10.54229 ], [ -66.04088, 10.54102 ], [ -66.06322, 10.52751 ], [ -66.06591, 10.5261 ], [ -66.06876, 10.52502 ], [ -66.09501, 10.51688 ], [ -66.09664, 10.51646 ], [ -66.0969, 10.51187 ], [ -66.0709, 10.48539 ], [ -65.99662, 10.42844 ], [ -65.99502, 10.42711 ], [ -65.99354, 10.42565 ], [ -65.99219, 10.42407 ], [ -65.98744, 10.41803 ], [ -65.95801, 10.40025 ], [ -65.95573, 10.39869 ], [ -65.95364, 10.3969 ], [ -65.95176, 10.39488 ], [ -65.95011, 10.39268 ], [ -65.9352, 10.37021 ], [ -65.87408, 10.33389 ], [ -65.87285, 10.33417 ], [ -65.87045, 10.33448 ], [ -65.86802, 10.33456 ], [ -65.8656, 10.33439 ], [ -65.8632, 10.334 ], [ -65.86086, 10.33337 ], [ -65.85859, 10.33252 ], [ -65.57189, 10.20899 ], [ -65.45331, 10.17372 ], [ -65.16512, 10.12193 ], [ -65.16269, 10.12136 ], [ -65.16033, 10.12056 ], [ -65.15807, 10.11953 ], [ -65.11968, 10.09971 ], [ -65.0854, 10.09113 ], [ -65.08253, 10.09023 ], [ -65.07126, 10.08592 ], [ -65.06896, 10.08491 ], [ -65.06678, 10.08367 ], [ -65.06473, 10.08222 ], [ -65.06302, 10.08073 ], [ -65.05847, 10.08305 ], [ -65.05645, 10.08397 ], [ -65.05435, 10.08471 ], [ -65.0522, 10.08526 ], [ -65.02623, 10.09066 ], [ -64.9941, 10.11052 ], [ -64.99143, 10.11196 ], [ -64.97397, 10.12002 ], [ -64.97158, 10.12097 ], [ -64.96911, 10.12168 ], [ -64.96658, 10.12213 ], [ -64.94668, 10.12461 ], [ -64.94417, 10.12479 ], [ -64.94165, 10.12472 ], [ -64.93915, 10.1244 ], [ -64.88532, 10.11469 ], [ -64.81516, 10.11022 ], [ -64.78491, 10.11448 ], [ -64.76483, 10.12609 ], [ -64.75792, 10.13493 ], [ -64.75167, 10.14607 ], [ -64.74195, 10.1765 ], [ -64.74175, 10.18579 ], [ -64.74636, 10.20919 ], [ -64.74673, 10.21183 ], [ -64.74683, 10.2145 ], [ -64.74663, 10.21716 ], [ -64.74616, 10.21979 ], [ -64.7454, 10.22235 ], [ -64.7406, 10.23594 ], [ -64.73967, 10.23821 ], [ -64.73852, 10.24038 ], [ -64.73717, 10.24243 ], [ -64.73562, 10.24433 ], [ -64.73389, 10.24607 ], [ -64.73199, 10.24764 ], [ -64.72996, 10.24901 ], [ -64.72779, 10.25017 ], [ -64.72553, 10.25112 ], [ -64.72318, 10.25184 ], [ -64.72077, 10.25233 ], [ -64.71833, 10.25258 ], [ -64.71587, 10.25258 ], [ -64.71343, 10.25235 ], [ -64.71102, 10.25188 ], [ -64.70867, 10.25117 ], [ -64.7064, 10.25024 ], [ -64.70423, 10.24908 ], [ -64.70218, 10.24772 ], [ -64.70028, 10.24617 ], [ -64.69854, 10.24444 ], [ -64.69363, 10.23904 ], [ -64.6914, 10.23788 ], [ -64.68747, 10.23726 ], [ -64.67871, 10.23818 ], [ -64.67629, 10.23832 ], [ -64.67387, 10.23822 ], [ -64.67147, 10.23789 ], [ -64.67118, 10.23782 ], [ -64.65112, 10.2635 ], [ -64.6496, 10.26527 ], [ -64.64792, 10.26689 ], [ -64.64609, 10.26835 ], [ -64.64414, 10.26963 ], [ -64.64207, 10.27073 ], [ -64.63992, 10.27162 ], [ -64.63768, 10.27231 ], [ -64.6354, 10.27279 ], [ -64.62289, 10.27481 ], [ -64.59646, 10.28395 ], [ -64.5945, 10.28454 ], [ -64.59249, 10.28496 ], [ -64.59046, 10.28523 ], [ -64.57459, 10.28661 ], [ -64.57217, 10.2867 ], [ -64.56976, 10.28656 ], [ -64.56738, 10.28619 ], [ -64.56504, 10.28558 ], [ -64.56277, 10.28476 ], [ -64.56059, 10.28372 ], [ -64.55852, 10.28248 ], [ -64.55658, 10.28104 ], [ -64.55478, 10.27942 ], [ -64.5542, 10.27878 ], [ -64.55386, 10.27872 ], [ -64.55143, 10.27803 ], [ -64.54908, 10.27711 ], [ -64.54683, 10.27595 ], [ -64.54586, 10.27532 ], [ -64.54159, 10.27721 ], [ -64.53941, 10.27805 ], [ -64.53716, 10.27869 ], [ -64.53485, 10.27911 ], [ -64.53252, 10.27932 ], [ -64.53018, 10.27931 ], [ -64.52785, 10.27908 ], [ -64.52556, 10.27863 ], [ -64.51506, 10.27607 ], [ -64.51306, 10.27549 ], [ -64.51111, 10.27475 ], [ -64.49221, 10.26662 ], [ -64.48196, 10.27029 ], [ -64.46234, 10.28954 ], [ -64.46289, 10.28972 ], [ -64.46484, 10.29046 ], [ -64.46672, 10.29137 ], [ -64.46852, 10.29243 ], [ -64.48362, 10.3022 ], [ -64.48565, 10.30366 ], [ -64.48752, 10.30532 ], [ -64.48922, 10.30716 ], [ -64.49073, 10.30916 ], [ -64.49203, 10.31129 ], [ -64.49311, 10.31355 ], [ -64.49395, 10.3159 ], [ -64.49456, 10.31833 ], [ -64.49493, 10.32081 ], [ -64.49504, 10.32331 ], [ -64.4949, 10.3258 ], [ -64.49452, 10.32827 ], [ -64.49389, 10.3307 ], [ -64.49302, 10.33304 ], [ -64.49192, 10.33529 ], [ -64.4906, 10.33741 ], [ -64.48393, 10.34705 ], [ -64.48241, 10.34903 ], [ -64.4807, 10.35085 ], [ -64.47882, 10.35249 ], [ -64.47678, 10.35393 ], [ -64.47461, 10.35516 ], [ -64.47233, 10.35617 ], [ -64.46996, 10.35695 ], [ -64.46752, 10.35748 ], [ -64.46504, 10.35777 ], [ -64.46255, 10.35782 ], [ -64.46006, 10.35761 ], [ -64.44972, 10.35623 ], [ -64.44727, 10.35578 ], [ -64.44487, 10.35508 ], [ -64.44255, 10.35415 ], [ -64.43293, 10.34971 ], [ -64.42977, 10.34899 ], [ -64.42668, 10.34987 ], [ -64.42039, 10.35364 ], [ -64.42175, 10.35514 ], [ -64.42321, 10.35711 ], [ -64.42447, 10.35922 ], [ -64.42552, 10.36143 ], [ -64.42634, 10.36374 ], [ -64.42694, 10.36612 ], [ -64.4273, 10.36855 ], [ -64.42742, 10.371 ], [ -64.42742, 10.37849 ], [ -64.42729, 10.38103 ], [ -64.4269, 10.38354 ], [ -64.42627, 10.386 ], [ -64.42538, 10.38838 ], [ -64.42426, 10.39066 ], [ -64.42291, 10.39282 ], [ -64.42135, 10.39482 ], [ -64.41959, 10.39666 ], [ -64.41766, 10.39831 ], [ -64.41557, 10.39975 ], [ -64.41334, 10.40098 ], [ -64.411, 10.40197 ], [ -64.38984, 10.4097 ], [ -64.38737, 10.41046 ], [ -64.38483, 10.41096 ], [ -64.38226, 10.4112 ], [ -64.37968, 10.41117 ], [ -64.37711, 10.41087 ], [ -64.37459, 10.41031 ], [ -64.37214, 10.4095 ], [ -64.36196, 10.40551 ], [ -64.35993, 10.4046 ], [ -64.35971, 10.40496 ], [ -64.35822, 10.4069 ], [ -64.35654, 10.40868 ], [ -64.3547, 10.41029 ], [ -64.35271, 10.41171 ], [ -64.35059, 10.41294 ], [ -64.34836, 10.41394 ], [ -64.30836, 10.42973 ], [ -64.30541, 10.43069 ], [ -64.25628, 10.44334 ], [ -64.22912, 10.45774 ], [ -64.22523, 10.46518 ], [ -64.22147, 10.47653 ], [ -64.22061, 10.47876 ], [ -64.21954, 10.4809 ], [ -64.21827, 10.48293 ], [ -64.21681, 10.48482 ], [ -64.21518, 10.48657 ], [ -64.20599, 10.49552 ], [ -64.20401, 10.49725 ], [ -64.20187, 10.49877 ], [ -64.19957, 10.50005 ], [ -64.19715, 10.50108 ], [ -64.19464, 10.50186 ], [ -64.19206, 10.50236 ], [ -64.16911, 10.50561 ], [ -64.16695, 10.50582 ], [ -64.16478, 10.50585 ], [ -64.14264, 10.50512 ], [ -64.13952, 10.50482 ], [ -64.12373, 10.5023 ], [ -64.12169, 10.50188 ], [ -64.11969, 10.5013 ], [ -64.10663, 10.4969 ], [ -64.10406, 10.49587 ], [ -64.06197, 10.47628 ], [ -64.04777, 10.4727 ], [ -64.0284, 10.47118 ], [ -64.00831, 10.47271 ], [ -63.94797, 10.4849 ], [ -63.94593, 10.48523 ], [ -63.94386, 10.48539 ], [ -63.94179, 10.48537 ], [ -63.92194, 10.48439 ], [ -63.91923, 10.48411 ], [ -63.91658, 10.48354 ], [ -63.87911, 10.4733 ], [ -63.86247, 10.47116 ], [ -63.82369, 10.47248 ], [ -63.76155, 10.48707 ], [ -63.76661, 10.49 ], [ -63.76913, 10.49167 ], [ -63.78486, 10.50356 ], [ -63.83193, 10.52587 ], [ -63.85051, 10.53105 ], [ -63.90027, 10.53213 ], [ -63.903, 10.53234 ], [ -63.92701, 10.53551 ], [ -63.92942, 10.53594 ], [ -63.93178, 10.53662 ], [ -63.93406, 10.53752 ], [ -63.93624, 10.53864 ], [ -63.95734, 10.55081 ], [ -63.97116, 10.55627 ], [ -63.99071, 10.55585 ], [ -64.04051, 10.54576 ], [ -64.04295, 10.54539 ], [ -64.04541, 10.54526 ], [ -64.04787, 10.54537 ], [ -64.05031, 10.54573 ], [ -64.0527, 10.54633 ], [ -64.05503, 10.54715 ], [ -64.05725, 10.54821 ], [ -64.05912, 10.54932 ], [ -64.06047, 10.54848 ], [ -64.06258, 10.54742 ], [ -64.06479, 10.54656 ], [ -64.06707, 10.54591 ], [ -64.0805, 10.54278 ], [ -64.08303, 10.54233 ], [ -64.0856, 10.54214 ], [ -64.08817, 10.54221 ], [ -64.15428, 10.54752 ], [ -64.16019, 10.54646 ], [ -64.18678, 10.53069 ], [ -64.18993, 10.52911 ], [ -64.19503, 10.52698 ], [ -64.2009, 10.51154 ], [ -64.2019, 10.50925 ], [ -64.20312, 10.50708 ], [ -64.20455, 10.50504 ], [ -64.20618, 10.50315 ], [ -64.20799, 10.50144 ], [ -64.20996, 10.49991 ], [ -64.21207, 10.49859 ], [ -64.22168, 10.49322 ], [ -64.2238, 10.49216 ], [ -64.226, 10.49131 ], [ -64.22828, 10.49068 ], [ -64.2306, 10.49026 ], [ -64.23295, 10.49006 ], [ -64.23531, 10.49008 ], [ -64.23766, 10.49033 ], [ -64.23998, 10.4908 ], [ -64.24224, 10.49148 ], [ -64.25749, 10.49689 ], [ -64.25991, 10.49789 ], [ -64.26222, 10.49915 ], [ -64.26438, 10.50064 ], [ -64.26637, 10.50235 ], [ -64.26817, 10.50425 ], [ -64.26977, 10.50634 ], [ -64.27113, 10.50858 ], [ -64.27809, 10.52148 ], [ -64.2791, 10.52358 ], [ -64.27991, 10.52577 ], [ -64.28052, 10.52803 ], [ -64.28091, 10.53033 ], [ -64.2827, 10.54502 ], [ -64.28288, 10.54839 ], [ -64.2828, 10.55412 ], [ -64.28797, 10.56546 ], [ -64.30351, 10.58347 ], [ -64.30551, 10.58613 ], [ -64.31861, 10.60619 ], [ -64.31982, 10.60824 ], [ -64.32082, 10.61039 ], [ -64.32161, 10.61263 ], [ -64.32219, 10.61494 ], [ -64.32255, 10.61729 ], [ -64.32268, 10.61966 ], [ -64.32259, 10.62203 ], [ -64.32227, 10.62439 ], [ -64.32173, 10.6267 ], [ -64.3166, 10.64473 ], [ -64.31579, 10.6471 ], [ -64.31476, 10.64937 ], [ -64.3135, 10.65154 ], [ -64.31203, 10.65356 ], [ -64.31037, 10.65543 ], [ -64.30853, 10.65712 ], [ -64.30653, 10.65862 ], [ -64.30439, 10.65991 ], [ -64.29681, 10.66398 ], [ -64.29595, 10.66482 ], [ -64.29589, 10.66497 ], [ -64.29574, 10.67315 ], [ -64.29557, 10.67557 ], [ -64.29518, 10.67796 ], [ -64.29455, 10.6803 ], [ -64.2937, 10.68257 ], [ -64.29263, 10.68475 ], [ -64.29136, 10.68681 ], [ -64.2899, 10.68874 ], [ -64.28825, 10.69052 ], [ -64.28644, 10.69213 ], [ -64.28448, 10.69356 ], [ -64.2824, 10.6948 ], [ -64.2802, 10.69582 ], [ -64.27791, 10.69663 ], [ -64.27556, 10.69721 ], [ -64.27316, 10.69756 ], [ -64.27074, 10.69768 ], [ -64.26456, 10.69768 ], [ -64.26214, 10.69756 ], [ -64.25975, 10.69721 ], [ -64.25739, 10.69663 ], [ -64.25511, 10.69583 ], [ -64.25292, 10.6948 ], [ -64.25083, 10.69357 ], [ -64.24887, 10.69215 ], [ -64.24706, 10.69054 ], [ -64.24542, 10.68876 ], [ -64.24395, 10.68683 ], [ -64.24268, 10.68477 ], [ -64.23596, 10.67261 ], [ -64.23149, 10.66977 ], [ -64.19177, 10.66248 ], [ -64.18981, 10.66204 ], [ -64.1879, 10.66144 ], [ -64.17553, 10.65704 ], [ -64.17276, 10.65587 ], [ -64.14881, 10.64393 ], [ -64.1441, 10.64288 ], [ -64.13884, 10.64377 ], [ -64.08332, 10.67044 ], [ -64.08004, 10.67173 ], [ -64.07015, 10.67486 ], [ -64.06745, 10.67556 ], [ -64.06468, 10.67594 ], [ -64.05097, 10.67708 ], [ -64.04854, 10.67717 ], [ -64.04611, 10.67701 ], [ -64.04371, 10.67662 ], [ -64.04135, 10.676 ], [ -64.03516, 10.67404 ], [ -64.03292, 10.67321 ], [ -64.03077, 10.67218 ], [ -64.02873, 10.67094 ], [ -64.02682, 10.66951 ], [ -64.02505, 10.6679 ], [ -64.02344, 10.66613 ], [ -64.02201, 10.66422 ], [ -64.02119, 10.66301 ], [ -63.9376, 10.6639 ], [ -63.93541, 10.66383 ], [ -63.93324, 10.66356 ], [ -63.9311, 10.66311 ], [ -63.929, 10.66247 ], [ -63.91667, 10.65811 ], [ -63.91136, 10.66071 ], [ -63.90945, 10.66154 ], [ -63.90749, 10.66222 ], [ -63.90547, 10.66273 ], [ -63.86884, 10.67035 ], [ -63.86094, 10.67347 ], [ -63.85683, 10.67765 ], [ -63.85122, 10.68726 ], [ -63.84679, 10.70029 ], [ -63.84431, 10.71723 ], [ -63.84385, 10.71956 ], [ -63.84318, 10.72184 ], [ -63.84229, 10.72404 ], [ -63.8412, 10.72615 ], [ -63.83991, 10.72814 ], [ -63.83844, 10.73001 ], [ -63.8368, 10.73173 ], [ -63.835, 10.73328 ], [ -63.83307, 10.73465 ], [ -63.83101, 10.73584 ], [ -63.82885, 10.73683 ], [ -63.8266, 10.7376 ], [ -63.82429, 10.73816 ], [ -63.82194, 10.7385 ], [ -63.81957, 10.73861 ], [ -63.81212, 10.73861 ], [ -63.8097, 10.73849 ], [ -63.80731, 10.73814 ], [ -63.80496, 10.73756 ], [ -63.80268, 10.73676 ], [ -63.80049, 10.73574 ], [ -63.7984, 10.73451 ], [ -63.79645, 10.73309 ], [ -63.79464, 10.73148 ], [ -63.79299, 10.72971 ], [ -63.79153, 10.72779 ], [ -63.79025, 10.72573 ], [ -63.78018, 10.70755 ], [ -63.76764, 10.69745 ], [ -63.74907, 10.68943 ], [ -63.64882, 10.66591 ], [ -63.55291, 10.65427 ], [ -63.53989, 10.65542 ], [ -63.50374, 10.67865 ], [ -63.50183, 10.67976 ], [ -63.49983, 10.6807 ], [ -63.47579, 10.69071 ], [ -63.47347, 10.69154 ], [ -63.47107, 10.69215 ], [ -63.46863, 10.69251 ], [ -63.46617, 10.69263 ], [ -63.4637, 10.69251 ], [ -63.46126, 10.69214 ], [ -63.45887, 10.69154 ], [ -63.45654, 10.6907 ], [ -63.45542, 10.69016 ], [ -63.45368, 10.69157 ], [ -63.45161, 10.69293 ], [ -63.44941, 10.69407 ], [ -63.44711, 10.695 ], [ -63.44473, 10.69569 ], [ -63.4423, 10.69614 ], [ -63.43327, 10.69736 ], [ -63.43104, 10.69756 ], [ -63.4288, 10.69757 ], [ -63.42658, 10.69737 ], [ -63.42437, 10.69697 ], [ -63.42222, 10.69637 ], [ -63.41826, 10.69509 ], [ -63.41751, 10.69773 ], [ -63.41661, 10.70034 ], [ -63.41542, 10.70284 ], [ -63.41397, 10.70519 ], [ -63.40807, 10.71366 ], [ -63.40657, 10.7156 ], [ -63.40489, 10.71739 ], [ -63.40304, 10.719 ], [ -63.40103, 10.72043 ], [ -63.3989, 10.72165 ], [ -63.39666, 10.72265 ], [ -63.39433, 10.72343 ], [ -63.39194, 10.72398 ], [ -63.3895, 10.72429 ], [ -63.38705, 10.72436 ], [ -63.3846, 10.72419 ], [ -63.38218, 10.72378 ], [ -63.37981, 10.72314 ], [ -63.37751, 10.72226 ], [ -63.37531, 10.72116 ], [ -63.37323, 10.71986 ], [ -63.37129, 10.71835 ], [ -63.36951, 10.71667 ], [ -63.36924, 10.71639 ], [ -63.36841, 10.71672 ], [ -63.3661, 10.7174 ], [ -63.36372, 10.71785 ], [ -63.36132, 10.71808 ], [ -63.35891, 10.71807 ], [ -63.3565, 10.71782 ], [ -63.35414, 10.71735 ], [ -63.35183, 10.71665 ], [ -63.34959, 10.71573 ], [ -63.34746, 10.7146 ], [ -63.34545, 10.71327 ], [ -63.34357, 10.71175 ], [ -63.34185, 10.71006 ], [ -63.34055, 10.70865 ], [ -63.33915, 10.70918 ], [ -63.33678, 10.70981 ], [ -63.33436, 10.71021 ], [ -63.33192, 10.71037 ], [ -63.32947, 10.71029 ], [ -63.31568, 10.70915 ], [ -63.31307, 10.70879 ], [ -63.3105, 10.70816 ], [ -63.30802, 10.70726 ], [ -63.29643, 10.70237 ], [ -63.29578, 10.70297 ], [ -63.2937, 10.70451 ], [ -63.29147, 10.70582 ], [ -63.28329, 10.71009 ], [ -63.28107, 10.71112 ], [ -63.27876, 10.71192 ], [ -63.27639, 10.71249 ], [ -63.27397, 10.71283 ], [ -63.27153, 10.71293 ], [ -63.26909, 10.71279 ], [ -63.26668, 10.71242 ], [ -63.26431, 10.71181 ], [ -63.26201, 10.71097 ], [ -63.25293, 10.70715 ], [ -63.25292, 10.70715 ], [ -63.18517, 10.75238 ], [ -63.18318, 10.75358 ], [ -63.18109, 10.75459 ], [ -63.17891, 10.7554 ], [ -63.16923, 10.7585 ], [ -63.16692, 10.75912 ], [ -63.16457, 10.75951 ], [ -63.16218, 10.75968 ], [ -63.15979, 10.75962 ], [ -63.15742, 10.75934 ], [ -63.15508, 10.75882 ], [ -63.1528, 10.75809 ], [ -63.15061, 10.75714 ], [ -63.14851, 10.75599 ], [ -63.14654, 10.75464 ], [ -63.1447, 10.75311 ], [ -63.14302, 10.75141 ], [ -63.14151, 10.74955 ], [ -63.14018, 10.74756 ], [ -63.13717, 10.74255 ], [ -63.13581, 10.73996 ], [ -63.13476, 10.73722 ], [ -63.13305, 10.7318 ], [ -63.12765, 10.73185 ], [ -63.12348, 10.73241 ], [ -63.12273, 10.73277 ], [ -63.11796, 10.73798 ], [ -63.11627, 10.73966 ], [ -63.11442, 10.74118 ], [ -63.11244, 10.74251 ], [ -63.11033, 10.74364 ], [ -63.10813, 10.74457 ], [ -63.10586, 10.74528 ], [ -63.10352, 10.74578 ], [ -63.10115, 10.74605 ], [ -63.09876, 10.74609 ], [ -63.09638, 10.7459 ], [ -63.09403, 10.74549 ], [ -63.09173, 10.74485 ], [ -63.07951, 10.74085 ], [ -63.01627, 10.74602 ], [ -63.01345, 10.74609 ], [ -63.01064, 10.74584 ], [ -62.98818, 10.74258 ], [ -62.98568, 10.74209 ], [ -62.98325, 10.74134 ], [ -62.94535, 10.7276 ], [ -62.92761, 10.72462 ], [ -62.91023, 10.72669 ], [ -62.87215, 10.74094 ], [ -62.8698, 10.74169 ], [ -62.86738, 10.7422 ], [ -62.83377, 10.74764 ], [ -62.72767, 10.78367 ], [ -62.72547, 10.78431 ], [ -62.72323, 10.78474 ], [ -62.70928, 10.78677 ], [ -62.70666, 10.78701 ], [ -62.70402, 10.78697 ], [ -62.7014, 10.78666 ], [ -62.69884, 10.78607 ], [ -62.69634, 10.78522 ], [ -62.69395, 10.78411 ], [ -62.67457, 10.77381 ], [ -62.66826, 10.77258 ], [ -62.6575, 10.77183 ], [ -62.65431, 10.7714 ], [ -62.63534, 10.76758 ], [ -62.54114, 10.76595 ], [ -62.53918, 10.76584 ], [ -62.53723, 10.76557 ], [ -62.3932, 10.74019 ], [ -62.27186, 10.72383 ], [ -62.20131, 10.72171 ], [ -62.19894, 10.72152 ], [ -62.1966, 10.72112 ], [ -62.1943, 10.72049 ], [ -62.16668, 10.71147 ], [ -62.15935, 10.7114 ], [ -62.15392, 10.71379 ], [ -62.12901, 10.73047 ], [ -62.12693, 10.73172 ], [ -62.12474, 10.73277 ], [ -62.12246, 10.73359 ], [ -62.10977, 10.7375 ], [ -62.10741, 10.73811 ], [ -62.105, 10.73848 ], [ -62.10256, 10.73861 ], [ -62.03882, 10.739 ], [ -62.01621, 10.74358 ], [ -62.01281, 10.74561 ], [ -62.0106, 10.74678 ], [ -62.00827, 10.74773 ], [ -62.00587, 10.74844 ], [ -62.0034, 10.74891 ], [ -62.0009, 10.74912 ], [ -61.99839, 10.74909 ], [ -61.9959, 10.7488 ], [ -61.99345, 10.74827 ], [ -61.99106, 10.74749 ], [ -61.98876, 10.74647 ], [ -61.98658, 10.74523 ], [ -61.98453, 10.74378 ], [ -61.98264, 10.74213 ], [ -61.98093, 10.7403 ], [ -61.9794, 10.73831 ], [ -61.97809, 10.73617 ], [ -61.97699, 10.73391 ], [ -61.97613, 10.73156 ], [ -61.9755, 10.72913 ], [ -61.97513, 10.72665 ], [ -61.975, 10.72414 ], [ -61.975, 10.6477 ], [ -61.97511, 10.64537 ], [ -61.97543, 10.64306 ], [ -61.97597, 10.64079 ], [ -61.97672, 10.63859 ], [ -61.97767, 10.63646 ], [ -61.97882, 10.63443 ], [ -61.98014, 10.63251 ], [ -61.98165, 10.63073 ], [ -61.98331, 10.62909 ], [ -61.98511, 10.62762 ], [ -61.98913, 10.62464 ], [ -61.99136, 10.62316 ], [ -61.99372, 10.62194 ], [ -61.99621, 10.62097 ], [ -61.99878, 10.62027 ], [ -62.00142, 10.61986 ], [ -62.06194, 10.61352 ], [ -62.0815, 10.60742 ], [ -62.0841, 10.60676 ], [ -62.08676, 10.60639 ], [ -62.08945, 10.6063 ], [ -62.09213, 10.60649 ], [ -62.17523, 10.61717 ], [ -62.23392, 10.61323 ], [ -62.23793, 10.61151 ], [ -62.2452, 10.60366 ], [ -62.29299, 10.53373 ], [ -62.2944, 10.53187 ], [ -62.29597, 10.53014 ], [ -62.2977, 10.52857 ], [ -62.31902, 10.51095 ], [ -62.32101, 10.50947 ], [ -62.32313, 10.50819 ], [ -62.32537, 10.50713 ], [ -62.3277, 10.50629 ], [ -62.33011, 10.50569 ], [ -62.33256, 10.50533 ], [ -62.33503, 10.50522 ], [ -62.33751, 10.50535 ], [ -62.35851, 10.50751 ], [ -62.36097, 10.50789 ], [ -62.36338, 10.50851 ], [ -62.36571, 10.50936 ], [ -62.36795, 10.51045 ], [ -62.38504, 10.5198 ], [ -62.39409, 10.51942 ], [ -62.41051, 10.51438 ], [ -62.41269, 10.51382 ], [ -62.41491, 10.51345 ], [ -62.43871, 10.51064 ], [ -62.44134, 10.51047 ], [ -62.44398, 10.51058 ], [ -62.4466, 10.51097 ], [ -62.45807, 10.51329 ], [ -62.46078, 10.514 ], [ -62.4634, 10.51501 ], [ -62.48048, 10.52272 ], [ -62.48581, 10.52403 ], [ -62.48874, 10.52393 ], [ -62.5027, 10.52005 ], [ -62.50477, 10.51957 ], [ -62.50688, 10.51927 ], [ -62.51856, 10.51809 ], [ -62.52122, 10.51796 ], [ -62.52389, 10.51812 ], [ -62.54468, 10.52048 ], [ -62.54654, 10.52076 ], [ -62.54837, 10.52118 ], [ -62.611, 10.53806 ], [ -62.66172, 10.54192 ], [ -62.81844, 10.52212 ], [ -62.81807, 10.52134 ], [ -62.81728, 10.51912 ], [ -62.81669, 10.51683 ], [ -62.81633, 10.5145 ], [ -62.81315, 10.48536 ], [ -62.81302, 10.48216 ], [ -62.81026, 10.49196 ], [ -62.80944, 10.49438 ], [ -62.80838, 10.49671 ], [ -62.80709, 10.49891 ], [ -62.80201, 10.50664 ], [ -62.8006, 10.50858 ], [ -62.799, 10.51038 ], [ -62.79724, 10.51202 ], [ -62.79532, 10.51348 ], [ -62.79328, 10.51475 ], [ -62.79112, 10.51582 ], [ -62.78887, 10.51668 ], [ -62.78655, 10.51731 ], [ -62.78418, 10.51772 ], [ -62.78178, 10.5179 ], [ -62.77938, 10.51785 ], [ -62.77523, 10.51756 ], [ -62.77288, 10.51728 ], [ -62.77057, 10.51679 ], [ -62.76831, 10.51607 ], [ -62.76614, 10.51515 ], [ -62.76406, 10.51403 ], [ -62.76209, 10.51271 ], [ -62.76026, 10.51122 ], [ -62.75858, 10.50956 ], [ -62.72879, 10.47721 ], [ -62.72727, 10.47539 ], [ -62.70338, 10.44393 ], [ -62.64763, 10.38422 ], [ -62.64156, 10.37878 ], [ -62.63972, 10.37694 ], [ -62.63808, 10.37492 ], [ -62.63666, 10.37274 ], [ -62.62779, 10.35748 ], [ -62.62662, 10.35523 ], [ -62.62569, 10.35286 ], [ -62.62501, 10.35042 ], [ -62.62458, 10.34791 ], [ -62.6244, 10.34538 ], [ -62.62449, 10.34284 ], [ -62.62608, 10.32379 ], [ -62.62644, 10.32116 ], [ -62.62707, 10.31859 ], [ -62.62798, 10.3161 ], [ -62.62914, 10.31371 ], [ -62.63797, 10.29784 ], [ -62.63925, 10.29579 ], [ -62.64072, 10.29388 ], [ -62.64236, 10.29211 ], [ -62.64417, 10.29051 ], [ -62.64612, 10.28909 ], [ -62.64689, 10.28863 ], [ -62.64566, 10.28506 ], [ -62.64501, 10.28282 ], [ -62.64456, 10.28054 ], [ -62.64433, 10.27822 ], [ -62.64315, 10.25564 ], [ -62.64314, 10.25331 ], [ -62.64335, 10.25099 ], [ -62.64377, 10.24869 ], [ -62.64996, 10.22198 ], [ -62.64996, 10.21936 ], [ -62.64769, 10.21493 ], [ -62.64379, 10.2305 ], [ -62.64309, 10.23281 ], [ -62.64217, 10.23505 ], [ -62.64104, 10.23718 ], [ -62.63971, 10.2392 ], [ -62.63819, 10.24108 ], [ -62.6365, 10.2428 ], [ -62.63464, 10.24435 ], [ -62.63265, 10.24572 ], [ -62.63053, 10.24689 ], [ -62.62831, 10.24784 ], [ -62.61093, 10.25435 ], [ -62.60874, 10.25506 ], [ -62.6065, 10.25556 ], [ -62.60422, 10.25585 ], [ -62.60193, 10.25594 ], [ -62.59963, 10.25581 ], [ -62.59736, 10.25548 ], [ -62.59513, 10.25493 ], [ -62.57291, 10.24842 ], [ -62.57068, 10.24765 ], [ -62.56854, 10.24668 ], [ -62.54686, 10.23557 ], [ -62.54524, 10.23466 ], [ -62.54369, 10.23364 ], [ -62.503, 10.20447 ], [ -62.50081, 10.2027 ], [ -62.49883, 10.2007 ], [ -62.49708, 10.19848 ], [ -62.47445, 10.16613 ], [ -62.47308, 10.16393 ], [ -62.47194, 10.16159 ], [ -62.47105, 10.15916 ], [ -62.44626, 10.07865 ], [ -62.44235, 10.07082 ], [ -62.43368, 10.07327 ], [ -62.4313, 10.07382 ], [ -62.42887, 10.07414 ], [ -62.42643, 10.07422 ], [ -62.42399, 10.07405 ], [ -62.42157, 10.07365 ], [ -62.41921, 10.07302 ], [ -62.41692, 10.07215 ], [ -62.41473, 10.07107 ], [ -62.41265, 10.06978 ], [ -62.41071, 10.06829 ], [ -62.40892, 10.06662 ], [ -62.4073, 10.06478 ], [ -62.39607, 10.05066 ], [ -62.39477, 10.04886 ], [ -62.39362, 10.04694 ], [ -62.39266, 10.04494 ], [ -62.38405, 10.02482 ], [ -62.38332, 10.02437 ], [ -62.38131, 10.02281 ], [ -62.37947, 10.02105 ], [ -62.37781, 10.01912 ], [ -62.37636, 10.01702 ], [ -62.36985, 10.00652 ], [ -62.36868, 10.00441 ], [ -62.36772, 10.0022 ], [ -62.36697, 9.9999 ], [ -62.36645, 9.99754 ], [ -62.36616, 9.99514 ], [ -62.36611, 9.99272 ], [ -62.36628, 9.99031 ], [ -62.36669, 9.98793 ], [ -62.36733, 9.9856 ], [ -62.3723, 9.97035 ], [ -62.37314, 9.96815 ], [ -62.37417, 9.96603 ], [ -62.37541, 9.96403 ], [ -62.37682, 9.96214 ], [ -62.37841, 9.9604 ], [ -62.38016, 9.95882 ], [ -62.38204, 9.95741 ], [ -62.38405, 9.95618 ], [ -62.38617, 9.95514 ], [ -62.39902, 9.9496 ], [ -62.40141, 9.94871 ], [ -62.40165, 9.94865 ], [ -62.39655, 9.94574 ], [ -62.39449, 9.94443 ], [ -62.39257, 9.94293 ], [ -62.3908, 9.94125 ], [ -62.37884, 9.92867 ], [ -62.37671, 9.9261 ], [ -62.37278, 9.92067 ], [ -62.37265, 9.92116 ], [ -62.37191, 9.9232 ], [ -62.371, 9.92517 ], [ -62.36559, 9.93567 ], [ -62.36437, 9.93779 ], [ -62.36294, 9.93978 ], [ -62.36132, 9.94162 ], [ -62.35953, 9.94329 ], [ -62.35759, 9.94478 ], [ -62.35551, 9.94607 ], [ -62.35331, 9.94716 ], [ -62.35102, 9.94802 ], [ -62.34866, 9.94865 ], [ -62.34624, 9.94905 ], [ -62.3438, 9.94922 ], [ -62.34135, 9.94914 ], [ -62.33334, 9.94849 ], [ -62.33068, 9.94813 ], [ -62.32808, 9.94749 ], [ -62.32556, 9.94657 ], [ -62.32315, 9.94539 ], [ -62.32089, 9.94396 ], [ -62.31665, 9.94095 ], [ -62.31481, 9.93951 ], [ -62.31312, 9.93791 ], [ -62.31158, 9.93615 ], [ -62.3032, 9.92565 ], [ -62.30168, 9.92352 ], [ -62.30038, 9.92124 ], [ -62.29933, 9.91884 ], [ -62.29854, 9.91634 ], [ -62.2922, 9.89193 ], [ -62.29169, 9.88943 ], [ -62.29143, 9.88689 ], [ -62.29143, 9.88433 ], [ -62.2917, 9.88179 ], [ -62.29536, 9.85839 ], [ -62.29572, 9.85655 ], [ -62.29621, 9.85474 ], [ -62.3019, 9.83667 ], [ -62.30276, 9.83436 ], [ -62.30384, 9.83214 ], [ -62.30514, 9.83004 ], [ -62.30663, 9.82807 ], [ -62.30831, 9.82627 ], [ -62.31016, 9.82463 ], [ -62.31217, 9.82319 ], [ -62.3143, 9.82196 ], [ -62.31523, 9.82154 ], [ -62.30228, 9.79748 ], [ -62.30129, 9.79543 ], [ -62.30049, 9.79329 ], [ -62.29491, 9.77596 ], [ -62.29467, 9.77505 ], [ -62.29317, 9.77751 ], [ -62.26772, 9.84798 ], [ -62.26617, 9.87245 ], [ -62.28188, 9.93137 ], [ -62.28236, 9.9336 ], [ -62.28264, 9.93586 ], [ -62.28272, 9.93815 ], [ -62.28238, 9.96332 ], [ -62.28776, 9.9609 ], [ -62.29003, 9.96002 ], [ -62.29237, 9.95935 ], [ -62.29477, 9.95892 ], [ -62.29719, 9.95872 ], [ -62.29963, 9.95876 ], [ -62.30205, 9.95904 ], [ -62.30443, 9.95955 ], [ -62.30675, 9.96029 ], [ -62.30899, 9.96125 ], [ -62.31112, 9.96243 ], [ -62.31313, 9.96381 ], [ -62.31499, 9.96537 ], [ -62.31669, 9.96711 ], [ -62.31822, 9.96901 ], [ -62.31955, 9.97105 ], [ -62.32068, 9.9732 ], [ -62.3216, 9.97546 ], [ -62.32229, 9.97779 ], [ -62.32275, 9.98019 ], [ -62.32298, 9.98261 ], [ -62.32355, 9.99555 ], [ -62.32354, 9.99784 ], [ -62.32333, 10.00012 ], [ -62.32291, 10.00237 ], [ -62.32228, 10.00457 ], [ -62.32146, 10.00671 ], [ -62.30926, 10.03446 ], [ -62.30802, 10.0369 ], [ -62.30653, 10.03918 ], [ -62.3048, 10.04129 ], [ -62.286, 10.0618 ], [ -62.28439, 10.0634 ], [ -62.28265, 10.06485 ], [ -62.28078, 10.06614 ], [ -62.2788, 10.06725 ], [ -62.27673, 10.06817 ], [ -62.25854, 10.07533 ], [ -62.25592, 10.0762 ], [ -62.25322, 10.07677 ], [ -62.25048, 10.07705 ], [ -62.24772, 10.07701 ], [ -62.23917, 10.07644 ], [ -62.23672, 10.07616 ], [ -62.23431, 10.07563 ], [ -62.23196, 10.07487 ], [ -62.2297, 10.07388 ], [ -62.22754, 10.07268 ], [ -62.22552, 10.07126 ], [ -62.22365, 10.06966 ], [ -62.22194, 10.06788 ], [ -62.22042, 10.06593 ], [ -62.2153, 10.05869 ], [ -62.21392, 10.05651 ], [ -62.21277, 10.0542 ], [ -62.21187, 10.05179 ], [ -62.20863, 10.04154 ], [ -62.20819, 10.04177 ], [ -62.20611, 10.04275 ], [ -62.20394, 10.04354 ], [ -62.2017, 10.04413 ], [ -62.19943, 10.04451 ], [ -62.19713, 10.04467 ], [ -62.19482, 10.04462 ], [ -62.19252, 10.04436 ], [ -62.19026, 10.04389 ], [ -62.10464, 10.02191 ], [ -62.10158, 10.02091 ], [ -62.052, 10.00108 ], [ -62.04888, 9.99958 ], [ -62.01298, 9.97907 ], [ -62.01008, 9.97713 ], [ -61.9847, 9.95748 ], [ -61.98277, 9.95583 ], [ -61.98103, 9.95399 ], [ -61.97948, 9.95199 ], [ -61.97814, 9.94984 ], [ -61.97703, 9.94757 ], [ -61.97615, 9.94519 ], [ -61.97551, 9.94274 ], [ -61.97513, 9.94024 ], [ -61.975, 9.93771 ], [ -61.975, 4.16498 ], [ -61.975, -9.0 ], [ -61.97512, -9.00245 ], [ -61.97548, -9.00488 ], [ -61.97608, -9.00726 ], [ -61.9769, -9.00957 ], [ -61.97795, -9.01178 ], [ -61.97921, -9.01389 ], [ -61.98067, -9.01586 ], [ -61.98232, -9.01768 ], [ -61.98414, -9.01933 ], [ -61.98611, -9.02079 ], [ -61.98822, -9.02205 ], [ -61.99043, -9.0231 ], [ -61.99274, -9.02392 ], [ -61.99512, -9.02452 ], [ -61.99755, -9.02488 ], [ -62.0, -9.025 ], [ -72.97074, -9.025 ], [ -78.64981, -9.025 ], [ -78.652, -9.0249 ], [ -78.65418, -9.02462 ], [ -78.65632, -9.02414 ], [ -78.65841, -9.02347 ], [ -78.66998, -9.01923 ], [ -78.67222, -9.01829 ], [ -78.67435, -9.01713 ], [ -78.67636, -9.01577 ], [ -78.67823, -9.01423 ], [ -78.67994, -9.01251 ], [ -78.68148, -9.01063 ], [ -78.68282, -9.00861 ], [ -78.68397, -9.00647 ], [ -78.6849, -9.00423 ], [ -78.68561, -9.00191 ], [ -78.68609, -8.99953 ], [ -78.68634, -8.99712 ], [ -78.68692, -8.98648 ], [ -78.68694, -8.98401 ], [ -78.6867, -8.98156 ], [ -78.68623, -8.97914 ], [ -78.68553, -8.97677 ], [ -78.68459, -8.97449 ], [ -78.68343, -8.97231 ], [ -78.68206, -8.97026 ], [ -78.6805, -8.96835 ], [ -78.67876, -8.9666 ], [ -78.67685, -8.96504 ], [ -78.6748, -8.96367 ], [ -78.67394, -8.96321 ], [ -78.67393, -8.9614 ], [ -78.67838, -8.94221 ], [ -78.7028, -8.89663 ], [ -78.71583, -8.88117 ], [ -78.71691, -8.87978 ], [ -78.73732, -8.85179 ], [ -78.78419, -8.79026 ], [ -78.78556, -8.78826 ], [ -78.78674, -8.78613 ], [ -78.7877, -8.7839 ], [ -78.78845, -8.78158 ], [ -78.78896, -8.77921 ], [ -78.78924, -8.77679 ], [ -78.78929, -8.77436 ], [ -78.7891, -8.77194 ], [ -78.78867, -8.76955 ], [ -78.78715, -8.76288 ], [ -78.78709, -8.75627 ], [ -78.78694, -8.75375 ], [ -78.78653, -8.75126 ], [ -78.78588, -8.74882 ], [ -78.78498, -8.74646 ], [ -78.78385, -8.7442 ], [ -78.7825, -8.74207 ], [ -78.78093, -8.74008 ], [ -78.77345, -8.7315 ], [ -78.772, -8.72997 ], [ -78.77042, -8.72856 ], [ -78.76873, -8.7273 ], [ -78.76701, -8.72612 ], [ -78.76594, -8.71286 ], [ -78.7698, -8.69293 ], [ -78.77018, -8.69019 ], [ -78.77025, -8.68741 ], [ -78.77001, -8.68465 ], [ -78.76857, -8.67455 ], [ -78.77436, -8.65362 ], [ -78.77461, -8.65266 ], [ -78.78252, -8.61894 ], [ -78.80942, -8.5819 ], [ -78.83821, -8.5452 ], [ -78.87526, -8.51056 ], [ -78.89407, -8.49667 ], [ -78.92228, -8.48584 ], [ -78.9247, -8.48476 ], [ -78.927, -8.48342 ], [ -78.92914, -8.48185 ], [ -78.94367, -8.46997 ], [ -78.9455, -8.46832 ], [ -78.94716, -8.4665 ], [ -78.95957, -8.45141 ], [ -78.96106, -8.44941 ], [ -78.96234, -8.44726 ], [ -78.9634, -8.445 ], [ -78.96422, -8.44265 ], [ -78.96481, -8.44023 ], [ -78.96516, -8.43776 ], [ -78.96526, -8.43526 ], [ -78.96511, -8.43277 ], [ -78.96471, -8.43031 ], [ -78.96407, -8.4279 ], [ -78.96319, -8.42556 ], [ -78.95772, -8.41298 ], [ -78.9566, -8.41074 ], [ -78.95527, -8.40861 ], [ -78.95373, -8.40664 ], [ -78.95201, -8.40482 ], [ -78.9501, -8.40319 ], [ -78.94805, -8.40176 ], [ -78.94586, -8.40053 ], [ -78.94356, -8.39954 ], [ -78.94117, -8.39878 ], [ -78.93872, -8.39826 ], [ -78.93623, -8.39799 ], [ -78.93373, -8.39797 ], [ -78.93123, -8.3982 ], [ -78.92769, -8.39871 ], [ -78.92673, -8.39469 ], [ -78.92695, -8.38474 ], [ -78.98433, -8.30081 ], [ -78.98568, -8.2986 ], [ -78.98679, -8.29626 ], [ -78.98766, -8.29382 ], [ -78.98826, -8.2913 ], [ -78.98861, -8.28873 ], [ -78.98981, -8.27396 ], [ -79.00999, -8.24694 ], [ -79.01142, -8.24481 ], [ -79.01262, -8.24254 ], [ -79.01358, -8.24017 ], [ -79.0143, -8.2377 ], [ -79.01475, -8.23518 ], [ -79.01495, -8.23262 ], [ -79.01489, -8.23006 ], [ -79.01456, -8.22752 ], [ -79.01397, -8.22502 ], [ -79.01358, -8.22368 ], [ -79.03595, -8.19841 ], [ -79.14051, -8.10862 ], [ -79.14221, -8.10701 ], [ -79.14376, -8.10525 ], [ -79.14513, -8.10335 ], [ -79.14632, -8.10134 ], [ -79.14732, -8.09922 ], [ -79.14811, -8.09701 ], [ -79.14869, -8.09475 ], [ -79.14906, -8.09243 ], [ -79.14922, -8.0901 ], [ -79.14942, -8.0786 ], [ -79.19762, -8.04645 ], [ -79.19875, -8.04565 ], [ -79.31471, -7.95865 ], [ -79.3166, -7.95709 ], [ -79.31832, -7.95535 ], [ -79.37032, -7.89741 ], [ -79.37229, -7.89491 ], [ -79.40466, -7.84799 ], [ -79.40609, -7.84564 ], [ -79.40726, -7.84315 ], [ -79.40815, -7.84055 ], [ -79.41821, -7.80475 ], [ -79.46264, -7.75488 ], [ -79.47364, -7.74456 ], [ -79.47507, -7.7431 ], [ -79.48448, -7.7327 ], [ -79.48608, -7.73074 ], [ -79.48747, -7.72863 ], [ -79.48865, -7.72639 ], [ -79.48959, -7.72404 ], [ -79.49029, -7.72161 ], [ -79.49074, -7.71911 ], [ -79.49093, -7.71659 ], [ -79.49087, -7.71406 ], [ -79.49055, -7.71155 ], [ -79.48998, -7.70908 ], [ -79.48917, -7.70669 ], [ -79.48811, -7.70439 ], [ -79.48683, -7.7022 ], [ -79.48206, -7.69494 ], [ -79.48063, -7.69298 ], [ -79.47901, -7.69116 ], [ -79.47723, -7.68951 ], [ -79.47529, -7.68804 ], [ -79.47322, -7.68677 ], [ -79.47104, -7.6857 ], [ -79.46876, -7.68485 ], [ -79.46188, -7.68266 ], [ -79.46097, -7.68183 ], [ -79.46081, -7.67983 ], [ -79.47001, -7.66301 ], [ -79.50495, -7.60752 ], [ -79.57525, -7.51114 ], [ -79.60165, -7.47972 ], [ -79.6032, -7.47767 ], [ -79.60454, -7.47546 ], [ -79.60564, -7.47313 ], [ -79.60649, -7.47069 ], [ -79.60709, -7.46818 ], [ -79.60743, -7.46563 ], [ -79.60916, -7.44394 ], [ -79.61369, -7.42759 ], [ -79.6142, -7.42539 ], [ -79.6145, -7.42316 ], [ -79.6146, -7.4209 ], [ -79.6145, -7.41865 ], [ -79.61363, -7.40905 ], [ -79.6133, -7.40671 ], [ -79.61276, -7.40441 ], [ -79.612, -7.40218 ], [ -79.61104, -7.40002 ], [ -79.60987, -7.39796 ], [ -79.60851, -7.39603 ], [ -79.60698, -7.39423 ], [ -79.60029, -7.38707 ], [ -79.60796, -7.36675 ], [ -79.61945, -7.34141 ], [ -79.62032, -7.33921 ], [ -79.62099, -7.33694 ], [ -79.62143, -7.33461 ], [ -79.62165, -7.33225 ], [ -79.62165, -7.32988 ], [ -79.621, -7.31637 ], [ -79.6345, -7.27969 ], [ -79.66285, -7.24895 ], [ -79.71492, -7.19545 ], [ -79.71652, -7.19364 ], [ -79.71793, -7.19169 ], [ -79.71915, -7.18962 ], [ -79.72017, -7.18743 ], [ -79.72097, -7.18516 ], [ -79.72154, -7.18282 ], [ -79.72189, -7.18044 ], [ -79.72201, -7.17804 ], [ -79.7219, -7.17563 ], [ -79.72155, -7.17325 ], [ -79.72098, -7.17091 ], [ -79.7155, -7.15241 ], [ -79.71465, -7.13892 ], [ -79.72691, -7.12347 ], [ -79.88388, -6.96748 ], [ -79.88553, -6.96568 ], [ -79.88699, -6.96372 ], [ -79.88826, -6.96163 ], [ -79.89722, -6.94504 ], [ -79.94764, -6.90261 ], [ -79.94932, -6.90106 ], [ -79.95086, -6.89936 ], [ -79.95222, -6.89754 ], [ -79.95342, -6.89559 ], [ -79.95444, -6.89354 ], [ -79.96827, -6.86208 ], [ -79.96916, -6.85974 ], [ -79.96981, -6.85732 ], [ -79.97022, -6.85485 ], [ -79.97338, -6.82709 ], [ -79.98598, -6.80075 ], [ -80.00722, -6.77433 ], [ -80.02143, -6.75943 ], [ -80.13338, -6.67105 ], [ -80.18236, -6.64011 ], [ -80.30999, -6.56645 ], [ -80.47141, -6.485 ], [ -80.73858, -6.35194 ], [ -80.80123, -6.32229 ], [ -80.8036, -6.321 ], [ -80.80582, -6.31947 ], [ -80.80786, -6.31771 ], [ -80.86898, -6.25894 ], [ -80.93938, -6.21057 ], [ -81.02632, -6.16076 ], [ -81.02908, -6.15893 ], [ -81.11665, -6.09193 ], [ -81.11827, -6.09057 ], [ -81.11978, -6.08908 ], [ -81.12115, -6.08748 ], [ -81.1505, -6.04997 ], [ -81.15205, -6.04774 ], [ -81.15336, -6.04535 ], [ -81.1544, -6.04284 ], [ -81.17501, -5.98415 ], [ -81.17571, -5.98177 ], [ -81.17618, -5.97933 ], [ -81.1764, -5.97686 ], [ -81.17638, -5.97438 ], [ -81.17405, -5.93536 ], [ -81.17438, -5.8936 ], [ -81.17512, -5.88529 ], [ -81.17522, -5.88287 ], [ -81.17508, -5.88046 ], [ -81.17471, -5.87807 ], [ -81.17412, -5.87573 ], [ -81.1733, -5.87345 ], [ -81.17226, -5.87127 ], [ -81.17102, -5.8692 ], [ -81.16958, -5.86725 ], [ -81.16796, -5.86546 ], [ -81.16618, -5.86383 ], [ -81.15119, -5.8514 ], [ -81.14754, -5.83919 ], [ -81.14684, -5.83716 ], [ -81.14596, -5.83519 ], [ -81.14492, -5.83331 ], [ -81.14372, -5.83153 ], [ -81.13898, -5.82509 ], [ -81.13745, -5.8232 ], [ -81.13574, -5.82147 ], [ -81.13386, -5.81992 ], [ -81.13185, -5.81856 ], [ -81.12971, -5.81739 ], [ -81.12747, -5.81644 ], [ -81.12515, -5.81572 ], [ -81.12277, -5.81522 ], [ -81.12035, -5.81495 ], [ -81.11282, -5.8145 ], [ -81.11041, -5.80923 ], [ -81.10961, -5.79792 ], [ -81.10933, -5.79559 ], [ -81.10884, -5.79329 ], [ -81.10814, -5.79106 ], [ -81.10722, -5.78889 ], [ -81.10611, -5.78683 ], [ -81.10482, -5.78488 ], [ -81.09534, -5.77198 ], [ -81.09375, -5.77003 ], [ -81.09198, -5.76825 ], [ -81.09004, -5.76666 ], [ -81.08794, -5.76528 ], [ -81.08572, -5.76411 ], [ -81.0834, -5.76317 ], [ -81.08099, -5.76246 ], [ -81.07852, -5.762 ], [ -81.07602, -5.76179 ], [ -81.07351, -5.76184 ], [ -81.05582, -5.76303 ], [ -81.0535, -5.76329 ], [ -81.05121, -5.76377 ], [ -81.04898, -5.76447 ], [ -81.04682, -5.76537 ], [ -81.04475, -5.76646 ], [ -81.0428, -5.76775 ], [ -81.04097, -5.76921 ], [ -81.03929, -5.77084 ], [ -81.03777, -5.77261 ], [ -81.03642, -5.77453 ], [ -81.0211, -5.79855 ], [ -80.99981, -5.80854 ], [ -80.96519, -5.82165 ], [ -80.94858, -5.82421 ], [ -80.9235, -5.79937 ], [ -80.88847, -5.73649 ], [ -80.88154, -5.65342 ], [ -80.90454, -5.583 ], [ -80.95296, -5.47768 ], [ -80.98009, -5.4474 ], [ -81.07267, -5.35791 ], [ -81.07477, -5.35561 ], [ -81.08653, -5.34099 ], [ -81.09359, -5.33913 ], [ -81.09962, -5.34116 ], [ -81.10188, -5.3418 ], [ -81.1042, -5.34223 ], [ -81.10654, -5.34244 ], [ -81.1089, -5.34243 ], [ -81.11124, -5.34219 ], [ -81.11355, -5.34174 ], [ -81.11581, -5.34107 ], [ -81.11799, -5.34019 ], [ -81.12008, -5.33911 ], [ -81.12207, -5.33784 ], [ -81.14609, -5.32078 ], [ -81.14798, -5.3193 ], [ -81.14972, -5.31763 ], [ -81.15129, -5.31581 ], [ -81.15268, -5.31385 ], [ -81.17253, -5.28276 ], [ -81.19695, -5.25508 ], [ -81.19902, -5.2524 ], [ -81.21929, -5.22196 ], [ -81.22052, -5.2199 ], [ -81.22155, -5.21774 ], [ -81.22236, -5.21549 ], [ -81.22296, -5.21317 ], [ -81.22333, -5.2108 ], [ -81.22348, -5.20841 ], [ -81.22339, -5.20602 ], [ -81.22308, -5.20364 ], [ -81.22254, -5.20131 ], [ -81.22178, -5.19904 ], [ -81.2208, -5.19685 ], [ -81.21586, -5.18705 ], [ -81.21455, -5.18476 ], [ -81.21301, -5.18262 ], [ -81.20635, -5.17435 ], [ -81.20468, -5.17248 ], [ -81.20283, -5.17078 ], [ -81.20083, -5.16928 ], [ -81.19868, -5.16799 ], [ -81.19641, -5.16692 ], [ -81.19323, -5.16561 ], [ -81.19272, -5.16426 ], [ -81.19735, -5.15847 ], [ -81.19874, -5.15654 ], [ -81.19995, -5.15449 ], [ -81.20095, -5.15234 ], [ -81.20175, -5.1501 ], [ -81.20233, -5.14779 ], [ -81.20269, -5.14544 ], [ -81.20282, -5.14307 ], [ -81.20273, -5.14069 ], [ -81.2016, -5.12772 ], [ -81.20128, -5.12536 ], [ -81.20074, -5.12305 ], [ -81.19998, -5.1208 ], [ -81.19901, -5.11862 ], [ -81.19784, -5.11656 ], [ -81.19647, -5.11461 ], [ -81.19493, -5.1128 ], [ -81.19323, -5.11114 ], [ -81.1919, -5.11008 ], [ -81.19579, -5.09279 ], [ -81.1962, -5.09047 ], [ -81.19639, -5.08814 ], [ -81.19635, -5.08579 ], [ -81.1961, -5.08346 ], [ -81.19563, -5.08116 ], [ -81.19495, -5.07891 ], [ -81.19406, -5.07674 ], [ -81.19297, -5.07466 ], [ -81.18434, -5.05993 ], [ -81.18301, -5.05789 ], [ -81.18148, -5.05599 ], [ -81.17978, -5.05425 ], [ -81.17791, -5.05268 ], [ -81.17591, -5.0513 ], [ -81.17377, -5.05012 ], [ -81.17153, -5.04916 ], [ -81.16921, -5.04841 ], [ -81.16683, -5.0479 ], [ -81.16441, -5.04762 ], [ -81.16197, -5.04758 ], [ -81.15954, -5.04778 ], [ -81.15191, -5.04877 ], [ -81.14131, -5.04286 ], [ -81.13907, -5.04175 ], [ -81.13672, -5.04087 ], [ -81.13429, -5.04023 ], [ -81.13182, -5.03983 ], [ -81.12931, -5.03969 ], [ -81.12681, -5.0398 ], [ -81.12433, -5.04016 ], [ -81.12189, -5.04076 ], [ -81.11953, -5.0416 ], [ -81.11727, -5.04268 ], [ -81.11513, -5.04398 ], [ -81.11312, -5.04549 ], [ -81.11128, -5.04719 ], [ -81.1029, -5.05573 ], [ -81.0966, -5.05523 ], [ -81.09167, -5.04809 ], [ -81.08901, -5.02602 ], [ -81.10596, -4.98883 ], [ -81.13464, -4.95947 ], [ -81.16446, -4.93699 ], [ -81.1666, -4.93518 ], [ -81.16852, -4.93314 ], [ -81.17021, -4.9309 ], [ -81.19394, -4.89533 ], [ -81.19508, -4.89345 ], [ -81.21057, -4.86512 ], [ -81.24258, -4.82258 ], [ -81.32176, -4.73778 ], [ -81.32298, -4.73637 ], [ -81.35705, -4.69395 ], [ -81.35854, -4.6919 ], [ -81.35981, -4.6897 ], [ -81.36085, -4.68739 ], [ -81.36165, -4.68499 ], [ -81.3622, -4.68251 ], [ -81.3625, -4.67999 ], [ -81.36255, -4.67746 ], [ -81.36233, -4.67493 ], [ -81.36186, -4.67244 ], [ -81.36114, -4.67001 ], [ -81.35627, -4.65616 ], [ -81.35538, -4.65395 ], [ -81.35428, -4.65184 ], [ -81.35298, -4.64985 ], [ -81.3515, -4.64798 ], [ -81.34985, -4.64627 ], [ -81.34804, -4.64472 ], [ -81.3461, -4.64335 ], [ -81.34403, -4.64217 ], [ -81.33506, -4.63761 ], [ -81.33172, -4.63438 ], [ -81.3323, -4.6301 ], [ -81.33989, -4.61013 ], [ -81.3407, -4.60761 ], [ -81.34123, -4.60502 ], [ -81.34149, -4.60239 ], [ -81.34147, -4.59974 ], [ -81.34118, -4.59711 ], [ -81.33287, -4.54762 ], [ -81.33259, -4.53776 ], [ -81.33649, -4.52536 ], [ -81.34532, -4.50642 ], [ -81.34642, -4.50362 ], [ -81.35269, -4.48442 ], [ -81.35333, -4.48208 ], [ -81.35375, -4.47969 ], [ -81.35392, -4.47728 ], [ -81.35386, -4.47485 ], [ -81.35357, -4.47244 ], [ -81.35305, -4.47008 ], [ -81.34894, -4.45502 ], [ -81.34816, -4.45264 ], [ -81.34715, -4.45036 ], [ -81.34591, -4.44818 ], [ -81.34447, -4.44614 ], [ -81.34283, -4.44426 ], [ -81.341, -4.44254 ], [ -81.32017, -4.42485 ], [ -81.31592, -4.41852 ], [ -81.30445, -4.39119 ], [ -81.30421, -4.37664 ], [ -81.318, -4.32388 ], [ -81.3185, -4.32146 ], [ -81.31877, -4.31899 ], [ -81.31879, -4.31652 ], [ -81.31856, -4.31405 ], [ -81.31809, -4.31162 ], [ -81.31325, -4.29184 ], [ -81.31252, -4.28938 ], [ -81.31153, -4.28701 ], [ -81.30022, -4.26333 ], [ -81.29884, -4.26082 ], [ -81.28521, -4.23909 ], [ -81.28335, -4.2365 ], [ -81.27212, -4.22283 ], [ -81.27052, -4.22107 ], [ -81.26877, -4.21946 ], [ -81.26687, -4.21803 ], [ -81.18177, -4.16012 ], [ -81.16313, -4.14104 ], [ -81.1461, -4.11092 ], [ -81.14465, -4.10864 ], [ -81.14296, -4.10653 ], [ -81.12896, -4.09091 ], [ -81.12718, -4.08912 ], [ -81.12523, -4.08752 ], [ -81.12313, -4.08612 ], [ -81.1209, -4.08494 ], [ -81.11856, -4.08399 ], [ -81.09964, -4.0774 ], [ -81.09712, -4.07667 ], [ -81.08609, -4.07409 ], [ -81.08322, -4.07115 ], [ -81.06925, -4.04226 ], [ -81.06757, -4.03932 ], [ -81.01374, -3.95827 ], [ -81.01243, -3.95648 ], [ -81.01096, -3.95481 ], [ -80.97963, -3.9221 ], [ -80.97699, -3.9197 ], [ -80.93923, -3.89015 ], [ -80.93768, -3.88903 ], [ -80.93605, -3.88804 ], [ -80.89779, -3.86657 ], [ -80.88993, -3.85921 ], [ -80.8864, -3.8468 ], [ -80.88394, -3.82631 ], [ -80.88354, -3.82394 ], [ -80.88292, -3.82163 ], [ -80.87617, -3.80063 ], [ -80.87548, -3.79874 ], [ -80.87463, -3.79691 ], [ -80.85672, -3.76184 ], [ -80.85548, -3.75968 ], [ -80.85403, -3.75765 ], [ -80.82718, -3.72387 ], [ -80.8254, -3.72187 ], [ -80.82342, -3.72006 ], [ -80.78753, -3.69077 ], [ -80.78452, -3.68866 ], [ -80.6284, -3.59566 ], [ -80.60379, -3.57187 ], [ -80.5652, -3.51533 ], [ -80.56024, -3.49831 ], [ -80.55942, -3.49594 ], [ -80.55837, -3.49366 ], [ -80.55709, -3.4915 ], [ -80.5556, -3.48948 ], [ -80.55392, -3.48762 ], [ -80.55206, -3.48594 ], [ -80.55004, -3.48445 ], [ -80.54788, -3.48317 ], [ -80.5456, -3.48212 ], [ -80.53755, -3.47887 ], [ -80.53492, -3.47797 ], [ -80.53221, -3.47738 ], [ -80.52679, -3.47649 ], [ -80.52189, -3.47363 ], [ -80.52013, -3.47269 ], [ -80.5183, -3.4719 ], [ -80.50275, -3.46588 ], [ -80.50036, -3.46509 ], [ -80.49791, -3.46454 ], [ -80.49541, -3.46425 ], [ -80.4929, -3.4642 ], [ -80.4265, -3.46638 ], [ -80.41258, -3.46331 ], [ -80.39745, -3.457 ], [ -80.38921, -3.45033 ], [ -80.38537, -3.44018 ], [ -80.38295, -3.43059 ], [ -80.38226, -3.42832 ], [ -80.38136, -3.42612 ], [ -80.38026, -3.42402 ], [ -80.36794, -3.40309 ], [ -80.36589, -3.39801 ], [ -80.36582, -3.39594 ], [ -80.36847, -3.38446 ], [ -80.36892, -3.38191 ], [ -80.3691, -3.37934 ], [ -80.36902, -3.37676 ], [ -80.36868, -3.3742 ], [ -80.36807, -3.37169 ], [ -80.36501, -3.36143 ], [ -80.36424, -3.35925 ], [ -80.36328, -3.35715 ], [ -80.36213, -3.35514 ], [ -80.3608, -3.35325 ], [ -80.3593, -3.35149 ], [ -80.35764, -3.34988 ], [ -80.35584, -3.34842 ], [ -80.35391, -3.34714 ], [ -80.34651, -3.3427 ], [ -80.34441, -3.3387 ], [ -80.34004, -3.32638 ], [ -80.33923, -3.32436 ], [ -80.33824, -3.32243 ], [ -80.33709, -3.32058 ], [ -80.32748, -3.30658 ], [ -80.32597, -3.3046 ], [ -80.32428, -3.30279 ], [ -80.32241, -3.30114 ], [ -80.32038, -3.2997 ], [ -80.31823, -3.29846 ], [ -80.31596, -3.29744 ], [ -80.3136, -3.29665 ], [ -80.31117, -3.2961 ], [ -80.3087, -3.2958 ], [ -80.30622, -3.29574 ], [ -80.30374, -3.29593 ], [ -80.30129, -3.29636 ], [ -80.29889, -3.29704 ], [ -80.29663, -3.29793 ], [ -80.29569, -3.2975 ], [ -80.29339, -3.29671 ], [ -80.29103, -3.29615 ], [ -80.28863, -3.29583 ], [ -80.28621, -3.29573 ], [ -80.28379, -3.29587 ], [ -80.2814, -3.29625 ], [ -80.27905, -3.29685 ], [ -80.27677, -3.29768 ], [ -80.27459, -3.29872 ], [ -80.27251, -3.29998 ], [ -80.27057, -3.30142 ], [ -80.26877, -3.30305 ], [ -80.25321, -3.31861 ], [ -80.25289, -3.31849 ], [ -80.25052, -3.31789 ], [ -80.17818, -3.30308 ], [ -80.17572, -3.3027 ], [ -80.17323, -3.30257 ], [ -80.17073, -3.30269 ], [ -80.15827, -3.30391 ], [ -80.15471, -3.30452 ], [ -80.14983, -3.30573 ], [ -80.13184, -3.28454 ], [ -80.13054, -3.28312 ], [ -80.12913, -3.2818 ], [ -80.12855, -3.2813 ], [ -80.09299, -3.20735 ], [ -80.09184, -3.20523 ], [ -80.09049, -3.20323 ], [ -80.07991, -3.18907 ], [ -80.07829, -3.18711 ], [ -80.07648, -3.18534 ], [ -80.0745, -3.18375 ], [ -80.07237, -3.18237 ], [ -80.07011, -3.18122 ], [ -80.06775, -3.1803 ], [ -80.0653, -3.17963 ], [ -80.0628, -3.1792 ], [ -80.06027, -3.17903 ], [ -80.05774, -3.17912 ], [ -80.05522, -3.17947 ], [ -80.03285, -3.18371 ], [ -80.03044, -3.18429 ], [ -80.0281, -3.18511 ], [ -80.02585, -3.18615 ], [ -80.02372, -3.18742 ], [ -80.02172, -3.18889 ], [ -80.01988, -3.19055 ], [ -80.01821, -3.19238 ], [ -80.01673, -3.19438 ], [ -80.01545, -3.1965 ], [ -80.01439, -3.19875 ], [ -80.01356, -3.20109 ], [ -80.01297, -3.20349 ], [ -80.01126, -3.21229 ], [ -79.98449, -3.19544 ], [ -79.9744, -3.18374 ], [ -79.96718, -3.16822 ], [ -79.96262, -3.14951 ], [ -79.95816, -3.11242 ], [ -79.95773, -3.10993 ], [ -79.95705, -3.1075 ], [ -79.95613, -3.10514 ], [ -79.93985, -3.06901 ], [ -79.93825, -3.06602 ], [ -79.90564, -3.01389 ], [ -79.90274, -3.0071 ], [ -79.90654, -3.00047 ], [ -79.90764, -2.99831 ], [ -79.90852, -2.99605 ], [ -79.90919, -2.99372 ], [ -79.90962, -2.99134 ], [ -79.90982, -2.98892 ], [ -79.90979, -2.9865 ], [ -79.90952, -2.98409 ], [ -79.90589, -2.96147 ], [ -79.90548, -2.95943 ], [ -79.9049, -2.95744 ], [ -79.89252, -2.92076 ], [ -79.89064, -2.90568 ], [ -79.89028, -2.90355 ], [ -79.88973, -2.90146 ], [ -79.85848, -2.79949 ], [ -79.85758, -2.79701 ], [ -79.85641, -2.79464 ], [ -79.83638, -2.75873 ], [ -79.83482, -2.75422 ], [ -79.83392, -2.75196 ], [ -79.82553, -2.73367 ], [ -79.82237, -2.71378 ], [ -79.82188, -2.71144 ], [ -79.82117, -2.70915 ], [ -79.79993, -2.65088 ], [ -79.79874, -2.64813 ], [ -79.79722, -2.64554 ], [ -79.78574, -2.62837 ], [ -79.78437, -2.62652 ], [ -79.78284, -2.6248 ], [ -79.75572, -2.59705 ], [ -79.75111, -2.58748 ], [ -79.75019, -2.57086 ], [ -79.75225, -2.55657 ], [ -79.77301, -2.58771 ], [ -79.7745, -2.58972 ], [ -79.77619, -2.59158 ], [ -79.77806, -2.59325 ], [ -79.78008, -2.59473 ], [ -79.78224, -2.596 ], [ -79.80521, -2.60799 ], [ -79.80837, -2.63859 ], [ -79.80876, -2.64108 ], [ -79.80939, -2.64353 ], [ -79.81027, -2.64589 ], [ -79.81138, -2.64816 ], [ -79.81272, -2.6503 ], [ -79.81427, -2.6523 ], [ -79.816, -2.65413 ], [ -79.81792, -2.65577 ], [ -79.81999, -2.65722 ], [ -79.84426, -2.67239 ], [ -79.84657, -2.67367 ], [ -79.84901, -2.6747 ], [ -79.85154, -2.67547 ], [ -79.85414, -2.67596 ], [ -79.85677, -2.67618 ], [ -79.85942, -2.67612 ], [ -79.87915, -2.67461 ], [ -79.88162, -2.67429 ], [ -79.88405, -2.67373 ], [ -79.88641, -2.67294 ], [ -79.88868, -2.67191 ], [ -79.89084, -2.67066 ], [ -79.89286, -2.6692 ], [ -79.89472, -2.66755 ], [ -79.89642, -2.66572 ], [ -79.89792, -2.66373 ], [ -79.89921, -2.6616 ], [ -79.90029, -2.65935 ], [ -79.90114, -2.65701 ], [ -79.90175, -2.6546 ], [ -79.90631, -2.63186 ], [ -79.90666, -2.62962 ], [ -79.9068, -2.62736 ], [ -79.90673, -2.6251 ], [ -79.90646, -2.62285 ], [ -79.90599, -2.62064 ], [ -79.90532, -2.61848 ], [ -79.89168, -2.58057 ], [ -79.89146, -2.57997 ], [ -79.88849, -2.57233 ], [ -79.90488, -2.5906 ], [ -79.9064, -2.59216 ], [ -79.90806, -2.59358 ], [ -79.90983, -2.59485 ], [ -79.91956, -2.6012 ], [ -79.9216, -2.60239 ], [ -79.92374, -2.60339 ], [ -79.92597, -2.60419 ], [ -79.93932, -2.60823 ], [ -79.9715, -2.62681 ], [ -79.97386, -2.62801 ], [ -79.97633, -2.62895 ], [ -79.97888, -2.62963 ], [ -79.99328, -2.63264 ], [ -79.99563, -2.63302 ], [ -79.998, -2.63317 ], [ -80.00037, -2.63309 ], [ -80.00273, -2.63279 ], [ -80.00505, -2.63227 ], [ -80.00731, -2.63153 ], [ -80.00948, -2.63058 ], [ -80.01953, -2.62561 ], [ -80.02171, -2.62439 ], [ -80.02376, -2.62296 ], [ -80.02566, -2.62133 ], [ -80.02738, -2.61953 ], [ -80.02892, -2.61756 ], [ -80.03025, -2.61544 ], [ -80.03134, -2.61324 ], [ -80.04095, -2.6143 ], [ -80.04368, -2.61445 ], [ -80.04642, -2.6143 ], [ -80.04912, -2.61385 ], [ -80.05175, -2.61311 ], [ -80.05891, -2.61067 ], [ -80.06143, -2.60966 ], [ -80.06382, -2.60838 ], [ -80.06606, -2.60685 ], [ -80.0788, -2.59708 ], [ -80.08072, -2.59545 ], [ -80.08246, -2.59364 ], [ -80.08401, -2.59167 ], [ -80.08535, -2.58955 ], [ -80.08648, -2.5873 ], [ -80.08737, -2.58495 ], [ -80.0927, -2.56852 ], [ -80.09336, -2.56606 ], [ -80.09377, -2.56354 ], [ -80.09392, -2.56099 ], [ -80.09381, -2.55844 ], [ -80.09343, -2.55591 ], [ -80.09281, -2.55343 ], [ -80.09193, -2.55103 ], [ -80.09081, -2.54874 ], [ -80.08947, -2.54657 ], [ -80.08791, -2.54455 ], [ -80.07452, -2.52892 ], [ -80.07298, -2.52728 ], [ -80.07131, -2.52579 ], [ -80.0695, -2.52445 ], [ -80.04573, -2.50843 ], [ -80.04117, -2.49792 ], [ -80.04161, -2.49781 ], [ -80.04395, -2.49697 ], [ -80.04619, -2.4959 ], [ -80.04831, -2.49462 ], [ -80.0503, -2.49313 ], [ -80.05212, -2.49145 ], [ -80.05378, -2.4896 ], [ -80.05524, -2.4876 ], [ -80.05649, -2.48546 ], [ -80.05753, -2.4832 ], [ -80.05969, -2.47782 ], [ -80.12393, -2.56784 ], [ -80.12592, -2.57029 ], [ -80.15676, -2.60365 ], [ -80.15862, -2.60546 ], [ -80.16066, -2.60707 ], [ -80.16285, -2.60846 ], [ -80.16517, -2.60962 ], [ -80.19001, -2.62039 ], [ -80.19338, -2.62627 ], [ -80.1944, -2.62791 ], [ -80.19555, -2.62947 ], [ -80.20303, -2.63883 ], [ -80.20452, -2.64053 ], [ -80.20617, -2.64209 ], [ -80.20794, -2.6435 ], [ -80.20984, -2.64474 ], [ -80.21908, -2.6502 ], [ -80.22111, -2.65128 ], [ -80.22323, -2.65217 ], [ -80.22542, -2.65285 ], [ -80.22767, -2.65334 ], [ -80.22995, -2.65361 ], [ -80.23224, -2.65368 ], [ -80.23932, -2.65355 ], [ -80.23069, -2.66234 ], [ -80.22912, -2.6641 ], [ -80.22772, -2.666 ], [ -80.2265, -2.66802 ], [ -80.22548, -2.67015 ], [ -80.22198, -2.67845 ], [ -80.22105, -2.68104 ], [ -80.22042, -2.68373 ], [ -80.22008, -2.68646 ], [ -80.21931, -2.69778 ], [ -80.21929, -2.70028 ], [ -80.21099, -2.69431 ], [ -80.20859, -2.69279 ], [ -80.20604, -2.69155 ], [ -80.20337, -2.6906 ], [ -80.14468, -2.67356 ], [ -80.09198, -2.64745 ], [ -80.08887, -2.64616 ], [ -80.06787, -2.63908 ], [ -80.06572, -2.63846 ], [ -80.06353, -2.63804 ], [ -80.0613, -2.63781 ], [ -80.05907, -2.63778 ], [ -80.01371, -2.63925 ], [ -80.01112, -2.63947 ], [ -80.00856, -2.63996 ], [ -80.00607, -2.64071 ], [ -80.00368, -2.64171 ], [ -80.00139, -2.64296 ], [ -79.93595, -2.68334 ], [ -79.89672, -2.69322 ], [ -79.89443, -2.69391 ], [ -79.89223, -2.69482 ], [ -79.89012, -2.69593 ], [ -79.88812, -2.69724 ], [ -79.88626, -2.69873 ], [ -79.88455, -2.70039 ], [ -79.88301, -2.70221 ], [ -79.88165, -2.70417 ], [ -79.88048, -2.70625 ], [ -79.87951, -2.70843 ], [ -79.87875, -2.71069 ], [ -79.87822, -2.71301 ], [ -79.87791, -2.71538 ], [ -79.87782, -2.71776 ], [ -79.87796, -2.72014 ], [ -79.87833, -2.7225 ], [ -79.87992, -2.73023 ], [ -79.88044, -2.7323 ], [ -79.88114, -2.73432 ], [ -79.88395, -2.74148 ], [ -79.88486, -2.74353 ], [ -79.88595, -2.74549 ], [ -79.88997, -2.752 ], [ -79.89116, -2.75375 ], [ -79.89249, -2.7554 ], [ -79.89774, -2.76135 ], [ -79.89904, -2.76271 ], [ -79.90043, -2.76397 ], [ -79.91158, -2.77332 ], [ -79.91351, -2.77478 ], [ -79.91557, -2.77606 ], [ -79.91775, -2.77712 ], [ -79.9582, -2.79453 ], [ -79.95849, -2.79524 ], [ -79.95956, -2.79728 ], [ -79.96083, -2.79921 ], [ -79.96226, -2.80102 ], [ -79.96385, -2.80269 ], [ -79.97548, -2.81377 ], [ -79.97589, -2.81447 ], [ -79.9812, -2.82794 ], [ -79.98242, -2.83058 ], [ -79.99065, -2.84596 ], [ -79.99179, -2.84788 ], [ -79.99311, -2.8497 ], [ -79.99458, -2.8514 ], [ -80.00287, -2.86011 ], [ -80.00478, -2.86191 ], [ -80.00548, -2.86244 ], [ -80.01171, -2.87313 ], [ -80.02336, -2.89642 ], [ -80.02384, -2.89732 ], [ -80.03573, -2.91884 ], [ -80.04178, -2.93368 ], [ -80.04284, -2.93594 ], [ -80.04411, -2.93808 ], [ -80.04559, -2.94008 ], [ -80.04726, -2.94192 ], [ -80.0491, -2.94359 ], [ -80.0511, -2.94507 ], [ -80.05324, -2.94634 ], [ -80.0555, -2.94739 ], [ -80.06627, -2.95178 ], [ -80.06912, -2.95502 ], [ -80.06877, -2.96862 ], [ -80.06882, -2.97096 ], [ -80.06908, -2.97329 ], [ -80.06957, -2.97558 ], [ -80.07026, -2.97781 ], [ -80.07117, -2.97997 ], [ -80.07227, -2.98204 ], [ -80.07356, -2.98399 ], [ -80.07502, -2.98582 ], [ -80.07665, -2.9875 ], [ -80.08804, -2.99818 ], [ -80.09208, -3.00773 ], [ -80.09321, -3.01005 ], [ -80.09457, -3.01224 ], [ -80.1105, -3.03518 ], [ -80.11197, -3.03709 ], [ -80.11362, -3.03886 ], [ -80.11543, -3.04046 ], [ -80.11739, -3.04187 ], [ -80.11947, -3.04309 ], [ -80.12167, -3.0441 ], [ -80.12395, -3.0449 ], [ -80.12629, -3.04547 ], [ -80.12869, -3.04581 ], [ -80.1311, -3.04592 ], [ -80.13351, -3.0458 ], [ -80.16123, -3.04303 ], [ -80.17416, -3.05058 ], [ -80.17678, -3.0519 ], [ -80.17953, -3.05291 ], [ -80.1965, -3.05804 ], [ -80.19876, -3.05861 ], [ -80.20106, -3.05897 ], [ -80.20339, -3.05911 ], [ -80.20572, -3.05903 ], [ -80.23009, -3.05708 ], [ -80.23226, -3.05681 ], [ -80.23439, -3.05636 ], [ -80.25787, -3.05026 ], [ -80.26061, -3.04937 ], [ -80.26324, -3.04818 ], [ -80.2776, -3.04061 ], [ -80.27981, -3.03929 ], [ -80.28188, -3.03775 ], [ -80.28377, -3.03601 ], [ -80.28548, -3.03408 ], [ -80.28698, -3.03199 ], [ -80.28826, -3.02976 ], [ -80.2893, -3.0274 ], [ -80.29009, -3.02495 ], [ -80.296, -3.00286 ], [ -80.29655, -3.00023 ], [ -80.29682, -2.99755 ], [ -80.2968, -2.99487 ], [ -80.29649, -2.99219 ], [ -80.29074, -2.95846 ], [ -80.28719, -2.8401 ], [ -80.28695, -2.83729 ], [ -80.28639, -2.83452 ], [ -80.28285, -2.82099 ], [ -80.28191, -2.81812 ], [ -80.28063, -2.81538 ], [ -80.24787, -2.75512 ], [ -80.24744, -2.75389 ], [ -80.24922, -2.75444 ], [ -80.25159, -2.75493 ], [ -80.25399, -2.7552 ], [ -80.25641, -2.75522 ], [ -80.25882, -2.75502 ], [ -80.28177, -2.75193 ], [ -80.28471, -2.75135 ], [ -80.28756, -2.75042 ], [ -80.32968, -2.7339 ], [ -80.33218, -2.73276 ], [ -80.33455, -2.73134 ], [ -80.33674, -2.72968 ], [ -80.37714, -2.69534 ], [ -80.38978, -2.68822 ], [ -80.39164, -2.68706 ], [ -80.39339, -2.68575 ], [ -80.39502, -2.68428 ], [ -80.40694, -2.67259 ], [ -80.40782, -2.67191 ], [ -80.42379, -2.66972 ], [ -80.42706, -2.66905 ], [ -80.43646, -2.66645 ], [ -80.43884, -2.66566 ], [ -80.44112, -2.66464 ], [ -80.4433, -2.66339 ], [ -80.48138, -2.63897 ], [ -80.48339, -2.63754 ], [ -80.48525, -2.63591 ], [ -80.48694, -2.63411 ], [ -80.59221, -2.51014 ], [ -80.66966, -2.43784 ], [ -80.69659, -2.42907 ], [ -80.6997, -2.42783 ], [ -80.72335, -2.41645 ], [ -80.74966, -2.41735 ], [ -80.75188, -2.41732 ], [ -80.75408, -2.4171 ], [ -80.75626, -2.41669 ], [ -80.75839, -2.41609 ], [ -80.81134, -2.3985 ], [ -80.81381, -2.39753 ], [ -80.83224, -2.38915 ], [ -80.83443, -2.38802 ], [ -80.83651, -2.38667 ], [ -80.83844, -2.38513 ], [ -80.87705, -2.35103 ], [ -80.89045, -2.34595 ], [ -80.90147, -2.34606 ], [ -80.90395, -2.34596 ], [ -80.90642, -2.34561 ], [ -80.91834, -2.34333 ], [ -80.92071, -2.34276 ], [ -80.92302, -2.34196 ], [ -80.92523, -2.34093 ], [ -80.92734, -2.33969 ], [ -80.92931, -2.33826 ], [ -80.93114, -2.33663 ], [ -80.9328, -2.33484 ], [ -80.94037, -2.32581 ], [ -80.94195, -2.32372 ], [ -80.94329, -2.32147 ], [ -80.9444, -2.31909 ], [ -80.94525, -2.31661 ], [ -80.94584, -2.31405 ], [ -80.95109, -2.28399 ], [ -80.95627, -2.27384 ], [ -80.97049, -2.25355 ], [ -80.98185, -2.24186 ], [ -81.01769, -2.21313 ], [ -81.01972, -2.21132 ], [ -81.02154, -2.20929 ], [ -81.02312, -2.20708 ], [ -81.02723, -2.20065 ], [ -81.02897, -2.19744 ], [ -81.03369, -2.18694 ], [ -81.03464, -2.18451 ], [ -81.03532, -2.18199 ], [ -81.03744, -2.17222 ], [ -81.03786, -2.16967 ], [ -81.03801, -2.16709 ], [ -81.03789, -2.16451 ], [ -81.03751, -2.16195 ], [ -81.03687, -2.15945 ], [ -81.03597, -2.15702 ], [ -81.03482, -2.15471 ], [ -81.03344, -2.15252 ], [ -81.03185, -2.15048 ], [ -81.02802, -2.14609 ], [ -81.02629, -2.14431 ], [ -81.0244, -2.1427 ], [ -81.02236, -2.14129 ], [ -81.02019, -2.14008 ], [ -81.0179, -2.1391 ], [ -81.01554, -2.13835 ], [ -81.0131, -2.13784 ], [ -81.01064, -2.13757 ], [ -81.00815, -2.13755 ], [ -81.00568, -2.13778 ], [ -81.00324, -2.13825 ], [ -80.99527, -2.1402 ], [ -80.9928, -2.14094 ], [ -80.99042, -2.14193 ], [ -80.98816, -2.14316 ], [ -80.98603, -2.14461 ], [ -80.98407, -2.14628 ], [ -80.98229, -2.14814 ], [ -80.97863, -2.15238 ], [ -80.97733, -2.15403 ], [ -80.96295, -2.15749 ], [ -80.95314, -2.15809 ], [ -80.95078, -2.15834 ], [ -80.94845, -2.15882 ], [ -80.94618, -2.15952 ], [ -80.94398, -2.16044 ] ], [ [ -79.83317, -2.46489 ], [ -79.83106, -2.46367 ], [ -79.82885, -2.46267 ], [ -79.82823, -2.46246 ], [ -79.8435, -2.42001 ], [ -79.84728, -2.41405 ], [ -79.85365, -2.49387 ], [ -79.85389, -2.4958 ], [ -79.84143, -2.47365 ], [ -79.84014, -2.47159 ], [ -79.83865, -2.46967 ], [ -79.83698, -2.4679 ], [ -79.83515, -2.4663 ], [ -79.83317, -2.46489 ] ], [ [ -71.57459, 10.64511 ], [ -71.58108, 10.636 ], [ -71.58066, 10.63407 ], [ -71.57899, 10.62378 ], [ -71.57871, 10.62122 ], [ -71.5787, 10.61864 ], [ -71.57895, 10.61607 ], [ -71.58066, 10.60468 ], [ -71.58112, 10.60234 ], [ -71.58181, 10.60005 ], [ -71.58271, 10.59784 ], [ -71.5837, 10.59573 ], [ -71.58169, 10.58922 ], [ -71.5811, 10.58693 ], [ -71.58073, 10.5846 ], [ -71.58058, 10.58224 ], [ -71.58066, 10.57987 ], [ -71.58096, 10.57753 ], [ -71.58148, 10.57522 ], [ -71.58221, 10.57297 ], [ -71.59006, 10.55234 ], [ -71.59124, 10.54971 ], [ -71.60166, 10.52964 ], [ -71.60584, 10.51522 ], [ -71.60463, 10.46711 ], [ -71.60384, 10.46414 ], [ -71.60335, 10.46185 ], [ -71.60307, 10.45952 ], [ -71.60301, 10.45718 ], [ -71.60317, 10.45484 ], [ -71.60354, 10.45252 ], [ -71.60414, 10.45025 ], [ -71.60494, 10.44805 ], [ -71.60649, 10.44435 ], [ -71.6076, 10.44205 ], [ -71.60893, 10.43987 ], [ -71.61048, 10.43785 ], [ -71.61223, 10.43598 ], [ -71.62045, 10.42808 ], [ -71.6221, 10.42663 ], [ -71.62388, 10.42532 ], [ -71.62577, 10.42418 ], [ -71.63268, 10.4204 ], [ -71.63461, 10.41945 ], [ -71.6366, 10.41867 ], [ -71.65791, 10.4114 ], [ -71.67412, 10.39418 ], [ -71.67526, 10.3923 ], [ -71.67662, 10.39026 ], [ -71.67817, 10.38838 ], [ -71.6799, 10.38665 ], [ -71.68179, 10.3851 ], [ -71.68382, 10.38374 ], [ -71.68598, 10.38259 ], [ -71.68824, 10.38165 ], [ -71.69057, 10.38094 ], [ -71.70357, 10.37766 ], [ -71.71544, 10.37088 ], [ -71.73677, 10.35319 ], [ -71.75826, 10.32761 ], [ -71.81498, 10.22256 ], [ -71.81595, 10.22093 ], [ -71.81704, 10.21937 ], [ -71.86869, 10.15102 ], [ -71.87353, 10.13281 ], [ -71.87431, 10.13037 ], [ -71.87534, 10.12802 ], [ -71.87661, 10.12579 ], [ -71.87809, 10.12371 ], [ -71.87979, 10.12178 ], [ -71.88167, 10.12004 ], [ -71.88372, 10.1185 ], [ -71.89894, 10.10824 ], [ -71.90122, 10.10687 ], [ -71.90364, 10.10575 ], [ -71.90617, 10.1049 ], [ -71.94177, 10.09493 ], [ -71.95133, 10.08775 ], [ -71.96088, 10.07536 ], [ -71.96787, 10.05974 ], [ -71.97599, 10.02026 ], [ -71.97667, 10.01767 ], [ -71.97762, 10.01517 ], [ -71.97884, 10.01278 ], [ -72.00079, 9.97484 ], [ -72.02017, 9.92111 ], [ -72.02109, 9.91889 ], [ -72.02222, 9.91677 ], [ -72.02355, 9.91478 ], [ -72.02507, 9.91291 ], [ -72.08856, 9.842 ], [ -72.09807, 9.82285 ], [ -72.09753, 9.82039 ], [ -72.08069, 9.78521 ], [ -72.07082, 9.77055 ], [ -72.0042, 9.70334 ], [ -72.00189, 9.70065 ], [ -71.97886, 9.66964 ], [ -71.97742, 9.66746 ], [ -71.97621, 9.66515 ], [ -71.92413, 9.55158 ], [ -71.92323, 9.54935 ], [ -71.92255, 9.54704 ], [ -71.9221, 9.54467 ], [ -71.92187, 9.54227 ], [ -71.92188, 9.53986 ], [ -71.92212, 9.53747 ], [ -71.92259, 9.53511 ], [ -71.92329, 9.5328 ], [ -71.9242, 9.53057 ], [ -71.92533, 9.52844 ], [ -71.92665, 9.52643 ], [ -71.92816, 9.52456 ], [ -71.92874, 9.52397 ], [ -71.92826, 9.52383 ], [ -71.92766, 9.52359 ], [ -71.92629, 9.52409 ], [ -71.92392, 9.52469 ], [ -71.9215, 9.52506 ], [ -71.91906, 9.52519 ], [ -71.91661, 9.52508 ], [ -71.91419, 9.52473 ], [ -71.91182, 9.52415 ], [ -71.90951, 9.52334 ], [ -71.90729, 9.52231 ], [ -71.90518, 9.52107 ], [ -71.8948, 9.51423 ], [ -71.89303, 9.51294 ], [ -71.89137, 9.5115 ], [ -71.88984, 9.50992 ], [ -71.86513, 9.48201 ], [ -71.86102, 9.4793 ], [ -71.85524, 9.47775 ], [ -71.85208, 9.47667 ], [ -71.84313, 9.47293 ], [ -71.84087, 9.47185 ], [ -71.83873, 9.47054 ], [ -71.83673, 9.46903 ], [ -71.83489, 9.46733 ], [ -71.83323, 9.46545 ], [ -71.82485, 9.45495 ], [ -71.82343, 9.45298 ], [ -71.8222, 9.45087 ], [ -71.82118, 9.44866 ], [ -71.82066, 9.44714 ], [ -71.79535, 9.43188 ], [ -71.793, 9.43027 ], [ -71.79085, 9.42841 ], [ -71.78893, 9.42632 ], [ -71.76751, 9.4002 ], [ -71.76131, 9.39577 ], [ -71.74965, 9.40462 ], [ -71.74764, 9.406 ], [ -71.74551, 9.40717 ], [ -71.74327, 9.40813 ], [ -71.74095, 9.40887 ], [ -71.73857, 9.40938 ], [ -71.73615, 9.40966 ], [ -71.73372, 9.4097 ], [ -71.73129, 9.4095 ], [ -71.7289, 9.40907 ], [ -71.72656, 9.4084 ], [ -71.72429, 9.40752 ], [ -71.72212, 9.40641 ], [ -71.72007, 9.4051 ], [ -71.71815, 9.4036 ], [ -71.7164, 9.40192 ], [ -71.71481, 9.40007 ], [ -71.71341, 9.39808 ], [ -71.71221, 9.39597 ], [ -71.71122, 9.39374 ], [ -71.71045, 9.39143 ], [ -71.70991, 9.38906 ], [ -71.7096, 9.38664 ], [ -71.70953, 9.38421 ], [ -71.7097, 9.38178 ], [ -71.7101, 9.37938 ], [ -71.71171, 9.37201 ], [ -71.71137, 9.37165 ], [ -71.70986, 9.3697 ], [ -71.70856, 9.3676 ], [ -71.70746, 9.36539 ], [ -71.70659, 9.36308 ], [ -71.70423, 9.35576 ], [ -71.70357, 9.35331 ], [ -71.70317, 9.3508 ], [ -71.70302, 9.34826 ], [ -71.70313, 9.34573 ], [ -71.7035, 9.34321 ], [ -71.70412, 9.34075 ], [ -71.70499, 9.33837 ], [ -71.70609, 9.33608 ], [ -71.70743, 9.33392 ], [ -71.70897, 9.3319 ], [ -71.71071, 9.33005 ], [ -71.71129, 9.32955 ], [ -71.71119, 9.32911 ], [ -71.71091, 9.3268 ], [ -71.70957, 9.30954 ], [ -71.70949, 9.30722 ], [ -71.70963, 9.30492 ], [ -71.70999, 9.30263 ], [ -71.71055, 9.30039 ], [ -71.71604, 9.28216 ], [ -71.71699, 9.27955 ], [ -71.71822, 9.27705 ], [ -71.72644, 9.26253 ], [ -71.72775, 9.26047 ], [ -71.72926, 9.25854 ], [ -71.7298, 9.25796 ], [ -71.7274, 9.25566 ], [ -71.72568, 9.25384 ], [ -71.72415, 9.25186 ], [ -71.72283, 9.24973 ], [ -71.72173, 9.24749 ], [ -71.72086, 9.24514 ], [ -71.72023, 9.24272 ], [ -71.71984, 9.24025 ], [ -71.7197, 9.23775 ], [ -71.71981, 9.23525 ], [ -71.72017, 9.23277 ], [ -71.72078, 9.23034 ], [ -71.72165, 9.22749 ], [ -71.72028, 9.22654 ], [ -71.71835, 9.22505 ], [ -71.71657, 9.22339 ], [ -71.71496, 9.22155 ], [ -71.71353, 9.21957 ], [ -71.71231, 9.21746 ], [ -71.7113, 9.21523 ], [ -71.71051, 9.21292 ], [ -71.70995, 9.21055 ], [ -71.70962, 9.20813 ], [ -71.70953, 9.20569 ], [ -71.70968, 9.20325 ], [ -71.71007, 9.20084 ], [ -71.71069, 9.19848 ], [ -71.71153, 9.19619 ], [ -71.7126, 9.194 ], [ -71.71388, 9.19192 ], [ -71.71535, 9.18997 ], [ -71.717, 9.18817 ], [ -71.71882, 9.18655 ], [ -71.71885, 9.18652 ], [ -71.71378, 9.17898 ], [ -71.71256, 9.17695 ], [ -71.71152, 9.17482 ], [ -71.7107, 9.17259 ], [ -71.71009, 9.1703 ], [ -71.7097, 9.16796 ], [ -71.70954, 9.16559 ], [ -71.7096, 9.16322 ], [ -71.70988, 9.16087 ], [ -71.71039, 9.15855 ], [ -71.71111, 9.15629 ], [ -71.71204, 9.15411 ], [ -71.71318, 9.15203 ], [ -71.71451, 9.15006 ], [ -71.71602, 9.14823 ], [ -71.72959, 9.13328 ], [ -71.72882, 9.13274 ], [ -71.72689, 9.13108 ], [ -71.72543, 9.12954 ], [ -71.72356, 9.12871 ], [ -71.71135, 9.12261 ], [ -71.70921, 9.12141 ], [ -71.7072, 9.12001 ], [ -71.69817, 9.11301 ], [ -71.69627, 9.11138 ], [ -71.69455, 9.10957 ], [ -71.69301, 9.10759 ], [ -71.69168, 9.10547 ], [ -71.69057, 9.10323 ], [ -71.68968, 9.10089 ], [ -71.68904, 9.09847 ], [ -71.68864, 9.096 ], [ -71.68849, 9.0935 ], [ -71.68849, 9.09344 ], [ -71.67539, 9.08481 ], [ -71.64015, 9.07401 ], [ -71.59991, 9.06727 ], [ -71.55963, 9.06661 ], [ -71.52065, 9.07334 ], [ -71.38003, 9.11683 ], [ -71.28524, 9.15727 ], [ -71.25753, 9.17489 ], [ -71.24326, 9.19132 ], [ -71.23055, 9.23864 ], [ -71.22984, 9.24089 ], [ -71.22891, 9.24306 ], [ -71.22778, 9.24513 ], [ -71.22647, 9.24708 ], [ -71.22497, 9.2489 ], [ -71.22331, 9.25058 ], [ -71.2215, 9.25209 ], [ -71.2051, 9.26451 ], [ -71.18142, 9.29431 ], [ -71.17921, 9.29674 ], [ -71.16908, 9.30651 ], [ -71.16734, 9.30804 ], [ -71.16547, 9.3094 ], [ -71.16349, 9.31058 ], [ -71.1614, 9.31157 ], [ -71.15924, 9.31236 ], [ -71.15058, 9.31509 ], [ -71.1485, 9.31565 ], [ -71.14639, 9.31603 ], [ -71.12507, 9.31889 ], [ -71.10792, 9.32851 ], [ -71.10549, 9.32971 ], [ -71.10294, 9.33064 ], [ -71.1003, 9.33128 ], [ -71.09329, 9.3326 ], [ -71.08807, 9.33454 ], [ -71.08475, 9.33872 ], [ -71.08143, 9.34874 ], [ -71.08121, 9.36003 ], [ -71.09723, 9.4116 ], [ -71.09792, 9.41439 ], [ -71.09829, 9.41725 ], [ -71.10408, 9.49928 ], [ -71.10689, 9.51404 ], [ -71.11129, 9.52446 ], [ -71.11246, 9.52792 ], [ -71.11502, 9.53784 ], [ -71.11552, 9.54031 ], [ -71.11578, 9.54282 ], [ -71.11578, 9.54535 ], [ -71.11521, 9.55667 ], [ -71.11498, 9.55899 ], [ -71.11454, 9.56128 ], [ -71.11389, 9.56353 ], [ -71.11303, 9.5657 ], [ -71.11197, 9.56778 ], [ -71.10741, 9.57579 ], [ -71.10567, 9.57843 ], [ -71.0912, 9.5977 ], [ -71.09127, 9.6016 ], [ -71.09121, 9.60376 ], [ -71.09096, 9.60591 ], [ -71.09053, 9.60803 ], [ -71.07369, 9.67582 ], [ -71.07369, 9.71992 ], [ -71.07357, 9.72236 ], [ -71.07321, 9.72478 ], [ -71.07262, 9.72715 ], [ -71.0718, 9.72945 ], [ -71.07076, 9.73166 ], [ -71.06951, 9.73376 ], [ -71.06806, 9.73573 ], [ -71.06642, 9.73754 ], [ -71.06165, 9.74234 ], [ -71.06387, 9.74833 ], [ -71.0729, 9.75946 ], [ -71.08898, 9.77458 ], [ -71.09051, 9.77615 ], [ -71.09189, 9.77785 ], [ -71.10621, 9.79706 ], [ -71.10755, 9.79903 ], [ -71.10868, 9.80113 ], [ -71.10962, 9.80332 ], [ -71.11034, 9.80559 ], [ -71.11084, 9.80792 ], [ -71.11491, 9.83254 ], [ -71.11519, 9.83501 ], [ -71.11522, 9.8375 ], [ -71.11501, 9.83998 ], [ -71.11456, 9.84243 ], [ -71.11386, 9.84481 ], [ -71.11293, 9.84712 ], [ -71.11177, 9.84932 ], [ -71.1104, 9.8514 ], [ -71.10883, 9.85333 ], [ -71.10708, 9.8551 ], [ -71.10516, 9.85668 ], [ -71.10509, 9.85673 ], [ -71.10879, 9.86083 ], [ -71.11002, 9.8623 ], [ -71.11113, 9.86386 ], [ -71.12863, 9.89049 ], [ -71.17943, 9.95221 ], [ -71.18916, 9.95872 ], [ -71.20196, 9.95612 ], [ -71.20433, 9.95576 ], [ -71.20672, 9.95562 ], [ -71.20912, 9.95572 ], [ -71.21149, 9.95604 ], [ -71.21383, 9.95659 ], [ -71.2161, 9.95736 ], [ -71.21828, 9.95834 ], [ -71.22036, 9.95953 ], [ -71.22232, 9.96091 ], [ -71.22414, 9.96248 ], [ -71.2258, 9.96421 ], [ -71.22728, 9.96609 ], [ -71.22858, 9.9681 ], [ -71.22968, 9.97023 ], [ -71.23057, 9.97246 ], [ -71.23124, 9.97476 ], [ -71.25242, 10.06259 ], [ -71.26825, 10.10362 ], [ -71.28775, 10.13653 ], [ -71.3223, 10.17145 ], [ -71.34035, 10.18449 ], [ -71.37262, 10.19654 ], [ -71.3749, 10.19752 ], [ -71.37706, 10.19872 ], [ -71.3791, 10.20012 ], [ -71.38098, 10.20173 ], [ -71.3827, 10.20351 ], [ -71.38424, 10.20545 ], [ -71.38557, 10.20753 ], [ -71.39489, 10.2238 ], [ -71.39623, 10.2265 ], [ -71.39723, 10.22934 ], [ -71.40741, 10.26481 ], [ -71.41319, 10.27357 ], [ -71.43341, 10.29721 ], [ -71.43508, 10.29938 ], [ -71.4365, 10.30173 ], [ -71.43765, 10.30422 ], [ -71.43852, 10.30682 ], [ -71.44583, 10.33335 ], [ -71.45269, 10.34504 ], [ -71.47159, 10.3675 ], [ -71.48172, 10.37711 ], [ -71.48324, 10.37869 ], [ -71.48462, 10.38039 ], [ -71.48946, 10.38694 ], [ -71.49096, 10.38924 ], [ -71.49221, 10.39168 ], [ -71.49673, 10.40189 ], [ -71.4976, 10.40414 ], [ -71.49825, 10.40647 ], [ -71.49867, 10.40885 ], [ -71.49989, 10.41842 ], [ -71.50008, 10.42091 ], [ -71.50002, 10.42341 ], [ -71.49972, 10.42589 ], [ -71.49916, 10.42833 ], [ -71.49837, 10.4307 ], [ -71.49331, 10.44361 ], [ -71.48816, 10.48721 ], [ -71.48842, 10.48819 ], [ -71.49639, 10.49503 ], [ -71.54022, 10.52386 ], [ -71.54197, 10.52513 ], [ -71.54361, 10.52654 ], [ -71.54512, 10.52809 ], [ -71.54649, 10.52976 ], [ -71.56158, 10.5499 ], [ -71.56302, 10.55204 ], [ -71.56423, 10.55433 ], [ -71.5652, 10.55672 ], [ -71.56591, 10.5592 ], [ -71.56637, 10.56175 ], [ -71.56656, 10.56432 ], [ -71.56713, 10.5895 ], [ -71.56708, 10.59183 ], [ -71.56681, 10.59413 ], [ -71.56632, 10.5964 ], [ -71.56563, 10.59862 ], [ -71.56474, 10.60076 ], [ -71.56365, 10.60281 ], [ -71.55897, 10.61071 ], [ -71.55739, 10.61306 ], [ -71.55556, 10.61521 ], [ -71.5535, 10.61714 ], [ -71.5352, 10.63245 ], [ -71.55419, 10.66344 ], [ -71.55541, 10.66568 ], [ -71.5564, 10.66804 ], [ -71.55714, 10.67049 ], [ -71.55958, 10.68034 ], [ -71.56001, 10.68249 ], [ -71.56025, 10.68468 ], [ -71.5603, 10.68688 ], [ -71.56016, 10.68907 ], [ -71.55912, 10.69859 ], [ -71.56264, 10.69093 ], [ -71.57052, 10.65435 ], [ -71.57118, 10.65189 ], [ -71.57209, 10.64952 ], [ -71.57323, 10.64725 ], [ -71.57459, 10.64511 ] ], [ [ -71.70619, 11.00187 ], [ -71.7245, 11.00541 ], [ -71.70688, 10.98938 ], [ -71.7052, 10.9877 ], [ -71.70425, 10.98656 ], [ -71.70429, 10.98701 ], [ -71.70427, 10.98943 ], [ -71.70401, 10.99185 ], [ -71.70352, 10.99422 ], [ -71.70217, 10.99946 ], [ -71.70619, 11.00187 ] ], [ [ -70.0415, 11.54459 ], [ -70.02217, 11.53937 ], [ -70.01005, 11.54047 ], [ -70.00786, 11.54057 ], [ -70.00566, 11.54048 ], [ -70.00348, 11.54019 ], [ -70.00133, 11.53972 ], [ -69.98385, 11.53504 ], [ -69.98105, 11.53411 ], [ -69.97838, 11.53286 ], [ -69.97413, 11.53055 ], [ -69.96992, 11.53228 ], [ -69.96211, 11.53887 ], [ -69.96007, 11.54042 ], [ -69.95789, 11.54175 ], [ -69.95558, 11.54285 ], [ -69.95317, 11.54371 ], [ -69.95069, 11.54432 ], [ -69.94815, 11.54468 ], [ -69.9456, 11.54477 ], [ -69.94304, 11.5446 ], [ -69.94052, 11.54417 ], [ -69.93806, 11.54348 ], [ -69.91798, 11.53677 ], [ -69.91558, 11.53583 ], [ -69.91329, 11.53465 ], [ -69.91114, 11.53324 ], [ -69.90914, 11.53161 ], [ -69.90732, 11.52979 ], [ -69.9057, 11.52779 ], [ -69.90429, 11.52564 ], [ -69.90312, 11.52335 ], [ -69.90218, 11.52095 ], [ -69.90206, 11.5206 ], [ -69.90135, 11.5207 ], [ -69.89886, 11.52079 ], [ -69.89638, 11.52063 ], [ -69.89393, 11.52023 ], [ -69.89153, 11.51959 ], [ -69.8892, 11.51872 ], [ -69.88698, 11.51761 ], [ -69.88487, 11.5163 ], [ -69.8829, 11.51477 ], [ -69.8811, 11.51306 ], [ -69.87947, 11.51118 ], [ -69.87804, 11.50915 ], [ -69.87682, 11.50699 ], [ -69.87582, 11.50471 ], [ -69.87253, 11.4961 ], [ -69.84442, 11.48054 ], [ -69.84238, 11.47928 ], [ -69.84047, 11.47783 ], [ -69.8387, 11.4762 ], [ -69.8371, 11.47441 ], [ -69.83568, 11.47247 ], [ -69.83446, 11.47041 ], [ -69.82713, 11.45662 ], [ -69.81669, 11.45299 ], [ -69.81493, 11.45401 ], [ -69.81243, 11.46026 ], [ -69.81145, 11.46241 ], [ -69.81028, 11.46446 ], [ -69.80891, 11.46639 ], [ -69.80737, 11.46818 ], [ -69.80567, 11.46982 ], [ -69.80382, 11.47129 ], [ -69.80183, 11.47258 ], [ -69.77533, 11.48809 ], [ -69.77058, 11.49277 ], [ -69.76975, 11.49809 ], [ -69.78605, 11.52456 ], [ -69.78719, 11.52662 ], [ -69.78812, 11.52878 ], [ -69.78886, 11.53101 ], [ -69.78938, 11.5333 ], [ -69.78968, 11.53563 ], [ -69.78976, 11.53798 ], [ -69.78962, 11.54032 ], [ -69.78926, 11.54265 ], [ -69.7875, 11.55132 ], [ -69.78937, 11.55389 ], [ -69.79074, 11.55599 ], [ -69.7919, 11.55821 ], [ -69.79282, 11.56055 ], [ -69.80882, 11.60763 ], [ -69.80962, 11.61054 ], [ -69.81515, 11.63694 ], [ -69.82204, 11.65044 ], [ -69.8238, 11.65027 ], [ -69.82624, 11.65027 ], [ -69.82867, 11.65051 ], [ -69.83107, 11.65098 ], [ -69.83905, 11.65297 ], [ -69.8414, 11.65368 ], [ -69.84368, 11.65463 ], [ -69.84585, 11.65578 ], [ -69.84789, 11.65715 ], [ -69.8498, 11.65871 ], [ -69.85153, 11.66045 ], [ -69.85454, 11.66377 ], [ -69.85662, 11.66109 ], [ -69.85846, 11.65898 ], [ -69.86053, 11.65708 ], [ -69.8644, 11.65391 ], [ -69.86632, 11.65248 ], [ -69.86838, 11.65124 ], [ -69.87054, 11.65021 ], [ -69.87279, 11.64939 ], [ -69.92027, 11.63457 ], [ -69.92299, 11.63388 ], [ -69.92577, 11.63351 ], [ -69.94811, 11.63176 ], [ -69.95053, 11.63168 ], [ -69.95294, 11.63185 ], [ -69.95533, 11.63224 ], [ -69.95767, 11.63287 ], [ -69.95994, 11.63371 ], [ -69.96211, 11.63478 ], [ -69.96418, 11.63605 ], [ -69.9653, 11.6369 ], [ -69.97532, 11.63243 ], [ -69.97768, 11.63151 ], [ -69.98012, 11.63085 ], [ -69.99156, 11.62833 ], [ -69.99384, 11.62793 ], [ -69.99615, 11.62775 ], [ -70.02371, 11.62688 ], [ -70.03197, 11.62511 ], [ -70.03865, 11.62094 ], [ -70.04128, 11.61952 ], [ -70.06321, 11.60926 ], [ -70.0652, 11.60843 ], [ -70.06726, 11.60777 ], [ -70.06937, 11.6073 ], [ -70.07151, 11.60701 ], [ -70.13154, 11.60148 ], [ -70.15153, 11.59183 ], [ -70.11685, 11.58339 ], [ -70.11472, 11.58277 ], [ -70.11265, 11.58196 ], [ -70.11066, 11.58098 ], [ -70.08355, 11.56599 ], [ -70.0415, 11.54459 ] ] ], [ [ [ -81.84415, 7.28807 ], [ -81.84409, 7.29064 ], [ -81.84376, 7.29318 ], [ -81.84317, 7.29568 ], [ -81.84233, 7.2981 ], [ -81.84125, 7.30043 ], [ -81.83993, 7.30263 ], [ -81.83839, 7.30469 ], [ -81.83379, 7.31023 ], [ -81.83209, 7.31208 ], [ -81.83021, 7.31376 ], [ -81.82817, 7.31523 ], [ -81.82599, 7.31649 ], [ -81.8237, 7.31753 ], [ -81.82131, 7.31833 ], [ -81.81886, 7.31889 ], [ -81.81636, 7.3192 ], [ -81.81384, 7.31925 ], [ -81.81133, 7.31905 ], [ -81.80503, 7.31823 ], [ -81.8025, 7.31777 ], [ -81.80004, 7.31705 ], [ -81.79766, 7.31608 ], [ -81.79763, 7.31606 ], [ -81.79741, 7.31607 ], [ -81.79502, 7.3159 ], [ -81.78693, 7.31493 ], [ -81.78402, 7.31441 ], [ -81.77716, 7.31274 ], [ -81.76597, 7.31241 ], [ -81.76354, 7.31222 ], [ -81.76115, 7.31179 ], [ -81.7588, 7.31114 ], [ -81.75654, 7.31026 ], [ -81.75436, 7.30916 ], [ -81.75231, 7.30786 ], [ -81.75039, 7.30636 ], [ -81.74863, 7.30468 ], [ -81.74704, 7.30284 ], [ -81.74563, 7.30086 ], [ -81.74442, 7.29875 ], [ -81.74343, 7.29653 ], [ -81.74265, 7.29422 ], [ -81.74211, 7.29185 ], [ -81.74179, 7.28944 ], [ -81.74171, 7.28701 ], [ -81.74187, 7.28458 ], [ -81.74227, 7.28218 ], [ -81.74289, 7.27983 ], [ -81.74374, 7.27755 ], [ -81.74481, 7.27536 ], [ -81.74609, 7.27329 ], [ -81.74756, 7.27135 ], [ -81.74921, 7.26957 ], [ -81.75103, 7.26795 ], [ -81.75925, 7.26133 ], [ -81.77018, 7.24017 ], [ -81.77145, 7.23804 ], [ -81.7706, 7.23613 ], [ -81.76971, 7.23381 ], [ -81.76905, 7.23141 ], [ -81.76863, 7.22896 ], [ -81.76846, 7.22649 ], [ -81.76853, 7.224 ], [ -81.76885, 7.22154 ], [ -81.76941, 7.21912 ], [ -81.77021, 7.21676 ], [ -81.77124, 7.2145 ], [ -81.77249, 7.21235 ], [ -81.77395, 7.21034 ], [ -81.77559, 7.20848 ], [ -81.77742, 7.2068 ], [ -81.7794, 7.2053 ], [ -81.78153, 7.20401 ], [ -81.78377, 7.20293 ], [ -81.7861, 7.20208 ], [ -81.78851, 7.20147 ], [ -81.79097, 7.2011 ], [ -81.79345, 7.20098 ], [ -81.80089, 7.20098 ], [ -81.80328, 7.20109 ], [ -81.80565, 7.20144 ], [ -81.80797, 7.202 ], [ -81.81023, 7.20279 ], [ -81.8124, 7.20379 ], [ -81.81447, 7.20499 ], [ -81.81642, 7.20639 ], [ -81.81822, 7.20796 ], [ -81.81986, 7.2097 ], [ -81.82133, 7.21159 ], [ -81.82261, 7.21361 ], [ -81.8237, 7.21574 ], [ -81.82457, 7.21797 ], [ -81.83991, 7.2633 ], [ -81.84061, 7.26578 ], [ -81.84105, 7.26833 ], [ -81.84123, 7.2709 ], [ -81.84114, 7.27348 ], [ -81.84102, 7.27432 ], [ -81.84143, 7.27509 ], [ -81.84239, 7.27746 ], [ -81.8431, 7.27991 ], [ -81.84355, 7.28242 ], [ -81.84395, 7.28551 ], [ -81.84415, 7.28807 ] ] ], [ [ [ -81.8546, 7.58054 ], [ -81.8541, 7.58277 ], [ -81.85339, 7.58495 ], [ -81.85249, 7.58705 ], [ -81.8514, 7.58907 ], [ -81.84586, 7.59826 ], [ -81.84463, 7.60011 ], [ -81.84324, 7.60184 ], [ -81.8417, 7.60345 ], [ -81.84002, 7.60491 ], [ -81.83822, 7.60621 ], [ -81.83057, 7.61126 ], [ -81.82853, 7.61247 ], [ -81.82639, 7.61349 ], [ -81.82416, 7.61429 ], [ -81.82186, 7.61488 ], [ -81.8087, 7.6176 ], [ -81.78487, 7.635 ], [ -81.78348, 7.63589 ], [ -81.78364, 7.63638 ], [ -81.78431, 7.63878 ], [ -81.78473, 7.64123 ], [ -81.78491, 7.64371 ], [ -81.78485, 7.6462 ], [ -81.78453, 7.64867 ], [ -81.78397, 7.65109 ], [ -81.78317, 7.65345 ], [ -81.78215, 7.65572 ], [ -81.7809, 7.65787 ], [ -81.77944, 7.65989 ], [ -81.77779, 7.66175 ], [ -81.77597, 7.66344 ], [ -81.77398, 7.66494 ], [ -81.77186, 7.66624 ], [ -81.76962, 7.66731 ], [ -81.76728, 7.66816 ], [ -81.76487, 7.66878 ], [ -81.76241, 7.66915 ], [ -81.75992, 7.66927 ], [ -81.75251, 7.66927 ], [ -81.75006, 7.66915 ], [ -81.74763, 7.66879 ], [ -81.74626, 7.66844 ], [ -81.74252, 7.669 ], [ -81.74007, 7.66924 ], [ -81.7376, 7.66924 ], [ -81.73515, 7.669 ], [ -81.73273, 7.66851 ], [ -81.73037, 7.66779 ], [ -81.7281, 7.66684 ], [ -81.72593, 7.66568 ], [ -81.72388, 7.6643 ], [ -81.72198, 7.66273 ], [ -81.72024, 7.66098 ], [ -81.71869, 7.65907 ], [ -81.71733, 7.65701 ], [ -81.71618, 7.65483 ], [ -81.71525, 7.65254 ], [ -81.69259, 7.58793 ], [ -81.69198, 7.58591 ], [ -81.69153, 7.58385 ], [ -81.69127, 7.58176 ], [ -81.69085, 7.57675 ], [ -81.68474, 7.56791 ], [ -81.68337, 7.56568 ], [ -81.68266, 7.56421 ], [ -81.68203, 7.564 ], [ -81.67943, 7.56282 ], [ -81.67698, 7.56136 ], [ -81.6704, 7.55689 ], [ -81.66673, 7.55549 ], [ -81.66439, 7.55445 ], [ -81.66216, 7.55318 ], [ -81.66007, 7.55168 ], [ -81.65815, 7.54998 ], [ -81.65641, 7.54809 ], [ -81.65488, 7.54604 ], [ -81.65101, 7.54026 ], [ -81.64969, 7.53806 ], [ -81.64861, 7.53574 ], [ -81.64777, 7.53333 ], [ -81.64719, 7.53084 ], [ -81.64686, 7.5283 ], [ -81.6456, 7.51219 ], [ -81.64552, 7.50976 ], [ -81.64569, 7.50734 ], [ -81.64609, 7.50495 ], [ -81.64671, 7.50261 ], [ -81.64757, 7.50034 ], [ -81.64863, 7.49816 ], [ -81.64991, 7.49609 ], [ -81.65138, 7.49416 ], [ -81.65302, 7.49238 ], [ -81.65484, 7.49077 ], [ -81.6607, 7.48605 ], [ -81.66285, 7.4845 ], [ -81.66515, 7.48319 ], [ -81.66757, 7.48212 ], [ -81.68652, 7.47499 ], [ -81.69168, 7.45481 ], [ -81.67805, 7.4426 ], [ -81.67633, 7.44091 ], [ -81.67478, 7.43905 ], [ -81.67342, 7.43705 ], [ -81.67226, 7.43493 ], [ -81.6713, 7.43271 ], [ -81.6676, 7.42278 ], [ -81.66744, 7.42228 ], [ -81.66438, 7.42228 ], [ -81.66196, 7.42216 ], [ -81.65956, 7.42181 ], [ -81.65721, 7.42123 ], [ -81.65492, 7.42042 ], [ -81.65273, 7.4194 ], [ -81.64743, 7.4166 ], [ -81.62439, 7.41876 ], [ -81.62202, 7.41887 ], [ -81.61964, 7.41875 ], [ -81.61729, 7.41841 ], [ -81.61498, 7.41785 ], [ -81.61273, 7.41707 ], [ -81.61057, 7.41607 ], [ -81.60852, 7.41488 ], [ -81.60658, 7.4135 ], [ -81.60479, 7.41194 ], [ -81.60315, 7.41022 ], [ -81.59696, 7.40306 ], [ -81.5953, 7.40092 ], [ -81.59388, 7.3986 ], [ -81.56601, 7.34708 ], [ -81.56494, 7.34486 ], [ -81.5641, 7.34254 ], [ -81.5635, 7.34014 ], [ -81.56313, 7.3377 ], [ -81.563, 7.33524 ], [ -81.56312, 7.33277 ], [ -81.56348, 7.33033 ], [ -81.56408, 7.32793 ], [ -81.56491, 7.32561 ], [ -81.56597, 7.32337 ], [ -81.56724, 7.32126 ], [ -81.56872, 7.31928 ], [ -81.57038, 7.31745 ], [ -81.57222, 7.3158 ], [ -81.57421, 7.31434 ], [ -81.57633, 7.31308 ], [ -81.57857, 7.31204 ], [ -81.59725, 7.30443 ], [ -81.59998, 7.3035 ], [ -81.62146, 7.29752 ], [ -81.62363, 7.29701 ], [ -81.62584, 7.29671 ], [ -81.62807, 7.2966 ], [ -81.64931, 7.29652 ], [ -81.65191, 7.29665 ], [ -81.65449, 7.29704 ], [ -81.65701, 7.29771 ], [ -81.65945, 7.29863 ], [ -81.66178, 7.2998 ], [ -81.69167, 7.31685 ], [ -81.72889, 7.31949 ], [ -81.73084, 7.31971 ], [ -81.73276, 7.32007 ], [ -81.75189, 7.3245 ], [ -81.75418, 7.32515 ], [ -81.7564, 7.32601 ], [ -81.75853, 7.32708 ], [ -81.76054, 7.32835 ], [ -81.76243, 7.3298 ], [ -81.77288, 7.33867 ], [ -81.77521, 7.34093 ], [ -81.79671, 7.3646 ], [ -81.81273, 7.37404 ], [ -81.81449, 7.37518 ], [ -81.81614, 7.37646 ], [ -81.85797, 7.41169 ], [ -81.85991, 7.4135 ], [ -81.86164, 7.41551 ], [ -81.86315, 7.4177 ], [ -81.86443, 7.42003 ], [ -81.88513, 7.46333 ], [ -81.88981, 7.46764 ], [ -81.89137, 7.46921 ], [ -81.89278, 7.47092 ], [ -81.89404, 7.47274 ], [ -81.89514, 7.47467 ], [ -81.89738, 7.47906 ], [ -81.89835, 7.4812 ], [ -81.89911, 7.48342 ], [ -81.9068, 7.50979 ], [ -81.90737, 7.51219 ], [ -81.90771, 7.51464 ], [ -81.9078, 7.51711 ], [ -81.90765, 7.51957 ], [ -81.90725, 7.52201 ], [ -81.90662, 7.52439 ], [ -81.90575, 7.5267 ], [ -81.90466, 7.52892 ], [ -81.90336, 7.53102 ], [ -81.90185, 7.53297 ], [ -81.90016, 7.53478 ], [ -81.89831, 7.5364 ], [ -81.8963, 7.53783 ], [ -81.89416, 7.53906 ], [ -81.8919, 7.54007 ], [ -81.88956, 7.54086 ], [ -81.88716, 7.54141 ], [ -81.88326, 7.5421 ], [ -81.88111, 7.54238 ], [ -81.87895, 7.54248 ], [ -81.8673, 7.5425 ], [ -81.85804, 7.55896 ], [ -81.85714, 7.5604 ], [ -81.85667, 7.56251 ], [ -81.85639, 7.56922 ], [ -81.85602, 7.57256 ], [ -81.8546, 7.58054 ] ] ], [ [ [ -81.08424, 7.60637 ], [ -81.08197, 7.60594 ], [ -81.07975, 7.60531 ], [ -81.06937, 7.60181 ], [ -81.0599, 7.60058 ], [ -81.03293, 7.60043 ], [ -81.03046, 7.60029 ], [ -81.02802, 7.59992 ], [ -81.02563, 7.5993 ], [ -81.02331, 7.59845 ], [ -81.02109, 7.59737 ], [ -81.01898, 7.59608 ], [ -81.01701, 7.59459 ], [ -81.0152, 7.59291 ], [ -81.01356, 7.59106 ], [ -81.01211, 7.58906 ], [ -81.01087, 7.58693 ], [ -81.00984, 7.58468 ], [ -81.00904, 7.58234 ], [ -81.00848, 7.57994 ], [ -81.00815, 7.57749 ], [ -81.00807, 7.57502 ], [ -81.00824, 7.57256 ], [ -81.00864, 7.57012 ], [ -81.00928, 7.56773 ], [ -81.01016, 7.56542 ], [ -81.01126, 7.56321 ], [ -81.02318, 7.54193 ], [ -81.02436, 7.54003 ], [ -81.0257, 7.53824 ], [ -81.03356, 7.52871 ], [ -81.03509, 7.52703 ], [ -81.03675, 7.52549 ], [ -81.03855, 7.52411 ], [ -81.04047, 7.5229 ], [ -81.04249, 7.52187 ], [ -81.0446, 7.52102 ], [ -81.05447, 7.51757 ], [ -81.06404, 7.51289 ], [ -81.06604, 7.51202 ], [ -81.06811, 7.51133 ], [ -81.07023, 7.51081 ], [ -81.07796, 7.5093 ], [ -81.08042, 7.50895 ], [ -81.0829, 7.50884 ], [ -81.08538, 7.50898 ], [ -81.08783, 7.50936 ], [ -81.09023, 7.50999 ], [ -81.09256, 7.51085 ], [ -81.10123, 7.51455 ], [ -81.10322, 7.5155 ], [ -81.10512, 7.51663 ], [ -81.10691, 7.51791 ], [ -81.11156, 7.52158 ], [ -81.11227, 7.52197 ], [ -81.1133, 7.52221 ], [ -81.11542, 7.52231 ], [ -81.11574, 7.52171 ], [ -81.11732, 7.51912 ], [ -81.11921, 7.51673 ], [ -81.12433, 7.511 ], [ -81.12594, 7.50936 ], [ -81.1277, 7.50787 ], [ -81.12958, 7.50655 ], [ -81.13158, 7.50541 ], [ -81.15511, 7.49336 ], [ -81.16594, 7.48072 ], [ -81.16779, 7.47878 ], [ -81.16983, 7.47705 ], [ -81.17205, 7.47556 ], [ -81.17787, 7.47206 ], [ -81.17985, 7.47098 ], [ -81.18192, 7.47009 ], [ -81.18406, 7.46939 ], [ -81.18626, 7.46889 ], [ -81.1885, 7.46858 ], [ -81.19075, 7.46848 ], [ -81.19913, 7.46848 ], [ -81.20187, 7.46863 ], [ -81.20458, 7.46908 ], [ -81.21402, 7.47119 ], [ -81.21629, 7.47181 ], [ -81.21848, 7.47264 ], [ -81.21905, 7.47288 ], [ -81.23743, 7.46646 ], [ -81.23979, 7.46576 ], [ -81.24221, 7.4653 ], [ -81.24466, 7.46508 ], [ -81.24712, 7.4651 ], [ -81.25338, 7.46546 ], [ -81.25579, 7.46572 ], [ -81.25817, 7.46621 ], [ -81.26049, 7.46693 ], [ -81.26273, 7.46787 ], [ -81.26487, 7.46902 ], [ -81.26688, 7.47038 ], [ -81.26876, 7.47192 ], [ -81.27047, 7.47364 ], [ -81.27201, 7.47552 ], [ -81.27336, 7.47753 ], [ -81.27451, 7.47967 ], [ -81.27545, 7.48192 ], [ -81.27616, 7.48424 ], [ -81.27665, 7.48662 ], [ -81.2769, 7.48903 ], [ -81.27692, 7.49146 ], [ -81.2767, 7.49388 ], [ -81.27625, 7.49627 ], [ -81.27557, 7.4986 ], [ -81.27466, 7.50085 ], [ -81.27354, 7.50301 ], [ -81.27222, 7.50504 ], [ -81.26286, 7.51802 ], [ -81.26052, 7.52081 ], [ -81.25084, 7.53078 ], [ -81.24946, 7.5321 ], [ -81.24798, 7.53331 ], [ -81.23781, 7.541 ], [ -81.23596, 7.54227 ], [ -81.23401, 7.54337 ], [ -81.23197, 7.54429 ], [ -81.21968, 7.54918 ], [ -81.21699, 7.55008 ], [ -81.2142, 7.55067 ], [ -81.18538, 7.55505 ], [ -81.18361, 7.55661 ], [ -81.17924, 7.56414 ], [ -81.1779, 7.56619 ], [ -81.17638, 7.56811 ], [ -81.16792, 7.57771 ], [ -81.1663, 7.57938 ], [ -81.16453, 7.5809 ], [ -81.16263, 7.58224 ], [ -81.16061, 7.5834 ], [ -81.14702, 7.5904 ], [ -81.1441, 7.59168 ], [ -81.1266, 7.59803 ], [ -81.12375, 7.59888 ], [ -81.0934, 7.60596 ], [ -81.09113, 7.60638 ], [ -81.08884, 7.60659 ], [ -81.08653, 7.60658 ], [ -81.08424, 7.60637 ] ] ], [ [ [ -82.35765, 8.14371 ], [ -82.35582, 8.1449 ], [ -82.34504, 8.15125 ], [ -82.34292, 8.15237 ], [ -82.3407, 8.15328 ], [ -82.3384, 8.15397 ], [ -82.33605, 8.15444 ], [ -82.33366, 8.15468 ], [ -82.32202, 8.15529 ], [ -82.31958, 8.15529 ], [ -82.31716, 8.15507 ], [ -82.31476, 8.1546 ], [ -82.31243, 8.15391 ], [ -82.31017, 8.15299 ], [ -82.30802, 8.15186 ], [ -82.30598, 8.15052 ], [ -82.30408, 8.14899 ], [ -82.30235, 8.14728 ], [ -82.30078, 8.14542 ], [ -82.29941, 8.1434 ], [ -82.29824, 8.14127 ], [ -82.29728, 8.13903 ], [ -82.29492, 8.13268 ], [ -82.29422, 8.13051 ], [ -82.29372, 8.12828 ], [ -82.29343, 8.12601 ], [ -82.29335, 8.12373 ], [ -82.29348, 8.12145 ], [ -82.29433, 8.11299 ], [ -82.29334, 8.10222 ], [ -82.29323, 8.09983 ], [ -82.29335, 8.09743 ], [ -82.29371, 8.09506 ], [ -82.29429, 8.09273 ], [ -82.29509, 8.09046 ], [ -82.2961, 8.08829 ], [ -82.29732, 8.08622 ], [ -82.29873, 8.08428 ], [ -82.30032, 8.08248 ], [ -82.30207, 8.08084 ], [ -82.30398, 8.07938 ], [ -82.30601, 8.07811 ], [ -82.30816, 8.07704 ], [ -82.32647, 8.06898 ], [ -82.32876, 8.0681 ], [ -82.3397, 8.06452 ], [ -82.34235, 8.06381 ], [ -82.34505, 8.0634 ], [ -82.35962, 8.06198 ], [ -82.36211, 8.06186 ], [ -82.3646, 8.06199 ], [ -82.36707, 8.06237 ], [ -82.36948, 8.06299 ], [ -82.37182, 8.06385 ], [ -82.37406, 8.06494 ], [ -82.37619, 8.06624 ], [ -82.37817, 8.06775 ], [ -82.37999, 8.06945 ], [ -82.38164, 8.07132 ], [ -82.38309, 8.07335 ], [ -82.38433, 8.07551 ], [ -82.38534, 8.07779 ], [ -82.38613, 8.08015 ], [ -82.38668, 8.08258 ], [ -82.38698, 8.08505 ], [ -82.38704, 8.08755 ], [ -82.38685, 8.09003 ], [ -82.38641, 8.09248 ], [ -82.3836, 8.10465 ], [ -82.38304, 8.10669 ], [ -82.3823, 8.10868 ], [ -82.38141, 8.11059 ], [ -82.37462, 8.12361 ], [ -82.37329, 8.12585 ], [ -82.37174, 8.12795 ], [ -82.36242, 8.13926 ], [ -82.36096, 8.14088 ], [ -82.35937, 8.14237 ], [ -82.35765, 8.14371 ] ] ], [ [ [ -79.15427, 8.2899 ], [ -79.1539, 8.29226 ], [ -79.15331, 8.29457 ], [ -79.1484, 8.31059 ], [ -79.14753, 8.31299 ], [ -79.14642, 8.31529 ], [ -79.14508, 8.31746 ], [ -79.14352, 8.31948 ], [ -79.13145, 8.33363 ], [ -79.12969, 8.3355 ], [ -79.12774, 8.33717 ], [ -79.12564, 8.33864 ], [ -79.1234, 8.33988 ], [ -79.12104, 8.34088 ], [ -79.11859, 8.34164 ], [ -79.11607, 8.34214 ], [ -79.10853, 8.34325 ], [ -79.10611, 8.34349 ], [ -79.10368, 8.34349 ], [ -79.10126, 8.34326 ], [ -79.09888, 8.34279 ], [ -79.09436, 8.34167 ], [ -79.09213, 8.341 ], [ -79.08998, 8.34014 ], [ -79.08792, 8.33908 ], [ -79.08596, 8.33783 ], [ -79.08413, 8.33641 ], [ -79.08244, 8.33482 ], [ -79.07695, 8.32917 ], [ -79.07523, 8.3272 ], [ -79.07372, 8.32506 ], [ -79.07244, 8.32277 ], [ -79.07141, 8.32037 ], [ -79.07064, 8.31787 ], [ -79.07052, 8.3174 ], [ -79.06528, 8.30724 ], [ -79.06434, 8.30519 ], [ -79.06359, 8.30307 ], [ -79.06303, 8.30088 ], [ -79.06013, 8.28697 ], [ -79.05875, 8.28629 ], [ -79.05651, 8.28487 ], [ -79.05126, 8.28114 ], [ -79.04931, 8.2796 ], [ -79.04752, 8.27788 ], [ -79.04591, 8.27598 ], [ -79.04449, 8.27394 ], [ -79.04329, 8.27176 ], [ -79.04231, 8.26948 ], [ -79.04156, 8.26711 ], [ -79.04105, 8.26467 ], [ -79.04078, 8.2622 ], [ -79.04076, 8.25972 ], [ -79.04099, 8.25724 ], [ -79.04146, 8.2548 ], [ -79.04217, 8.25242 ], [ -79.04312, 8.25012 ], [ -79.04429, 8.24792 ], [ -79.04567, 8.24586 ], [ -79.04725, 8.24394 ], [ -79.04901, 8.24218 ], [ -79.05313, 8.23847 ], [ -79.05517, 8.23682 ], [ -79.05737, 8.23539 ], [ -79.05971, 8.2342 ], [ -79.06217, 8.23326 ], [ -79.0647, 8.23259 ], [ -79.0735, 8.23073 ], [ -79.07351, 8.22971 ], [ -79.07365, 8.22722 ], [ -79.07404, 8.22477 ], [ -79.07467, 8.22236 ], [ -79.07553, 8.22003 ], [ -79.07662, 8.2178 ], [ -79.07793, 8.21568 ], [ -79.07945, 8.21371 ], [ -79.08115, 8.21189 ], [ -79.08302, 8.21026 ], [ -79.08455, 8.20917 ], [ -79.08457, 8.20891 ], [ -79.08485, 8.20644 ], [ -79.08537, 8.204 ], [ -79.08614, 8.20163 ], [ -79.08713, 8.19934 ], [ -79.08835, 8.19717 ], [ -79.08978, 8.19513 ], [ -79.0914, 8.19324 ], [ -79.09321, 8.19152 ], [ -79.09518, 8.18999 ], [ -79.09729, 8.18867 ], [ -79.09952, 8.18756 ], [ -79.10185, 8.18668 ], [ -79.10425, 8.18603 ], [ -79.10671, 8.18563 ], [ -79.1199, 8.18414 ], [ -79.12226, 8.18398 ], [ -79.12462, 8.18405 ], [ -79.12697, 8.18435 ], [ -79.12928, 8.18486 ], [ -79.13152, 8.18558 ], [ -79.13369, 8.18652 ], [ -79.13576, 8.18766 ], [ -79.13772, 8.18899 ], [ -79.13954, 8.19049 ], [ -79.14121, 8.19216 ], [ -79.14271, 8.19399 ], [ -79.14404, 8.19594 ], [ -79.14518, 8.19801 ], [ -79.16247, 8.23343 ], [ -79.16343, 8.23567 ], [ -79.16417, 8.23799 ], [ -79.16467, 8.24038 ], [ -79.16495, 8.2428 ], [ -79.16499, 8.24523 ], [ -79.16479, 8.24766 ], [ -79.16435, 8.25006 ], [ -79.16132, 8.2631 ], [ -79.16066, 8.26544 ], [ -79.15977, 8.2677 ], [ -79.15866, 8.26986 ], [ -79.15736, 8.27191 ], [ -79.15585, 8.27382 ], [ -79.15417, 8.27558 ], [ -79.15233, 8.27716 ], [ -79.15232, 8.27717 ], [ -79.15272, 8.2782 ], [ -79.15347, 8.28046 ], [ -79.15401, 8.28278 ], [ -79.15432, 8.28514 ], [ -79.15441, 8.28752 ], [ -79.15427, 8.2899 ] ] ], [ [ [ -78.99801, 8.43532 ], [ -78.99884, 8.43782 ], [ -78.99939, 8.4404 ], [ -78.99967, 8.44303 ], [ -78.99968, 8.44566 ], [ -78.9994, 8.44829 ], [ -78.99885, 8.45087 ], [ -78.99506, 8.46495 ], [ -78.99431, 8.46729 ], [ -78.99332, 8.46954 ], [ -78.99212, 8.47169 ], [ -78.99072, 8.47371 ], [ -78.98912, 8.47558 ], [ -78.98735, 8.47729 ], [ -78.98542, 8.47881 ], [ -78.98335, 8.48014 ], [ -78.98116, 8.48126 ], [ -78.97887, 8.48215 ], [ -78.9765, 8.48282 ], [ -78.97408, 8.48325 ], [ -78.97162, 8.48344 ], [ -78.95883, 8.4838 ], [ -78.95627, 8.48374 ], [ -78.95372, 8.48342 ], [ -78.95122, 8.48284 ], [ -78.9488, 8.482 ], [ -78.94667, 8.48101 ], [ -78.91861, 8.49302 ], [ -78.91636, 8.49386 ], [ -78.91403, 8.49448 ], [ -78.91166, 8.49487 ], [ -78.90925, 8.49504 ], [ -78.90685, 8.49497 ], [ -78.90446, 8.49466 ], [ -78.90426, 8.49461 ], [ -78.90243, 8.49579 ], [ -78.90028, 8.4969 ], [ -78.89804, 8.49779 ], [ -78.89572, 8.49846 ], [ -78.89334, 8.49891 ], [ -78.89093, 8.49912 ], [ -78.88851, 8.4991 ], [ -78.88611, 8.49885 ], [ -78.88374, 8.49836 ], [ -78.88143, 8.49765 ], [ -78.8792, 8.49672 ], [ -78.87707, 8.49558 ], [ -78.85627, 8.4831 ], [ -78.8544, 8.48186 ], [ -78.85265, 8.48046 ], [ -78.85104, 8.47891 ], [ -78.84957, 8.47723 ], [ -78.84322, 8.46925 ], [ -78.84189, 8.46742 ], [ -78.84074, 8.46548 ], [ -78.83977, 8.46345 ], [ -78.83521, 8.45271 ], [ -78.8345, 8.45082 ], [ -78.83394, 8.44889 ], [ -78.8311, 8.43729 ], [ -78.83071, 8.43542 ], [ -78.83048, 8.43353 ], [ -78.83044, 8.4331 ], [ -78.82842, 8.4319 ], [ -78.82637, 8.43038 ], [ -78.82448, 8.42867 ], [ -78.82278, 8.42677 ], [ -78.82128, 8.4247 ], [ -78.82, 8.4225 ], [ -78.81328, 8.40944 ], [ -78.81233, 8.40737 ], [ -78.81157, 8.40522 ], [ -78.81102, 8.40301 ], [ -78.81066, 8.40076 ], [ -78.81051, 8.39848 ], [ -78.81057, 8.39621 ], [ -78.81084, 8.39394 ], [ -78.81267, 8.38281 ], [ -78.81321, 8.38032 ], [ -78.814, 8.3779 ], [ -78.81504, 8.37557 ], [ -78.81631, 8.37336 ], [ -78.81779, 8.37129 ], [ -78.81948, 8.36938 ], [ -78.81993, 8.36896 ], [ -78.81232, 8.35439 ], [ -78.81133, 8.35224 ], [ -78.81054, 8.35 ], [ -78.80996, 8.3477 ], [ -78.80961, 8.34536 ], [ -78.80948, 8.34299 ], [ -78.80958, 8.34062 ], [ -78.8099, 8.33827 ], [ -78.81044, 8.33596 ], [ -78.81119, 8.33371 ], [ -78.81992, 8.31136 ], [ -78.82087, 8.30924 ], [ -78.82201, 8.30721 ], [ -78.82333, 8.3053 ], [ -78.82482, 8.30352 ], [ -78.82648, 8.30189 ], [ -78.82738, 8.30108 ], [ -78.82738, 8.30105 ], [ -78.82771, 8.29873 ], [ -78.82825, 8.29645 ], [ -78.829, 8.29423 ], [ -78.82995, 8.29209 ], [ -78.8311, 8.29005 ], [ -78.83244, 8.28812 ], [ -78.83818, 8.28063 ], [ -78.83976, 8.27876 ], [ -78.84153, 8.27705 ], [ -78.84345, 8.27553 ], [ -78.84551, 8.27419 ], [ -78.84769, 8.27307 ], [ -78.84998, 8.27217 ], [ -78.85234, 8.27149 ], [ -78.85475, 8.27105 ], [ -78.8572, 8.27085 ], [ -78.85965, 8.27089 ], [ -78.87204, 8.2717 ], [ -78.87456, 8.272 ], [ -78.87704, 8.27255 ], [ -78.87945, 8.27334 ], [ -78.88177, 8.27438 ], [ -78.8823, 8.27469 ], [ -78.89167, 8.27288 ], [ -78.89407, 8.27254 ], [ -78.89518, 8.27249 ], [ -78.89519, 8.2722 ], [ -78.89526, 8.27163 ], [ -78.8939, 8.27002 ], [ -78.89236, 8.268 ], [ -78.89104, 8.26584 ], [ -78.88994, 8.26356 ], [ -78.88908, 8.26118 ], [ -78.88846, 8.25872 ], [ -78.8881, 8.25621 ], [ -78.88769, 8.25183 ], [ -78.88653, 8.25133 ], [ -78.88432, 8.2501 ], [ -78.88224, 8.24865 ], [ -78.88032, 8.24699 ], [ -78.87857, 8.24515 ], [ -78.87703, 8.24315 ], [ -78.87569, 8.24099 ], [ -78.87458, 8.23872 ], [ -78.8737, 8.23634 ], [ -78.87307, 8.23388 ], [ -78.87269, 8.23138 ], [ -78.87257, 8.22884 ], [ -78.87258, 8.22437 ], [ -78.87271, 8.22192 ], [ -78.87307, 8.21948 ], [ -78.87368, 8.2171 ], [ -78.87452, 8.21479 ], [ -78.87557, 8.21257 ], [ -78.87685, 8.21046 ], [ -78.87832, 8.20849 ], [ -78.87998, 8.20667 ], [ -78.88181, 8.20503 ], [ -78.88822, 8.19982 ], [ -78.89023, 8.19835 ], [ -78.89238, 8.19708 ], [ -78.89464, 8.19604 ], [ -78.89699, 8.19522 ], [ -78.89941, 8.19464 ], [ -78.90188, 8.19431 ], [ -78.90437, 8.19422 ], [ -78.90686, 8.19439 ], [ -78.90932, 8.19479 ], [ -78.91172, 8.19545 ], [ -78.91405, 8.19633 ], [ -78.91628, 8.19745 ], [ -78.93021, 8.20531 ], [ -78.93202, 8.20643 ], [ -78.93372, 8.20771 ], [ -78.94425, 8.2163 ], [ -78.9461, 8.21796 ], [ -78.94776, 8.2198 ], [ -78.94924, 8.22179 ], [ -78.95052, 8.22392 ], [ -78.95157, 8.22616 ], [ -78.9524, 8.2285 ], [ -78.95299, 8.23091 ], [ -78.95334, 8.23337 ], [ -78.95345, 8.23585 ], [ -78.95331, 8.23832 ], [ -78.95232, 8.24762 ], [ -78.95658, 8.26249 ], [ -78.95662, 8.26255 ], [ -78.968, 8.26752 ], [ -78.97019, 8.2686 ], [ -78.97225, 8.26989 ], [ -78.97859, 8.27429 ], [ -78.98045, 8.27571 ], [ -78.98217, 8.2773 ], [ -78.98373, 8.27904 ], [ -78.98512, 8.28093 ], [ -78.98632, 8.28293 ], [ -78.99188, 8.2932 ], [ -78.99293, 8.29538 ], [ -78.99377, 8.29765 ], [ -78.99437, 8.3 ], [ -78.99475, 8.30239 ], [ -78.9949, 8.30481 ], [ -78.99481, 8.30723 ], [ -78.99449, 8.30963 ], [ -78.99393, 8.31199 ], [ -78.98944, 8.32766 ], [ -78.98856, 8.3302 ], [ -78.98741, 8.33264 ], [ -78.98601, 8.33493 ], [ -78.98437, 8.33707 ], [ -78.98148, 8.34043 ], [ -78.9814, 8.34085 ], [ -78.98569, 8.34552 ], [ -78.9873, 8.34746 ], [ -78.98871, 8.34956 ], [ -78.9899, 8.35178 ], [ -78.99086, 8.35412 ], [ -78.99349, 8.36158 ], [ -78.99419, 8.36393 ], [ -78.99466, 8.36634 ], [ -78.99489, 8.36878 ], [ -78.99487, 8.37123 ], [ -78.99462, 8.37367 ], [ -78.99413, 8.37607 ], [ -78.99341, 8.37842 ], [ -78.99246, 8.38068 ], [ -78.9913, 8.38283 ], [ -78.98694, 8.39005 ], [ -78.98997, 8.40213 ], [ -78.99045, 8.40452 ], [ -78.99069, 8.40696 ], [ -78.99069, 8.4094 ], [ -78.99046, 8.41183 ], [ -78.99003, 8.41476 ], [ -78.99801, 8.43532 ] ] ], [ [ [ -79.15439, 8.39897 ], [ -79.15486, 8.4014 ], [ -79.15508, 8.40386 ], [ -79.15506, 8.40634 ], [ -79.15479, 8.4088 ], [ -79.15428, 8.41122 ], [ -79.15353, 8.41358 ], [ -79.15256, 8.41586 ], [ -79.1407, 8.4401 ], [ -79.1395, 8.44226 ], [ -79.1381, 8.4443 ], [ -79.1365, 8.44618 ], [ -79.13472, 8.44791 ], [ -79.13279, 8.44944 ], [ -79.13071, 8.45078 ], [ -79.12851, 8.4519 ], [ -79.1262, 8.45281 ], [ -79.12382, 8.45348 ], [ -79.12139, 8.45391 ], [ -79.11893, 8.4541 ], [ -79.11645, 8.45405 ], [ -79.114, 8.45375 ], [ -79.11159, 8.45321 ], [ -79.10924, 8.45243 ], [ -79.10698, 8.45143 ], [ -79.10483, 8.45021 ], [ -79.10281, 8.44878 ], [ -79.09577, 8.44326 ], [ -79.09368, 8.44387 ], [ -79.09121, 8.44433 ], [ -79.08871, 8.44453 ], [ -79.0862, 8.44448 ], [ -79.08371, 8.44418 ], [ -79.08126, 8.44363 ], [ -79.07888, 8.44284 ], [ -79.07659, 8.44181 ], [ -79.07441, 8.44056 ], [ -79.06891, 8.43702 ], [ -79.06688, 8.43557 ], [ -79.06501, 8.43393 ], [ -79.06332, 8.4321 ], [ -79.06181, 8.43012 ], [ -79.06051, 8.428 ], [ -79.05942, 8.42575 ], [ -79.05857, 8.42342 ], [ -79.05795, 8.421 ], [ -79.05757, 8.41854 ], [ -79.05744, 8.41605 ], [ -79.05756, 8.41356 ], [ -79.0578, 8.41195 ], [ -79.05694, 8.41055 ], [ -79.05588, 8.40837 ], [ -79.05504, 8.40609 ], [ -79.05442, 8.40375 ], [ -79.05403, 8.40135 ], [ -79.05387, 8.39893 ], [ -79.05395, 8.3965 ], [ -79.05427, 8.39409 ], [ -79.05565, 8.38647 ], [ -79.05617, 8.38423 ], [ -79.05689, 8.38204 ], [ -79.0578, 8.37992 ], [ -79.06194, 8.37148 ], [ -79.06305, 8.36946 ], [ -79.06435, 8.36755 ], [ -79.06581, 8.36576 ], [ -79.06743, 8.36412 ], [ -79.06919, 8.36264 ], [ -79.07109, 8.36132 ], [ -79.07954, 8.35601 ], [ -79.08172, 8.35479 ], [ -79.08401, 8.35379 ], [ -79.08639, 8.35303 ], [ -79.08883, 8.3525 ], [ -79.09132, 8.35223 ], [ -79.09382, 8.3522 ], [ -79.0963, 8.35242 ], [ -79.09876, 8.35289 ], [ -79.10116, 8.3536 ], [ -79.10347, 8.35455 ], [ -79.10567, 8.35573 ], [ -79.10775, 8.35711 ], [ -79.14501, 8.3848 ], [ -79.14692, 8.38638 ], [ -79.14867, 8.38813 ], [ -79.15023, 8.39005 ], [ -79.1516, 8.39211 ], [ -79.15276, 8.3943 ], [ -79.15369, 8.39659 ], [ -79.15439, 8.39897 ] ] ], [ [ [ -82.5465, 9.58879 ], [ -82.45027, 9.51367 ], [ -82.44802, 9.51169 ], [ -82.39155, 9.45553 ], [ -82.37037, 9.4441 ], [ -82.35669, 9.45328 ], [ -82.35455, 9.45457 ], [ -82.35229, 9.45563 ], [ -82.34994, 9.45647 ], [ -82.34752, 9.45706 ], [ -82.34505, 9.45742 ], [ -82.34255, 9.45752 ], [ -82.34006, 9.45737 ], [ -82.3376, 9.45698 ], [ -82.33519, 9.45634 ], [ -82.33285, 9.45547 ], [ -82.33061, 9.45437 ], [ -82.32849, 9.45305 ], [ -82.32652, 9.45152 ], [ -82.3247, 9.44981 ], [ -82.32307, 9.44792 ], [ -82.32287, 9.44764 ], [ -82.31674, 9.45227 ], [ -82.31495, 9.4535 ], [ -82.31305, 9.45458 ], [ -82.31106, 9.45549 ], [ -82.2949, 9.46204 ], [ -82.29278, 9.46279 ], [ -82.29061, 9.46334 ], [ -82.28839, 9.4637 ], [ -82.28615, 9.46386 ], [ -82.26707, 9.46435 ], [ -82.26458, 9.46429 ], [ -82.2621, 9.46398 ], [ -82.25967, 9.46343 ], [ -82.2573, 9.46263 ], [ -82.25503, 9.46161 ], [ -82.25287, 9.46036 ], [ -82.25084, 9.45891 ], [ -82.24897, 9.45726 ], [ -82.24728, 9.45543 ], [ -82.24577, 9.45344 ], [ -82.2181, 9.41283 ], [ -82.21668, 9.41047 ], [ -82.21552, 9.40797 ], [ -82.21465, 9.40536 ], [ -82.20777, 9.38025 ], [ -82.20562, 9.38076 ], [ -82.20335, 9.38108 ], [ -82.20106, 9.38119 ], [ -82.19877, 9.38109 ], [ -82.1965, 9.38078 ], [ -82.19427, 9.38027 ], [ -82.1893, 9.37888 ], [ -82.18699, 9.37811 ], [ -82.18476, 9.37712 ], [ -82.18265, 9.37592 ], [ -82.18066, 9.37451 ], [ -82.17881, 9.37293 ], [ -82.17713, 9.37117 ], [ -82.17641, 9.37034 ], [ -82.17513, 9.36983 ], [ -82.17299, 9.36935 ], [ -82.17279, 9.36938 ], [ -82.1671, 9.37202 ], [ -82.16483, 9.37294 ], [ -82.16248, 9.37364 ], [ -82.16008, 9.3741 ], [ -82.15764, 9.37433 ], [ -82.15519, 9.37431 ], [ -82.15275, 9.37406 ], [ -82.15035, 9.37357 ], [ -82.14801, 9.37284 ], [ -82.14575, 9.37189 ], [ -82.13591, 9.36717 ], [ -82.13371, 9.36598 ], [ -82.13164, 9.36457 ], [ -82.12972, 9.36296 ], [ -82.10901, 9.34375 ], [ -82.0874, 9.33395 ], [ -82.08547, 9.33297 ], [ -82.08363, 9.33183 ], [ -82.07118, 9.32333 ], [ -82.06903, 9.32168 ], [ -82.06706, 9.3198 ], [ -82.06531, 9.31773 ], [ -82.05464, 9.30357 ], [ -82.05327, 9.30154 ], [ -82.05209, 9.29938 ], [ -82.05114, 9.29712 ], [ -82.05041, 9.29478 ], [ -82.04991, 9.29237 ], [ -82.04965, 9.28993 ], [ -82.04963, 9.28748 ], [ -82.04985, 9.28504 ], [ -82.05031, 9.28263 ], [ -82.05101, 9.28027 ], [ -82.05193, 9.278 ], [ -82.05307, 9.27583 ], [ -82.05442, 9.27378 ], [ -82.05596, 9.27187 ], [ -82.05768, 9.27012 ], [ -82.05957, 9.26855 ], [ -82.0616, 9.26717 ], [ -82.06376, 9.266 ], [ -82.06602, 9.26504 ], [ -82.06836, 9.26431 ], [ -82.07076, 9.26382 ], [ -82.0732, 9.26356 ], [ -82.07566, 9.26354 ], [ -82.0781, 9.26376 ], [ -82.09093, 9.26557 ], [ -82.10056, 9.26177 ], [ -82.10885, 9.254 ], [ -82.11542, 9.23652 ], [ -82.11639, 9.23426 ], [ -82.11759, 9.23211 ], [ -82.11899, 9.23009 ], [ -82.12058, 9.22821 ], [ -82.12235, 9.2265 ], [ -82.12428, 9.22497 ], [ -82.12635, 9.22364 ], [ -82.12854, 9.22252 ], [ -82.13083, 9.22162 ], [ -82.1332, 9.22095 ], [ -82.13562, 9.22052 ], [ -82.13808, 9.22032 ], [ -82.14054, 9.22037 ], [ -82.14298, 9.22066 ], [ -82.14539, 9.22119 ], [ -82.14773, 9.22195 ], [ -82.15253, 9.22378 ], [ -82.15504, 9.2249 ], [ -82.15742, 9.22629 ], [ -82.15963, 9.22794 ], [ -82.16165, 9.22982 ], [ -82.17244, 9.24105 ], [ -82.17401, 9.24285 ], [ -82.1754, 9.24479 ], [ -82.1766, 9.24686 ], [ -82.1776, 9.24903 ], [ -82.17838, 9.25128 ], [ -82.17895, 9.2536 ], [ -82.17929, 9.25597 ], [ -82.17941, 9.25835 ], [ -82.1793, 9.26074 ], [ -82.17896, 9.2631 ], [ -82.17839, 9.26543 ], [ -82.17761, 9.26768 ], [ -82.17662, 9.26985 ], [ -82.17542, 9.27192 ], [ -82.17528, 9.27211 ], [ -82.17527, 9.27983 ], [ -82.17674, 9.2807 ], [ -82.1787, 9.28199 ], [ -82.18053, 9.28346 ], [ -82.18222, 9.2851 ], [ -82.18374, 9.28689 ], [ -82.18509, 9.28882 ], [ -82.18626, 9.29086 ], [ -82.18722, 9.293 ], [ -82.18798, 9.29523 ], [ -82.18853, 9.29751 ], [ -82.18886, 9.29984 ], [ -82.18897, 9.30219 ], [ -82.18897, 9.30774 ], [ -82.19731, 9.30933 ], [ -82.19944, 9.30984 ], [ -82.20151, 9.31052 ], [ -82.20352, 9.31139 ], [ -82.22268, 9.32067 ], [ -82.22272, 9.32069 ], [ -82.22351, 9.31907 ], [ -82.22469, 9.31693 ], [ -82.22607, 9.31492 ], [ -82.22764, 9.31305 ], [ -82.22939, 9.31134 ], [ -82.2313, 9.30981 ], [ -82.23334, 9.30848 ], [ -82.23551, 9.30735 ], [ -82.23778, 9.30644 ], [ -82.24012, 9.30575 ], [ -82.24253, 9.3053 ], [ -82.24496, 9.30508 ], [ -82.2474, 9.3051 ], [ -82.24983, 9.30536 ], [ -82.25223, 9.30586 ], [ -82.25456, 9.30659 ], [ -82.25681, 9.30754 ], [ -82.25896, 9.3087 ], [ -82.26098, 9.31007 ], [ -82.26286, 9.31164 ], [ -82.26458, 9.31337 ], [ -82.26612, 9.31527 ], [ -82.26746, 9.31731 ], [ -82.27964, 9.33784 ], [ -82.29746, 9.35603 ], [ -82.3318, 9.3829 ], [ -82.3533, 9.34583 ], [ -82.35379, 9.34375 ], [ -82.3534, 9.34207 ], [ -82.35151, 9.34 ], [ -82.34288, 9.33442 ], [ -82.34101, 9.33309 ], [ -82.33927, 9.33159 ], [ -82.33096, 9.32374 ], [ -82.32925, 9.32196 ], [ -82.32773, 9.32002 ], [ -82.3264, 9.31793 ], [ -82.32529, 9.31573 ], [ -82.3244, 9.31343 ], [ -82.32374, 9.31105 ], [ -82.32332, 9.30861 ], [ -82.32314, 9.30615 ], [ -82.3232, 9.30368 ], [ -82.32402, 9.29286 ], [ -82.32435, 9.29029 ], [ -82.32494, 9.28777 ], [ -82.32579, 9.28533 ], [ -82.32689, 9.28298 ], [ -82.32823, 9.28076 ], [ -82.32979, 9.2787 ], [ -82.33155, 9.2768 ], [ -82.3335, 9.2751 ], [ -82.34701, 9.26448 ], [ -82.34859, 9.26335 ], [ -82.34446, 9.25782 ], [ -82.34307, 9.25575 ], [ -82.34189, 9.25356 ], [ -82.33554, 9.24013 ], [ -82.3347, 9.23813 ], [ -82.33403, 9.23606 ], [ -82.33355, 9.23395 ], [ -82.33196, 9.22528 ], [ -82.33189, 9.22515 ], [ -82.31911, 9.21737 ], [ -82.31919, 9.21794 ], [ -82.3193, 9.22035 ], [ -82.31918, 9.22276 ], [ -82.31882, 9.22515 ], [ -82.31824, 9.2275 ], [ -82.31743, 9.22977 ], [ -82.3164, 9.23196 ], [ -82.31517, 9.23404 ], [ -82.31375, 9.23599 ], [ -82.31214, 9.23779 ], [ -82.31037, 9.23943 ], [ -82.30845, 9.24089 ], [ -82.30639, 9.24216 ], [ -82.30422, 9.24323 ], [ -82.30196, 9.24408 ], [ -82.29963, 9.24471 ], [ -82.29725, 9.24511 ], [ -82.29484, 9.24527 ], [ -82.29243, 9.24521 ], [ -82.29003, 9.24491 ], [ -82.28767, 9.24439 ], [ -82.27436, 9.24073 ], [ -82.27214, 9.24 ], [ -82.26999, 9.23907 ], [ -82.26794, 9.23794 ], [ -82.26601, 9.23663 ], [ -82.2642, 9.23514 ], [ -82.26254, 9.23349 ], [ -82.26189, 9.23271 ], [ -82.26179, 9.2328 ], [ -82.25982, 9.23426 ], [ -82.25772, 9.23551 ], [ -82.25551, 9.23656 ], [ -82.2532, 9.23738 ], [ -82.25083, 9.23797 ], [ -82.2484, 9.23833 ], [ -82.24596, 9.23845 ], [ -82.23908, 9.23845 ], [ -82.23658, 9.23833 ], [ -82.23411, 9.23795 ], [ -82.23196, 9.2374 ], [ -82.2317, 9.23761 ], [ -82.22953, 9.23904 ], [ -82.22517, 9.2416 ], [ -82.22304, 9.24271 ], [ -82.22082, 9.24362 ], [ -82.21853, 9.2443 ], [ -82.21618, 9.24477 ], [ -82.21379, 9.24501 ], [ -82.21139, 9.24502 ], [ -82.20924, 9.24481 ], [ -82.20781, 9.24518 ], [ -82.20543, 9.24555 ], [ -82.20302, 9.24569 ], [ -82.20061, 9.24559 ], [ -82.19593, 9.24518 ], [ -82.1935, 9.24485 ], [ -82.19111, 9.24428 ], [ -82.18879, 9.24348 ], [ -82.18656, 9.24245 ], [ -82.18444, 9.24121 ], [ -82.18246, 9.23977 ], [ -82.18062, 9.23814 ], [ -82.17895, 9.23634 ], [ -82.17747, 9.23439 ], [ -82.17619, 9.23229 ], [ -82.17511, 9.23009 ], [ -82.17426, 9.22778 ], [ -82.17364, 9.22541 ], [ -82.17351, 9.22477 ], [ -82.17081, 9.22477 ], [ -82.16839, 9.22465 ], [ -82.16599, 9.2243 ], [ -82.16364, 9.22372 ], [ -82.16136, 9.22291 ], [ -82.15916, 9.22189 ], [ -82.15708, 9.22066 ], [ -82.15512, 9.21923 ], [ -82.15331, 9.21762 ], [ -82.15166, 9.21584 ], [ -82.1502, 9.21392 ], [ -82.14892, 9.21185 ], [ -82.14786, 9.20968 ], [ -82.14701, 9.20741 ], [ -82.14638, 9.20507 ], [ -82.14598, 9.20268 ], [ -82.14581, 9.20026 ], [ -82.14588, 9.19784 ], [ -82.14619, 9.19544 ], [ -82.14831, 9.18337 ], [ -82.14675, 9.15902 ], [ -82.14672, 9.15644 ], [ -82.14695, 9.15388 ], [ -82.14745, 9.15135 ], [ -82.1482, 9.14888 ], [ -82.14921, 9.14651 ], [ -82.15515, 9.13426 ], [ -82.15632, 9.13211 ], [ -82.1577, 9.13009 ], [ -82.15927, 9.12821 ], [ -82.16102, 9.12649 ], [ -82.16293, 9.12495 ], [ -82.16498, 9.12361 ], [ -82.16715, 9.12248 ], [ -82.16942, 9.12156 ], [ -82.17178, 9.12087 ], [ -82.17418, 9.12041 ], [ -82.17662, 9.12019 ], [ -82.17907, 9.12021 ], [ -82.18151, 9.12047 ], [ -82.18391, 9.12097 ], [ -82.18625, 9.1217 ], [ -82.18851, 9.12265 ], [ -82.19066, 9.12383 ], [ -82.21906, 9.14115 ], [ -82.22959, 9.14503 ], [ -82.23832, 9.14578 ], [ -82.2369, 9.13709 ], [ -82.23244, 9.13021 ], [ -82.23123, 9.12814 ], [ -82.23023, 9.12596 ], [ -82.22944, 9.1237 ], [ -82.22887, 9.12137 ], [ -82.22852, 9.11899 ], [ -82.22841, 9.1166 ], [ -82.22841, 9.11042 ], [ -82.22848, 9.10904 ], [ -82.22683, 9.10756 ], [ -82.22512, 9.10565 ], [ -82.22361, 9.10359 ], [ -82.22232, 9.10138 ], [ -82.21686, 9.0908 ], [ -82.21586, 9.08859 ], [ -82.21507, 9.0863 ], [ -82.21451, 9.08394 ], [ -82.21418, 9.08154 ], [ -82.21408, 9.07912 ], [ -82.21422, 9.07671 ], [ -82.22006, 9.02142 ], [ -82.21219, 9.01781 ], [ -82.20008, 9.01661 ], [ -82.18992, 9.02234 ], [ -82.18761, 9.02349 ], [ -82.18519, 9.02439 ], [ -82.18269, 9.02504 ], [ -82.18014, 9.02543 ], [ -82.17757, 9.02556 ], [ -82.17499, 9.02542 ], [ -82.17244, 9.02501 ], [ -82.16995, 9.02435 ], [ -82.13406, 9.01275 ], [ -82.13145, 9.01174 ], [ -82.12897, 9.01045 ], [ -82.11624, 9.00288 ], [ -82.11424, 9.00155 ], [ -82.11237, 9.00004 ], [ -82.11065, 8.99835 ], [ -82.10911, 8.99651 ], [ -82.10775, 8.99452 ], [ -82.10658, 8.99242 ], [ -82.10563, 8.99021 ], [ -82.10489, 8.98792 ], [ -82.10437, 8.98557 ], [ -82.10408, 8.98318 ], [ -82.10403, 8.98078 ], [ -82.10404, 8.98043 ], [ -82.09432, 8.96569 ], [ -82.08781, 8.95791 ], [ -82.08689, 8.9567 ], [ -82.08537, 8.95668 ], [ -82.07073, 8.95592 ], [ -82.02733, 8.96921 ], [ -82.0249, 8.96982 ], [ -82.02242, 8.97018 ], [ -82.00012, 8.97234 ], [ -81.99769, 8.97246 ], [ -81.99527, 8.97234 ], [ -81.99286, 8.97199 ], [ -81.9905, 8.9714 ], [ -81.98821, 8.97059 ], [ -81.97572, 8.96546 ], [ -81.97339, 8.96436 ], [ -81.97119, 8.96302 ], [ -81.96464, 8.95858 ], [ -81.95879, 8.95729 ], [ -81.95351, 8.95855 ], [ -81.94827, 8.96169 ], [ -81.94841, 8.96232 ], [ -81.94868, 8.96469 ], [ -81.94873, 8.96708 ], [ -81.94855, 8.96946 ], [ -81.94814, 8.97181 ], [ -81.94751, 8.97412 ], [ -81.94667, 8.97635 ], [ -81.94561, 8.97849 ], [ -81.94436, 8.98052 ], [ -81.94291, 8.98242 ], [ -81.94129, 8.98418 ], [ -81.93952, 8.98577 ], [ -81.93759, 8.98719 ], [ -81.93555, 8.98842 ], [ -81.93339, 8.98944 ], [ -81.92211, 8.99416 ], [ -81.91981, 8.995 ], [ -81.91744, 8.9956 ], [ -81.91502, 8.99597 ], [ -81.91257, 8.9961 ], [ -81.90383, 8.99614 ], [ -81.90108, 8.996 ], [ -81.89837, 8.99556 ], [ -81.89571, 8.99482 ], [ -81.88163, 8.99006 ], [ -81.8794, 8.98918 ], [ -81.87725, 8.9881 ], [ -81.87522, 8.98681 ], [ -81.87333, 8.98533 ], [ -81.87158, 8.98367 ], [ -81.87001, 8.98186 ], [ -81.86867, 8.97998 ], [ -81.86843, 8.98005 ], [ -81.85834, 8.98257 ], [ -81.85599, 8.98304 ], [ -81.85361, 8.98328 ], [ -81.85121, 8.9833 ], [ -81.84883, 8.98308 ], [ -81.84648, 8.98264 ], [ -81.84418, 8.98197 ], [ -81.84195, 8.98109 ], [ -81.79593, 8.96021 ], [ -81.79794, 8.98207 ], [ -81.85408, 9.01348 ], [ -81.85605, 9.01471 ], [ -81.85791, 9.01612 ], [ -81.85962, 9.0177 ], [ -81.86118, 9.01942 ], [ -81.86258, 9.02129 ], [ -81.8963, 9.07113 ], [ -81.90035, 9.07504 ], [ -81.90932, 9.07898 ], [ -81.91158, 9.0801 ], [ -81.9137, 9.08145 ], [ -81.93226, 9.09456 ], [ -81.93471, 9.09653 ], [ -81.95029, 9.11077 ], [ -81.95212, 9.11262 ], [ -81.95374, 9.11466 ], [ -81.95515, 9.11686 ], [ -81.95632, 9.11919 ], [ -81.96031, 9.1283 ], [ -81.9612, 9.13063 ], [ -81.96184, 9.13304 ], [ -81.96225, 9.1355 ], [ -81.96241, 9.13799 ], [ -81.96232, 9.14049 ], [ -81.96198, 9.14296 ], [ -81.96139, 9.14538 ], [ -81.96057, 9.14774 ], [ -81.95952, 9.15 ], [ -81.95825, 9.15215 ], [ -81.95677, 9.15415 ], [ -81.95509, 9.156 ], [ -81.95324, 9.15768 ], [ -81.95124, 9.15916 ], [ -81.94909, 9.16043 ], [ -81.94683, 9.16149 ], [ -81.94447, 9.16231 ], [ -81.94205, 9.1629 ], [ -81.93958, 9.16324 ], [ -81.93708, 9.16333 ], [ -81.93481, 9.1633 ], [ -81.93506, 9.16456 ], [ -81.93529, 9.16706 ], [ -81.93527, 9.16957 ], [ -81.935, 9.17207 ], [ -81.93448, 9.17453 ], [ -81.93371, 9.17692 ], [ -81.93271, 9.17922 ], [ -81.93148, 9.18141 ], [ -81.92448, 9.19256 ], [ -81.92305, 9.19461 ], [ -81.92143, 9.1965 ], [ -81.91962, 9.19822 ], [ -81.91765, 9.19975 ], [ -81.91553, 9.20108 ], [ -81.9133, 9.20219 ], [ -81.91097, 9.20307 ], [ -81.90856, 9.20371 ], [ -81.90609, 9.20411 ], [ -81.9036, 9.20427 ], [ -81.88309, 9.20451 ], [ -81.88077, 9.20443 ], [ -81.87847, 9.20413 ], [ -81.87621, 9.20362 ], [ -81.874, 9.20291 ], [ -81.87187, 9.20199 ], [ -81.86983, 9.20088 ], [ -81.8679, 9.19959 ], [ -81.85057, 9.18673 ], [ -81.8483, 9.18482 ], [ -81.84626, 9.18265 ], [ -81.82455, 9.1566 ], [ -81.80381, 9.14111 ], [ -81.8021, 9.13972 ], [ -81.80052, 9.13818 ], [ -81.79632, 9.1337 ], [ -81.79467, 9.13174 ], [ -81.79322, 9.12962 ], [ -81.792, 9.12737 ], [ -81.79101, 9.125 ], [ -81.79028, 9.12254 ], [ -81.7898, 9.12002 ], [ -81.78958, 9.11747 ], [ -81.78962, 9.11491 ], [ -81.78992, 9.11236 ], [ -81.79139, 9.10382 ], [ -81.79193, 9.1014 ], [ -81.79271, 9.09905 ], [ -81.79372, 9.09678 ], [ -81.79495, 9.09462 ], [ -81.79638, 9.0926 ], [ -81.79643, 9.09254 ], [ -81.75934, 9.08861 ], [ -81.75682, 9.08821 ], [ -81.75436, 9.08756 ], [ -81.75198, 9.08667 ], [ -81.7497, 9.08553 ], [ -81.74754, 9.08417 ], [ -81.74554, 9.08259 ], [ -81.74371, 9.08083 ], [ -81.72314, 9.05883 ], [ -81.71372, 9.05588 ], [ -81.71151, 9.05508 ], [ -81.70938, 9.05407 ], [ -81.70736, 9.05286 ], [ -81.70547, 9.05147 ], [ -81.70371, 9.04991 ], [ -81.70211, 9.04819 ], [ -81.70067, 9.04633 ], [ -81.69942, 9.04434 ], [ -81.69836, 9.04224 ], [ -81.68554, 9.01364 ], [ -81.68537, 9.01347 ], [ -81.67289, 9.00449 ], [ -81.67073, 9.00275 ], [ -81.66878, 9.00078 ], [ -81.66705, 8.9986 ], [ -81.60813, 8.91496 ], [ -81.57117, 8.87568 ], [ -81.55388, 8.86446 ], [ -81.55176, 8.86292 ], [ -81.5498, 8.86116 ], [ -81.54805, 8.85921 ], [ -81.54651, 8.85708 ], [ -81.54182, 8.84984 ], [ -81.53352, 8.84098 ], [ -81.52539, 8.83411 ], [ -81.52207, 8.83253 ], [ -81.51606, 8.8312 ], [ -81.51384, 8.8306 ], [ -81.49941, 8.82597 ], [ -81.49508, 8.82598 ], [ -81.481, 8.83043 ], [ -81.47859, 8.83106 ], [ -81.47612, 8.83145 ], [ -81.47363, 8.83159 ], [ -81.47114, 8.83148 ], [ -81.46867, 8.83113 ], [ -81.42282, 8.82216 ], [ -81.4167, 8.82402 ], [ -81.41432, 8.82462 ], [ -81.4119, 8.82498 ], [ -81.40945, 8.8251 ], [ -81.38157, 8.82512 ], [ -81.3792, 8.82501 ], [ -81.37686, 8.82468 ], [ -81.37456, 8.82412 ], [ -81.37232, 8.82336 ], [ -81.37017, 8.82238 ], [ -81.36811, 8.8212 ], [ -81.35001, 8.80967 ], [ -81.3061, 8.80702 ], [ -81.27094, 8.81379 ], [ -81.26743, 8.81421 ], [ -81.21517, 8.81674 ], [ -81.13386, 8.8265 ], [ -81.09177, 8.83341 ], [ -81.08918, 8.8337 ], [ -81.08658, 8.83371 ], [ -81.08399, 8.83346 ], [ -81.08143, 8.83294 ], [ -81.07895, 8.83215 ], [ -81.07839, 8.83191 ], [ -81.07837, 8.83192 ], [ -81.07254, 8.8387 ], [ -81.07099, 8.84035 ], [ -81.06929, 8.84186 ], [ -81.06746, 8.8432 ], [ -81.06552, 8.84437 ], [ -81.06348, 8.84537 ], [ -81.06136, 8.84617 ], [ -80.98382, 8.87155 ], [ -80.90848, 8.90274 ], [ -80.90723, 8.90322 ], [ -80.89003, 8.90928 ], [ -80.8878, 8.90995 ], [ -80.88553, 8.91041 ], [ -80.88322, 8.91066 ], [ -80.88089, 8.91069 ], [ -80.84785, 8.90959 ], [ -80.8366, 8.91271 ], [ -80.82378, 8.92804 ], [ -80.79236, 8.96872 ], [ -80.79087, 8.97047 ], [ -80.78923, 8.97208 ], [ -80.78745, 8.97353 ], [ -80.78554, 8.97481 ], [ -80.77933, 8.97858 ], [ -80.77852, 8.98033 ], [ -80.77736, 8.98253 ], [ -80.77599, 8.98461 ], [ -80.77078, 8.99169 ], [ -80.76921, 8.99361 ], [ -80.76746, 8.99536 ], [ -80.76555, 8.99694 ], [ -80.76349, 8.99832 ], [ -80.7613, 8.99948 ], [ -80.75901, 9.00043 ], [ -80.75628, 9.0014 ], [ -80.74573, 9.01358 ], [ -80.74391, 9.01548 ], [ -80.7419, 9.01717 ], [ -80.73972, 9.01864 ], [ -80.7374, 9.01988 ], [ -80.71518, 9.03024 ], [ -80.67987, 9.05122 ], [ -80.67818, 9.05214 ], [ -80.67642, 9.05293 ], [ -80.66739, 9.05655 ], [ -80.65494, 9.06921 ], [ -80.65292, 9.07104 ], [ -80.65071, 9.07265 ], [ -80.64834, 9.07401 ], [ -80.59056, 9.10303 ], [ -80.58895, 9.10377 ], [ -80.51638, 9.13397 ], [ -80.51436, 9.13471 ], [ -80.41591, 9.16608 ], [ -80.41313, 9.16679 ], [ -80.41028, 9.16718 ], [ -80.2976, 9.17603 ], [ -80.28772, 9.17933 ], [ -80.25721, 9.19681 ], [ -80.25449, 9.19816 ], [ -80.24464, 9.20231 ], [ -80.24239, 9.20313 ], [ -80.24007, 9.20374 ], [ -80.2377, 9.20412 ], [ -80.20454, 9.20781 ], [ -80.17076, 9.21672 ], [ -80.14048, 9.22882 ], [ -80.11671, 9.24208 ], [ -80.0839, 9.27907 ], [ -80.08166, 9.28129 ], [ -80.043, 9.31513 ], [ -80.02372, 9.3333 ], [ -80.02299, 9.33684 ], [ -80.02245, 9.33897 ], [ -80.02173, 9.34105 ], [ -80.02082, 9.34305 ], [ -80.01975, 9.34497 ], [ -80.00019, 9.37652 ], [ -79.99868, 9.3787 ], [ -79.99694, 9.3807 ], [ -79.99501, 9.3825 ], [ -79.99289, 9.38409 ], [ -79.99062, 9.38545 ], [ -79.98822, 9.38656 ], [ -79.96301, 9.39664 ], [ -79.96078, 9.39742 ], [ -79.95849, 9.39797 ], [ -79.95615, 9.39831 ], [ -79.95379, 9.39843 ], [ -79.95143, 9.39832 ], [ -79.94514, 9.39774 ], [ -79.94267, 9.39739 ], [ -79.94024, 9.39679 ], [ -79.93789, 9.39595 ], [ -79.93563, 9.39488 ], [ -79.93349, 9.39359 ], [ -79.93148, 9.3921 ], [ -79.92964, 9.3904 ], [ -79.92798, 9.38854 ], [ -79.92651, 9.38652 ], [ -79.92525, 9.38436 ], [ -79.92421, 9.38208 ], [ -79.92053, 9.37282 ], [ -79.91966, 9.37025 ], [ -79.91908, 9.36759 ], [ -79.91879, 9.36489 ], [ -79.91879, 9.36469 ], [ -79.91629, 9.36899 ], [ -79.91499, 9.37101 ], [ -79.9135, 9.37289 ], [ -79.91183, 9.37462 ], [ -79.91, 9.37618 ], [ -79.90804, 9.37756 ], [ -79.90665, 9.37835 ], [ -79.9066, 9.37955 ], [ -79.90626, 9.38193 ], [ -79.9057, 9.38428 ], [ -79.90491, 9.38655 ], [ -79.90439, 9.3877 ], [ -79.90478, 9.3891 ], [ -79.90521, 9.39154 ], [ -79.90539, 9.394 ], [ -79.90533, 9.39647 ], [ -79.90503, 9.39893 ], [ -79.90449, 9.40134 ], [ -79.90371, 9.40368 ], [ -79.9027, 9.40594 ], [ -79.90148, 9.40809 ], [ -79.90005, 9.4101 ], [ -79.89842, 9.41197 ], [ -79.88923, 9.42153 ], [ -79.88737, 9.42327 ], [ -79.88534, 9.42482 ], [ -79.88316, 9.42616 ], [ -79.88086, 9.42726 ], [ -79.87846, 9.42813 ], [ -79.87598, 9.42874 ], [ -79.87345, 9.4291 ], [ -79.87089, 9.4292 ], [ -79.86835, 9.42904 ], [ -79.86583, 9.42861 ], [ -79.86336, 9.42794 ], [ -79.86098, 9.42701 ], [ -79.85548, 9.42454 ], [ -79.84305, 9.42562 ], [ -79.84057, 9.42571 ], [ -79.8381, 9.42555 ], [ -79.83565, 9.42515 ], [ -79.83326, 9.42451 ], [ -79.83094, 9.42364 ], [ -79.82093, 9.41929 ], [ -79.81483, 9.43031 ], [ -79.81337, 9.43264 ], [ -79.81166, 9.43479 ], [ -79.80973, 9.43674 ], [ -79.79492, 9.45013 ], [ -79.79306, 9.45166 ], [ -79.79107, 9.45299 ], [ -79.78896, 9.45413 ], [ -79.78675, 9.45507 ], [ -79.75934, 9.46511 ], [ -79.75016, 9.47086 ], [ -79.74767, 9.47661 ], [ -79.7465, 9.47898 ], [ -79.74508, 9.48121 ], [ -79.74344, 9.48327 ], [ -79.74159, 9.48515 ], [ -79.74001, 9.48645 ], [ -79.73584, 9.49311 ], [ -79.73431, 9.49528 ], [ -79.73256, 9.49728 ], [ -79.73062, 9.49908 ], [ -79.72849, 9.50066 ], [ -79.71235, 9.51138 ], [ -79.70218, 9.54958 ], [ -79.7034, 9.55134 ], [ -79.70456, 9.55343 ], [ -79.70552, 9.55562 ], [ -79.70626, 9.55789 ], [ -79.70679, 9.56022 ], [ -79.70708, 9.56259 ], [ -79.70716, 9.56498 ], [ -79.707, 9.56737 ], [ -79.70661, 9.56973 ], [ -79.70601, 9.57204 ], [ -79.70518, 9.57428 ], [ -79.70414, 9.57643 ], [ -79.70291, 9.57848 ], [ -79.70148, 9.5804 ], [ -79.69987, 9.58217 ], [ -79.69811, 9.58378 ], [ -79.6962, 9.58522 ], [ -79.68918, 9.58998 ], [ -79.68674, 9.59475 ], [ -79.68551, 9.59689 ], [ -79.68408, 9.5989 ], [ -79.68245, 9.60075 ], [ -79.68065, 9.60243 ], [ -79.6787, 9.60393 ], [ -79.6766, 9.60523 ], [ -79.67439, 9.60632 ], [ -79.663, 9.61124 ], [ -79.65629, 9.61658 ], [ -79.64933, 9.62472 ], [ -79.64766, 9.62649 ], [ -79.64583, 9.62809 ], [ -79.64385, 9.6295 ], [ -79.64174, 9.63071 ], [ -79.63953, 9.63172 ], [ -79.63723, 9.6325 ], [ -79.61911, 9.6377 ], [ -79.61659, 9.63828 ], [ -79.61403, 9.6386 ], [ -79.61145, 9.63866 ], [ -79.60887, 9.63845 ], [ -79.59847, 9.63705 ], [ -79.5855, 9.64118 ], [ -79.56122, 9.65209 ], [ -79.55893, 9.65299 ], [ -79.55656, 9.65366 ], [ -79.55414, 9.65409 ], [ -79.55168, 9.65428 ], [ -79.54922, 9.65423 ], [ -79.54678, 9.65394 ], [ -79.54438, 9.6534 ], [ -79.52628, 9.64845 ], [ -79.52387, 9.64766 ], [ -79.52155, 9.64663 ], [ -79.51935, 9.64537 ], [ -79.51729, 9.64389 ], [ -79.51539, 9.64221 ], [ -79.51366, 9.64034 ], [ -79.51214, 9.63832 ], [ -79.51083, 9.63614 ], [ -79.50975, 9.63385 ], [ -79.50543, 9.62335 ], [ -79.50079, 9.61505 ], [ -79.4997, 9.61287 ], [ -79.49884, 9.61058 ], [ -79.49822, 9.60832 ], [ -79.49816, 9.60832 ], [ -79.49585, 9.60821 ], [ -79.49357, 9.60789 ], [ -79.49132, 9.60737 ], [ -79.48913, 9.60663 ], [ -79.48702, 9.6057 ], [ -79.48501, 9.60458 ], [ -79.4831, 9.60328 ], [ -79.48118, 9.60183 ], [ -79.47996, 9.60511 ], [ -79.47899, 9.60736 ], [ -79.47781, 9.6095 ], [ -79.47642, 9.61152 ], [ -79.47485, 9.61339 ], [ -79.4731, 9.6151 ], [ -79.47119, 9.61663 ], [ -79.46913, 9.61797 ], [ -79.46696, 9.6191 ], [ -79.46469, 9.62001 ], [ -79.46234, 9.6207 ], [ -79.45993, 9.62115 ], [ -79.4575, 9.62136 ], [ -79.45505, 9.62134 ], [ -79.45261, 9.62107 ], [ -79.45022, 9.62057 ], [ -79.44788, 9.61984 ], [ -79.44563, 9.61888 ], [ -79.44348, 9.6177 ], [ -79.44146, 9.61633 ], [ -79.43958, 9.61476 ], [ -79.43799, 9.61314 ], [ -79.43661, 9.61361 ], [ -79.43414, 9.61417 ], [ -79.43161, 9.61448 ], [ -79.42908, 9.61453 ], [ -79.42654, 9.61432 ], [ -79.42405, 9.61386 ], [ -79.38761, 9.60518 ], [ -79.33332, 9.59921 ], [ -79.33137, 9.59892 ], [ -79.32944, 9.59847 ], [ -79.26614, 9.58113 ], [ -79.26453, 9.58063 ], [ -79.23394, 9.56998 ], [ -79.19837, 9.5654 ], [ -79.18658, 9.57156 ], [ -79.18439, 9.57257 ], [ -79.18211, 9.57337 ], [ -79.16338, 9.57893 ], [ -79.16117, 9.57947 ], [ -79.15892, 9.57982 ], [ -79.15665, 9.57996 ], [ -79.15437, 9.57989 ], [ -79.11841, 9.57714 ], [ -79.08657, 9.58572 ], [ -79.08438, 9.58621 ], [ -79.08215, 9.58649 ], [ -79.05159, 9.58905 ], [ -79.01707, 9.59488 ], [ -79.01471, 9.59516 ], [ -78.97239, 9.59824 ], [ -78.96983, 9.5983 ], [ -78.96727, 9.59809 ], [ -78.96474, 9.59762 ], [ -78.96228, 9.59689 ], [ -78.9599, 9.59591 ], [ -78.95764, 9.5947 ], [ -78.94437, 9.58667 ], [ -78.94242, 9.58536 ], [ -78.94061, 9.58388 ], [ -78.93894, 9.58224 ], [ -78.93743, 9.58044 ], [ -78.9361, 9.57852 ], [ -78.93496, 9.57647 ], [ -78.93401, 9.57433 ], [ -78.93326, 9.57211 ], [ -78.93273, 9.56983 ], [ -78.93241, 9.56751 ], [ -78.93231, 9.56517 ], [ -78.93236, 9.55392 ], [ -78.93249, 9.55149 ], [ -78.93285, 9.54909 ], [ -78.93345, 9.54673 ], [ -78.93427, 9.54445 ], [ -78.93531, 9.54225 ], [ -78.93656, 9.54017 ], [ -78.938, 9.53821 ], [ -78.93963, 9.53641 ], [ -78.94142, 9.53477 ], [ -78.94337, 9.53331 ], [ -78.94544, 9.53205 ], [ -78.96259, 9.52275 ], [ -78.96481, 9.52169 ], [ -78.96713, 9.52085 ], [ -78.96951, 9.52024 ], [ -78.97194, 9.51986 ], [ -78.9744, 9.51973 ], [ -78.97686, 9.51984 ], [ -78.9793, 9.52019 ], [ -78.98079, 9.52048 ], [ -78.98193, 9.51963 ], [ -78.98414, 9.51816 ], [ -78.9865, 9.51693 ], [ -78.98897, 9.51596 ], [ -78.99154, 9.51526 ], [ -78.99416, 9.51483 ], [ -79.0345, 9.51043 ], [ -79.0392, 9.50952 ], [ -79.04005, 9.50812 ], [ -79.03837, 9.49367 ], [ -79.03605, 9.47888 ], [ -79.02986, 9.48029 ], [ -79.02758, 9.4807 ], [ -79.02527, 9.48089 ], [ -79.02295, 9.48087 ], [ -79.02065, 9.48064 ], [ -79.01837, 9.48019 ], [ -79.01615, 9.47954 ], [ -79.01399, 9.47868 ], [ -79.01044, 9.47707 ], [ -78.98128, 9.4818 ], [ -78.97895, 9.48206 ], [ -78.9766, 9.48211 ], [ -78.97425, 9.48194 ], [ -78.97193, 9.48154 ], [ -78.96359, 9.47972 ], [ -78.95246, 9.47966 ], [ -78.95009, 9.47954 ], [ -78.94775, 9.47919 ], [ -78.94545, 9.47862 ], [ -78.94321, 9.47783 ], [ -78.92655, 9.47109 ], [ -78.91702, 9.46805 ], [ -78.91484, 9.46724 ], [ -78.91274, 9.46623 ], [ -78.91075, 9.46503 ], [ -78.90887, 9.46365 ], [ -78.89232, 9.45023 ], [ -78.89178, 9.44975 ], [ -78.88462, 9.45024 ], [ -78.88133, 9.45025 ], [ -78.87326, 9.44974 ], [ -78.87112, 9.44951 ], [ -78.86901, 9.4491 ], [ -78.86683, 9.44857 ], [ -78.86629, 9.44927 ], [ -78.86468, 9.45099 ], [ -78.86292, 9.45255 ], [ -78.86103, 9.45394 ], [ -78.85901, 9.45514 ], [ -78.85688, 9.45615 ], [ -78.85468, 9.45695 ], [ -78.8524, 9.45754 ], [ -78.8415, 9.45984 ], [ -78.83881, 9.46026 ], [ -78.83608, 9.46038 ], [ -78.83336, 9.4602 ], [ -78.83068, 9.45973 ], [ -78.81736, 9.45663 ], [ -78.80246, 9.45951 ], [ -78.79986, 9.46245 ], [ -78.79821, 9.46414 ], [ -78.79641, 9.46568 ], [ -78.79447, 9.46703 ], [ -78.79241, 9.46819 ], [ -78.79025, 9.46916 ], [ -78.78801, 9.46992 ], [ -78.78571, 9.47046 ], [ -78.78337, 9.47078 ], [ -78.781, 9.47088 ], [ -78.77864, 9.47075 ], [ -78.7763, 9.47041 ], [ -78.76362, 9.46791 ], [ -78.75907, 9.46863 ], [ -78.75147, 9.47148 ], [ -78.73914, 9.47747 ], [ -78.73691, 9.47842 ], [ -78.7346, 9.47915 ], [ -78.73224, 9.47966 ], [ -78.72983, 9.47993 ], [ -78.72741, 9.47997 ], [ -78.725, 9.47977 ], [ -78.72262, 9.47934 ], [ -78.72029, 9.47869 ], [ -78.71803, 9.47781 ], [ -78.71587, 9.47672 ], [ -78.71383, 9.47542 ], [ -78.71192, 9.47393 ], [ -78.71016, 9.47227 ], [ -78.70857, 9.47044 ], [ -78.70191, 9.46197 ], [ -78.69732, 9.45983 ], [ -78.69138, 9.46042 ], [ -78.68909, 9.46055 ], [ -78.68681, 9.46046 ], [ -78.68454, 9.46017 ], [ -78.68231, 9.45967 ], [ -78.65349, 9.45183 ], [ -78.63574, 9.45361 ], [ -78.63343, 9.45373 ], [ -78.63111, 9.45364 ], [ -78.62882, 9.45333 ], [ -78.62656, 9.45281 ], [ -78.62435, 9.45209 ], [ -78.62223, 9.45117 ], [ -78.6202, 9.45005 ], [ -78.61828, 9.44875 ], [ -78.61008, 9.44261 ], [ -78.60712, 9.44216 ], [ -78.60269, 9.44402 ], [ -78.59399, 9.45119 ], [ -78.59172, 9.45286 ], [ -78.58927, 9.45426 ], [ -78.58669, 9.45538 ], [ -78.56992, 9.46152 ], [ -78.56756, 9.46225 ], [ -78.56514, 9.46275 ], [ -78.56269, 9.463 ], [ -78.56022, 9.46302 ], [ -78.55777, 9.46279 ], [ -78.55534, 9.46232 ], [ -78.54043, 9.45865 ], [ -78.53835, 9.45804 ], [ -78.53633, 9.45725 ], [ -78.53439, 9.45629 ], [ -78.53254, 9.45517 ], [ -78.51555, 9.44383 ], [ -78.50817, 9.44099 ], [ -78.4799, 9.441 ], [ -78.47738, 9.44087 ], [ -78.47488, 9.44049 ], [ -78.47244, 9.43986 ], [ -78.47007, 9.43899 ], [ -78.4678, 9.43788 ], [ -78.46565, 9.43655 ], [ -78.46005, 9.43267 ], [ -78.45943, 9.43288 ], [ -78.45713, 9.43342 ], [ -78.45478, 9.43374 ], [ -78.45242, 9.43383 ], [ -78.45005, 9.4337 ], [ -78.44771, 9.43334 ], [ -78.44541, 9.43277 ], [ -78.43051, 9.42829 ], [ -78.42819, 9.42747 ], [ -78.42596, 9.42642 ], [ -78.42384, 9.42515 ], [ -78.42186, 9.42368 ], [ -78.42003, 9.42203 ], [ -78.41031, 9.4123 ], [ -78.40241, 9.40561 ], [ -78.37832, 9.39458 ], [ -78.37609, 9.39342 ], [ -78.36804, 9.3887 ], [ -78.35791, 9.38543 ], [ -78.33343, 9.38052 ], [ -78.331, 9.37991 ], [ -78.32864, 9.37905 ], [ -78.32638, 9.37796 ], [ -78.30555, 9.36661 ], [ -78.30387, 9.36561 ], [ -78.30228, 9.36449 ], [ -78.28979, 9.35489 ], [ -78.27094, 9.34636 ], [ -78.26547, 9.34582 ], [ -78.26339, 9.34553 ], [ -78.26135, 9.34506 ], [ -78.2483, 9.34151 ], [ -78.24625, 9.34086 ], [ -78.24426, 9.34003 ], [ -78.24236, 9.33904 ], [ -78.19937, 9.31421 ], [ -78.19213, 9.31295 ], [ -78.1805, 9.31476 ], [ -78.17797, 9.31503 ], [ -78.17543, 9.31503 ], [ -78.17289, 9.31478 ], [ -78.1704, 9.31427 ], [ -78.16797, 9.3135 ], [ -78.15841, 9.30996 ], [ -78.15646, 9.30915 ], [ -78.15459, 9.30817 ], [ -78.14667, 9.30359 ], [ -78.13851, 9.30248 ], [ -78.13593, 9.30199 ], [ -78.13341, 9.30122 ], [ -78.13098, 9.3002 ], [ -78.12867, 9.29893 ], [ -78.11048, 9.28759 ], [ -78.10865, 9.28633 ], [ -78.10694, 9.28491 ], [ -78.10537, 9.28335 ], [ -78.10393, 9.28166 ], [ -78.09972, 9.27622 ], [ -78.08365, 9.27259 ], [ -78.0525, 9.26819 ], [ -78.04988, 9.26768 ], [ -78.04733, 9.26689 ], [ -78.02824, 9.25984 ], [ -78.02576, 9.25877 ], [ -78.02342, 9.25744 ], [ -78.02123, 9.25587 ], [ -78.0089, 9.24595 ], [ -78.007, 9.24426 ], [ -78.00529, 9.24239 ], [ -78.00378, 9.24035 ], [ -78.00248, 9.23817 ], [ -78.0014, 9.23587 ], [ -78.00057, 9.23347 ], [ -77.99851, 9.2264 ], [ -77.98705, 9.21429 ], [ -77.9826, 9.21363 ], [ -77.9802, 9.21316 ], [ -77.97786, 9.21245 ], [ -77.97559, 9.21151 ], [ -77.958, 9.20322 ], [ -77.95576, 9.20202 ], [ -77.95364, 9.2006 ], [ -77.95169, 9.19896 ], [ -77.94991, 9.19714 ], [ -77.91666, 9.15942 ], [ -77.91546, 9.15795 ], [ -77.91437, 9.1564 ], [ -77.89881, 9.13216 ], [ -77.898, 9.13343 ], [ -77.89645, 9.13538 ], [ -77.89471, 9.13718 ], [ -77.8928, 9.13879 ], [ -77.89074, 9.1402 ], [ -77.88854, 9.1414 ], [ -77.88624, 9.14237 ], [ -77.88386, 9.14311 ], [ -77.88141, 9.14361 ], [ -77.87892, 9.14386 ], [ -77.87642, 9.14386 ], [ -77.87394, 9.14361 ], [ -77.87149, 9.14312 ], [ -77.8691, 9.14238 ], [ -77.8668, 9.14141 ], [ -77.84924, 9.13294 ], [ -77.84701, 9.13172 ], [ -77.84492, 9.13028 ], [ -77.84298, 9.12864 ], [ -77.84122, 9.12681 ], [ -77.83966, 9.12481 ], [ -77.8383, 9.12266 ], [ -77.82619, 9.1011 ], [ -77.82157, 9.09477 ], [ -77.79787, 9.07876 ], [ -77.79583, 9.07723 ], [ -77.79396, 9.07549 ], [ -77.79228, 9.07358 ], [ -77.7908, 9.07151 ], [ -77.78954, 9.06929 ], [ -77.78851, 9.06696 ], [ -77.78772, 9.06454 ], [ -77.78718, 9.06205 ], [ -77.78467, 9.04657 ], [ -77.78218, 9.0438 ], [ -77.77303, 9.03836 ], [ -77.77124, 9.03719 ], [ -77.76955, 9.03586 ], [ -77.75448, 9.02296 ], [ -77.75275, 9.02133 ], [ -77.75119, 9.01955 ], [ -77.7498, 9.01762 ], [ -77.74859, 9.01557 ], [ -77.74759, 9.01341 ], [ -77.7468, 9.01117 ], [ -77.7447, 9.00421 ], [ -77.7407, 8.99923 ], [ -77.73175, 8.99194 ], [ -77.73004, 8.99041 ], [ -77.72848, 8.98872 ], [ -77.72708, 8.98691 ], [ -77.72584, 8.98497 ], [ -77.7248, 8.98292 ], [ -77.72394, 8.98079 ], [ -77.72081, 8.97181 ], [ -77.72015, 8.96958 ], [ -77.7197, 8.96731 ], [ -77.71946, 8.965 ], [ -77.71944, 8.96268 ], [ -77.71963, 8.96037 ], [ -77.72003, 8.95809 ], [ -77.72065, 8.95585 ], [ -77.72146, 8.95368 ], [ -77.72248, 8.95159 ], [ -77.72389, 8.94902 ], [ -77.71595, 8.93999 ], [ -77.7144, 8.93803 ], [ -77.71304, 8.93593 ], [ -77.71191, 8.9337 ], [ -77.70317, 8.91415 ], [ -77.70115, 8.91426 ], [ -77.69863, 8.91414 ], [ -77.69613, 8.91377 ], [ -77.69368, 8.91315 ], [ -77.69131, 8.91228 ], [ -77.68699, 8.91045 ], [ -77.68477, 8.90938 ], [ -77.68267, 8.90809 ], [ -77.68071, 8.90661 ], [ -77.6789, 8.90494 ], [ -77.67726, 8.9031 ], [ -77.67581, 8.90111 ], [ -77.67457, 8.89898 ], [ -77.67354, 8.89675 ], [ -77.67274, 8.89442 ], [ -77.67217, 8.89202 ], [ -77.67183, 8.88958 ], [ -77.6717, 8.8881 ], [ -77.6633, 8.88299 ], [ -77.66136, 8.88168 ], [ -77.65955, 8.8802 ], [ -77.64294, 8.86523 ], [ -77.6421, 8.8658 ], [ -77.64, 8.86695 ], [ -77.6378, 8.86789 ], [ -77.63551, 8.86862 ], [ -77.63317, 8.86913 ], [ -77.63079, 8.86941 ], [ -77.6284, 8.86946 ], [ -77.62601, 8.86928 ], [ -77.62365, 8.86888 ], [ -77.62133, 8.86825 ], [ -77.61909, 8.8674 ], [ -77.61695, 8.86634 ], [ -77.61491, 8.86508 ], [ -77.613, 8.86363 ], [ -77.60193, 8.85435 ], [ -77.60018, 8.85273 ], [ -77.59859, 8.85096 ], [ -77.58801, 8.83794 ], [ -77.58664, 8.83608 ], [ -77.58544, 8.8341 ], [ -77.5844, 8.83218 ], [ -77.55885, 8.81259 ], [ -77.5569, 8.81092 ], [ -77.55513, 8.80907 ], [ -77.55356, 8.80705 ], [ -77.55221, 8.80487 ], [ -77.55108, 8.80257 ], [ -77.55071, 8.80157 ], [ -77.54897, 8.80132 ], [ -77.53904, 8.79944 ], [ -77.53656, 8.79884 ], [ -77.53416, 8.79799 ], [ -77.53185, 8.7969 ], [ -77.52967, 8.79558 ], [ -77.52763, 8.79404 ], [ -77.52576, 8.7923 ], [ -77.52408, 8.79039 ], [ -77.5226, 8.78831 ], [ -77.52134, 8.78609 ], [ -77.51275, 8.76896 ], [ -77.5118, 8.7668 ], [ -77.51105, 8.76457 ], [ -77.51051, 8.76228 ], [ -77.5102, 8.75995 ], [ -77.5101, 8.75759 ], [ -77.51023, 8.75524 ], [ -77.51057, 8.75291 ], [ -77.51365, 8.73731 ], [ -77.51549, 8.72291 ], [ -77.51562, 8.7222 ], [ -77.48803, 8.70343 ], [ -77.4691, 8.69394 ], [ -77.44303, 8.68953 ], [ -77.42127, 8.69116 ], [ -77.40793, 8.69956 ], [ -77.40581, 8.70076 ], [ -77.40359, 8.70174 ], [ -77.40128, 8.7025 ], [ -77.39891, 8.70304 ], [ -77.3965, 8.70334 ], [ -77.39407, 8.7034 ], [ -77.39164, 8.70323 ], [ -77.38925, 8.70283 ], [ -77.3869, 8.7022 ], [ -77.38463, 8.70134 ], [ -77.38245, 8.70026 ], [ -77.38039, 8.69898 ], [ -77.37846, 8.6975 ], [ -77.37668, 8.69584 ], [ -77.37507, 8.69402 ], [ -77.37287, 8.69127 ], [ -77.37215, 8.69068 ], [ -77.37079, 8.68999 ], [ -77.36649, 8.68873 ], [ -77.36415, 8.68792 ], [ -77.3619, 8.68688 ], [ -77.35977, 8.68562 ], [ -77.35777, 8.68415 ], [ -77.35592, 8.6825 ], [ -77.35425, 8.68067 ], [ -77.35277, 8.67868 ], [ -77.35149, 8.67656 ], [ -77.35043, 8.67432 ], [ -77.34959, 8.67199 ], [ -77.34899, 8.66958 ], [ -77.34863, 8.66713 ], [ -77.34852, 8.66465 ], [ -77.34865, 8.66218 ], [ -77.34975, 8.65153 ], [ -77.3519, 8.65366 ], [ -77.3541, 8.6548 ], [ -77.35531, 8.65793 ], [ -77.35607, 8.65736 ], [ -77.35643, 8.65797 ], [ -77.35746, 8.65731 ], [ -77.35936, 8.65765 ], [ -77.36251, 8.65627 ], [ -77.36325, 8.65491 ], [ -77.36541, 8.65574 ], [ -77.36612, 8.65911 ], [ -77.3649, 8.66185 ], [ -77.36358, 8.66244 ], [ -77.36188, 8.66076 ], [ -77.36021, 8.6628 ], [ -77.36068, 8.66734 ], [ -77.35912, 8.66996 ], [ -77.35948, 8.67225 ], [ -77.35809, 8.67242 ], [ -77.35812, 8.67515 ], [ -77.35984, 8.6748 ], [ -77.36164, 8.67551 ], [ -77.36307, 8.67311 ], [ -77.36604, 8.67278 ], [ -77.36714, 8.67434 ], [ -77.36817, 8.67389 ], [ -77.36771, 8.67673 ], [ -77.36888, 8.67773 ], [ -77.36958, 8.67679 ], [ -77.3709, 8.67716 ], [ -77.36873, 8.67577 ], [ -77.36935, 8.67425 ], [ -77.3683, 8.67365 ], [ -77.36769, 8.67159 ], [ -77.36693, 8.67099 ], [ -77.36503, 8.67136 ], [ -77.36383, 8.66969 ], [ -77.36411, 8.66664 ], [ -77.36802, 8.66536 ], [ -77.36921, 8.6639 ], [ -77.36933, 8.66217 ], [ -77.3704, 8.66169 ], [ -77.36994, 8.65393 ], [ -77.36763, 8.6491 ], [ -77.36808, 8.64768 ], [ -77.36734, 8.64433 ], [ -77.36465, 8.64105 ], [ -77.3664, 8.64081 ], [ -77.37168, 8.6371 ], [ -77.37264, 8.63734 ], [ -77.37543, 8.64057 ], [ -77.37813, 8.64081 ], [ -77.38042, 8.64373 ], [ -77.38502, 8.64253 ], [ -77.38675, 8.64669 ], [ -77.39024, 8.64789 ], [ -77.39128, 8.64997 ], [ -77.39302, 8.65121 ], [ -77.39626, 8.65088 ], [ -77.39762, 8.64964 ], [ -77.4, 8.65028 ], [ -77.40222, 8.6494 ], [ -77.40278, 8.64804 ], [ -77.40795, 8.64535 ], [ -77.40878, 8.64394 ], [ -77.40835, 8.64301 ], [ -77.40919, 8.64262 ], [ -77.40941, 8.63925 ], [ -77.40849, 8.63716 ], [ -77.40897, 8.63511 ], [ -77.40651, 8.63179 ], [ -77.40533, 8.63157 ], [ -77.40516, 8.62987 ], [ -77.40362, 8.6281 ], [ -77.40315, 8.62415 ], [ -77.40156, 8.62 ], [ -77.39989, 8.6174 ], [ -77.40052, 8.61666 ], [ -77.40577, 8.6155 ], [ -77.40554, 8.6144 ], [ -77.40528, 8.61206 ], [ -77.40414, 8.59423 ], [ -77.40411, 8.59166 ], [ -77.40434, 8.58911 ], [ -77.40483, 8.58659 ], [ -77.40534, 8.58493 ], [ -77.40678, 8.58594 ], [ -77.40865, 8.58576 ], [ -77.40991, 8.58697 ], [ -77.41076, 8.5867 ], [ -77.41106, 8.58775 ], [ -77.41404, 8.58891 ], [ -77.41858, 8.58769 ], [ -77.41928, 8.5847 ], [ -77.41439, 8.58189 ], [ -77.41293, 8.58031 ], [ -77.41252, 8.57744 ], [ -77.41087, 8.57657 ], [ -77.41187, 8.57382 ], [ -77.41118, 8.57222 ], [ -77.41386, 8.56666 ], [ -77.41773, 8.56697 ], [ -77.41921, 8.56494 ], [ -77.42366, 8.56344 ], [ -77.42401, 8.56004 ], [ -77.42444, 8.55943 ], [ -77.42544, 8.55985 ], [ -77.42669, 8.5581 ], [ -77.42884, 8.55809 ], [ -77.43481, 8.56307 ], [ -77.43696, 8.56312 ], [ -77.44036, 8.55585 ], [ -77.43921, 8.54994 ], [ -77.43796, 8.54832 ], [ -77.43888, 8.54731 ], [ -77.43835, 8.54468 ], [ -77.43949, 8.54296 ], [ -77.43714, 8.5403 ], [ -77.43838, 8.53818 ], [ -77.43828, 8.53484 ], [ -77.43876, 8.5338 ], [ -77.45796, 8.5135 ], [ -77.46329, 8.49449 ], [ -77.45192, 8.49554 ], [ -77.44935, 8.49565 ], [ -77.44826, 8.49558 ], [ -77.44773, 8.49484 ], [ -77.44928, 8.49183 ], [ -77.44837, 8.48898 ], [ -77.44773, 8.48887 ], [ -77.44755, 8.48435 ], [ -77.4459, 8.47984 ], [ -77.44833, 8.47601 ], [ -77.44756, 8.47261 ], [ -77.43801, 8.47065 ], [ -77.43249, 8.4736 ], [ -77.43037, 8.47331 ], [ -77.42792, 8.4749 ], [ -77.42619, 8.47477 ], [ -77.42507, 8.47632 ], [ -77.42038, 8.477 ], [ -77.41782, 8.47818 ], [ -77.41624, 8.47754 ], [ -77.41334, 8.47822 ], [ -77.41152, 8.47692 ], [ -77.4084, 8.47735 ], [ -77.40631, 8.47561 ], [ -77.40423, 8.47367 ], [ -77.40254, 8.47167 ], [ -77.40329, 8.47067 ], [ -77.40298, 8.46801 ], [ -77.40368, 8.4661 ], [ -77.4022, 8.4642 ], [ -77.39904, 8.46324 ], [ -77.39762, 8.46164 ], [ -77.39683, 8.4578 ], [ -77.39402, 8.4551 ], [ -77.39472, 8.45169 ], [ -77.39177, 8.44894 ], [ -77.38957, 8.44394 ], [ -77.38612, 8.44052 ], [ -77.38502, 8.43109 ], [ -77.37915, 8.42467 ], [ -77.3776, 8.42204 ], [ -77.37615, 8.41637 ], [ -77.37147, 8.41103 ], [ -77.36819, 8.40315 ], [ -77.36741, 8.40101 ], [ -77.36683, 8.3988 ], [ -77.36645, 8.39654 ], [ -77.35836, 8.3294 ], [ -77.35539, 8.31716 ], [ -77.3554, 8.31714 ], [ -77.35496, 8.31504 ], [ -77.35485, 8.31492 ], [ -77.35294, 8.30706 ], [ -77.35284, 8.30587 ], [ -77.35254, 8.30538 ], [ -77.35107, 8.29933 ], [ -77.35023, 8.29804 ], [ -77.34967, 8.29646 ], [ -77.34889, 8.29596 ], [ -77.34676, 8.29266 ], [ -77.34534, 8.29214 ], [ -77.34268, 8.29199 ], [ -77.34006, 8.29031 ], [ -77.34002, 8.28711 ], [ -77.33814, 8.28493 ], [ -77.33446, 8.28256 ], [ -77.33421, 8.2816 ], [ -77.33223, 8.28134 ], [ -77.33291, 8.27749 ], [ -77.33379, 8.2767 ], [ -77.33381, 8.27417 ], [ -77.33271, 8.27336 ], [ -77.33006, 8.27411 ], [ -77.32699, 8.27312 ], [ -77.32621, 8.27428 ], [ -77.32463, 8.27464 ], [ -77.32157, 8.27334 ], [ -77.3191, 8.27416 ], [ -77.31334, 8.27049 ], [ -77.31224, 8.27078 ], [ -77.31084, 8.27208 ], [ -77.31164, 8.27434 ], [ -77.30958, 8.27599 ], [ -77.30937, 8.27918 ], [ -77.30837, 8.28042 ], [ -77.30702, 8.27923 ], [ -77.30545, 8.27757 ], [ -77.30403, 8.27578 ], [ -77.30131, 8.272 ], [ -77.30154, 8.27172 ], [ -77.30093, 8.27146 ], [ -77.30031, 8.2706 ], [ -77.29973, 8.26865 ], [ -77.29845, 8.26801 ], [ -77.29659, 8.26542 ], [ -77.29539, 8.26358 ], [ -77.29435, 8.26163 ], [ -77.28887, 8.25019 ], [ -77.28915, 8.25021 ], [ -77.28863, 8.24706 ], [ -77.29009, 8.2458 ], [ -77.29008, 8.24344 ], [ -77.28887, 8.24177 ], [ -77.28737, 8.23597 ], [ -77.2846, 8.23435 ], [ -77.28303, 8.23139 ], [ -77.28044, 8.22879 ], [ -77.2805, 8.21725 ], [ -77.27959, 8.21666 ], [ -77.27841, 8.21754 ], [ -77.27434, 8.21606 ], [ -77.27336, 8.21417 ], [ -77.26926, 8.21184 ], [ -77.25982, 8.19799 ], [ -77.26077, 8.19397 ], [ -77.2602, 8.19244 ], [ -77.25643, 8.18934 ], [ -77.25381, 8.18918 ], [ -77.25066, 8.18455 ], [ -77.25107, 8.18339 ], [ -77.24942, 8.18118 ], [ -77.24953, 8.1783 ], [ -77.24806, 8.1766 ], [ -77.24781, 8.17484 ], [ -77.24892, 8.17267 ], [ -77.24834, 8.17227 ], [ -77.24807, 8.1674 ], [ -77.24879, 8.1665 ], [ -77.2487, 8.16226 ], [ -77.24961, 8.16149 ], [ -77.25257, 8.16177 ], [ -77.25454, 8.15844 ], [ -77.25718, 8.15791 ], [ -77.25205, 8.15462 ], [ -77.25264, 8.15328 ], [ -77.25181, 8.15206 ], [ -77.25184, 8.14995 ], [ -77.2468, 8.14933 ], [ -77.23772, 8.1436 ], [ -77.23344, 8.14248 ], [ -77.22972, 8.14013 ], [ -77.22678, 8.13642 ], [ -77.22657, 8.13297 ], [ -77.22887, 8.13219 ], [ -77.23186, 8.13365 ], [ -77.23443, 8.13014 ], [ -77.2348, 8.12815 ], [ -77.23299, 8.12511 ], [ -77.23338, 8.12105 ], [ -77.23208, 8.11452 ], [ -77.23021, 8.11384 ], [ -77.22921, 8.11117 ], [ -77.22731, 8.10961 ], [ -77.22735, 8.10781 ], [ -77.22495, 8.10437 ], [ -77.22523, 8.10025 ], [ -77.22333, 8.09812 ], [ -77.22241, 8.09526 ], [ -77.22012, 8.0937 ], [ -77.21907, 8.08998 ], [ -77.21746, 8.08776 ], [ -77.21885, 8.08313 ], [ -77.21855, 8.0798 ], [ -77.21987, 8.07744 ], [ -77.21958, 8.07265 ], [ -77.22093, 8.07291 ], [ -77.22636, 8.07071 ], [ -77.22698, 8.06855 ], [ -77.22915, 8.06773 ], [ -77.22856, 8.06596 ], [ -77.22591, 8.06447 ], [ -77.22761, 8.0595 ], [ -77.22687, 8.05641 ], [ -77.22818, 8.05477 ], [ -77.23009, 8.05411 ], [ -77.22847, 8.04722 ], [ -77.22738, 8.04644 ], [ -77.22744, 8.04499 ], [ -77.22838, 8.04477 ], [ -77.22897, 8.04345 ], [ -77.22647, 8.04274 ], [ -77.22623, 8.04076 ], [ -77.22423, 8.03857 ], [ -77.22407, 8.03347 ], [ -77.22495, 8.032 ], [ -77.22669, 8.03118 ], [ -77.22733, 8.02882 ], [ -77.22881, 8.0287 ], [ -77.22989, 8.02706 ], [ -77.23363, 8.02496 ], [ -77.23134, 8.02274 ], [ -77.22801, 8.02207 ], [ -77.22294, 8.02632 ], [ -77.22133, 8.02624 ], [ -77.21863, 8.02242 ], [ -77.21702, 8.02111 ], [ -77.21505, 8.02078 ], [ -77.21572, 8.01877 ], [ -77.21528, 8.01802 ], [ -77.21687, 8.01604 ], [ -77.21445, 8.01355 ], [ -77.21465, 8.0117 ], [ -77.21246, 8.00822 ], [ -77.20838, 8.00628 ], [ -77.20796, 8.00494 ], [ -77.20578, 8.00362 ], [ -77.2033, 8.00012 ], [ -77.20107, 8.00024 ], [ -77.19884, 7.99877 ], [ -77.1937, 7.99246 ], [ -77.19172, 7.98857 ], [ -77.19072, 7.98842 ], [ -77.18965, 7.98961 ], [ -77.1871, 7.98937 ], [ -77.18253, 7.98326 ], [ -77.177, 7.98089 ], [ -77.17694, 7.97992 ], [ -77.17394, 7.97893 ], [ -77.17371, 7.97782 ], [ -77.17043, 7.97822 ], [ -77.16562, 7.97423 ], [ -77.16412, 7.97046 ], [ -77.16229, 7.96961 ], [ -77.1623, 7.96894 ], [ -77.16496, 7.96888 ], [ -77.16942, 7.96362 ], [ -77.17091, 7.96357 ], [ -77.17095, 7.96212 ], [ -77.17214, 7.96095 ], [ -77.17543, 7.9607 ], [ -77.17739, 7.95728 ], [ -77.17948, 7.95681 ], [ -77.17965, 7.95593 ], [ -77.18207, 7.95522 ], [ -77.18063, 7.95342 ], [ -77.1784, 7.95364 ], [ -77.17732, 7.95299 ], [ -77.17681, 7.95242 ], [ -77.1775, 7.95112 ], [ -77.1759, 7.95119 ], [ -77.17439, 7.94937 ], [ -77.17403, 7.9473 ], [ -77.17038, 7.94378 ], [ -77.17005, 7.93947 ], [ -77.17085, 7.93669 ], [ -77.16534, 7.93727 ], [ -77.16438, 7.9355 ], [ -77.16191, 7.93488 ], [ -77.16144, 7.93366 ], [ -77.15953, 7.93384 ], [ -77.1586, 7.93272 ], [ -77.16074, 7.92998 ], [ -77.16566, 7.92669 ], [ -77.16624, 7.92462 ], [ -77.16762, 7.924 ], [ -77.16861, 7.92147 ], [ -77.17093, 7.92115 ], [ -77.17137, 7.92026 ], [ -77.17357, 7.91958 ], [ -77.17538, 7.91716 ], [ -77.18077, 7.91757 ], [ -77.19191, 7.92237 ], [ -77.19346, 7.92218 ], [ -77.1968, 7.91935 ], [ -77.20003, 7.92041 ], [ -77.20274, 7.92 ], [ -77.208, 7.92229 ], [ -77.21073, 7.92223 ], [ -77.21134, 7.91959 ], [ -77.21368, 7.9187 ], [ -77.21474, 7.91659 ], [ -77.21829, 7.91635 ], [ -77.22351, 7.9168 ], [ -77.22737, 7.92024 ], [ -77.22958, 7.92056 ], [ -77.23214, 7.92068 ], [ -77.23477, 7.91955 ], [ -77.23781, 7.92094 ], [ -77.23944, 7.91935 ], [ -77.23963, 7.91785 ], [ -77.24412, 7.9176 ], [ -77.24655, 7.91918 ], [ -77.25661, 7.91997 ], [ -77.26024, 7.91782 ], [ -77.262, 7.91771 ], [ -77.26239, 7.91676 ], [ -77.26955, 7.91408 ], [ -77.27569, 7.90786 ], [ -77.28189, 7.90893 ], [ -77.29012, 7.90791 ], [ -77.29503, 7.91083 ], [ -77.29772, 7.90571 ], [ -77.3015, 7.90198 ], [ -77.30387, 7.90269 ], [ -77.30532, 7.90003 ], [ -77.30794, 7.90082 ], [ -77.30857, 7.89919 ], [ -77.31183, 7.89745 ], [ -77.31378, 7.89867 ], [ -77.31647, 7.89903 ], [ -77.31698, 7.89779 ], [ -77.31866, 7.89777 ], [ -77.31893, 7.89658 ], [ -77.32152, 7.89682 ], [ -77.32477, 7.89584 ], [ -77.32456, 7.89259 ], [ -77.32535, 7.89089 ], [ -77.32373, 7.88962 ], [ -77.32293, 7.88414 ], [ -77.32445, 7.88308 ], [ -77.32821, 7.88273 ], [ -77.32902, 7.88086 ], [ -77.33064, 7.87984 ], [ -77.33068, 7.87868 ], [ -77.33204, 7.87818 ], [ -77.33211, 7.87672 ], [ -77.33513, 7.87603 ], [ -77.3372, 7.8718 ], [ -77.34043, 7.8682 ], [ -77.33923, 7.8659 ], [ -77.33973, 7.86455 ], [ -77.34095, 7.86422 ], [ -77.34076, 7.86188 ], [ -77.33889, 7.86113 ], [ -77.33839, 7.85927 ], [ -77.33772, 7.85963 ], [ -77.33653, 7.85883 ], [ -77.33723, 7.85694 ], [ -77.33922, 7.85674 ], [ -77.3398, 7.85425 ], [ -77.34287, 7.85315 ], [ -77.34293, 7.85188 ], [ -77.34133, 7.85223 ], [ -77.34159, 7.85071 ], [ -77.34331, 7.85022 ], [ -77.34314, 7.84904 ], [ -77.34724, 7.84966 ], [ -77.34748, 7.84887 ], [ -77.34499, 7.84739 ], [ -77.3462, 7.84628 ], [ -77.34571, 7.84461 ], [ -77.34705, 7.84436 ], [ -77.34844, 7.84125 ], [ -77.35031, 7.84127 ], [ -77.35075, 7.84249 ], [ -77.3529, 7.84249 ], [ -77.35537, 7.83973 ], [ -77.35518, 7.83675 ], [ -77.35642, 7.83648 ], [ -77.35848, 7.83426 ], [ -77.36455, 7.83433 ], [ -77.36469, 7.83309 ], [ -77.36562, 7.83291 ], [ -77.36576, 7.83012 ], [ -77.36794, 7.82998 ], [ -77.36862, 7.82834 ], [ -77.36735, 7.82779 ], [ -77.36548, 7.82832 ], [ -77.36373, 7.82508 ], [ -77.36253, 7.82537 ], [ -77.35872, 7.82417 ], [ -77.35618, 7.82113 ], [ -77.35598, 7.81956 ], [ -77.35887, 7.81921 ], [ -77.35805, 7.81439 ], [ -77.35692, 7.81313 ], [ -77.35725, 7.81091 ], [ -77.35649, 7.81063 ], [ -77.35664, 7.80991 ], [ -77.355, 7.80954 ], [ -77.35608, 7.80613 ], [ -77.35449, 7.80473 ], [ -77.35007, 7.80486 ], [ -77.34984, 7.80394 ], [ -77.34864, 7.80389 ], [ -77.34797, 7.80103 ], [ -77.34857, 7.79667 ], [ -77.34517, 7.79442 ], [ -77.34522, 7.79142 ], [ -77.34211, 7.79056 ], [ -77.34203, 7.79004 ], [ -77.35314, 7.776 ], [ -77.34725, 7.7631 ], [ -77.34803, 7.76263 ], [ -77.34887, 7.76362 ], [ -77.35097, 7.76338 ], [ -77.35449, 7.76631 ], [ -77.35859, 7.76633 ], [ -77.36018, 7.76775 ], [ -77.36293, 7.7671 ], [ -77.3629, 7.76815 ], [ -77.36386, 7.76843 ], [ -77.36493, 7.76719 ], [ -77.36675, 7.76846 ], [ -77.36895, 7.76804 ], [ -77.3693, 7.76958 ], [ -77.37227, 7.76996 ], [ -77.37273, 7.77113 ], [ -77.37373, 7.77118 ], [ -77.37441, 7.76964 ], [ -77.37697, 7.76951 ], [ -77.37777, 7.77035 ], [ -77.37896, 7.76919 ], [ -77.37627, 7.76269 ], [ -77.37501, 7.76202 ], [ -77.37526, 7.76119 ], [ -77.37831, 7.76075 ], [ -77.3785, 7.75934 ], [ -77.38069, 7.75953 ], [ -77.38231, 7.75744 ], [ -77.38457, 7.75774 ], [ -77.38435, 7.75855 ], [ -77.38667, 7.75948 ], [ -77.39116, 7.75995 ], [ -77.39251, 7.75653 ], [ -77.39244, 7.75357 ], [ -77.39347, 7.75159 ], [ -77.3959, 7.75005 ], [ -77.39458, 7.7475 ], [ -77.39512, 7.74572 ], [ -77.39664, 7.74556 ], [ -77.39469, 7.74243 ], [ -77.39577, 7.74142 ], [ -77.3956, 7.7395 ], [ -77.39744, 7.73792 ], [ -77.39729, 7.73666 ], [ -77.39808, 7.73583 ], [ -77.39723, 7.73443 ], [ -77.39799, 7.73219 ], [ -77.39674, 7.73018 ], [ -77.39847, 7.72887 ], [ -77.39959, 7.72901 ], [ -77.39929, 7.72434 ], [ -77.40453, 7.72437 ], [ -77.40478, 7.72248 ], [ -77.40783, 7.72191 ], [ -77.40909, 7.72343 ], [ -77.41352, 7.72364 ], [ -77.41462, 7.72292 ], [ -77.41416, 7.72153 ], [ -77.41482, 7.71999 ], [ -77.41622, 7.71978 ], [ -77.41852, 7.71742 ], [ -77.41739, 7.71446 ], [ -77.4178, 7.71094 ], [ -77.41697, 7.71016 ], [ -77.41696, 7.70717 ], [ -77.41786, 7.70675 ], [ -77.41712, 7.70321 ], [ -77.41875, 7.7017 ], [ -77.41851, 7.69868 ], [ -77.42504, 7.69596 ], [ -77.42486, 7.69222 ], [ -77.42607, 7.69307 ], [ -77.42645, 7.69152 ], [ -77.42829, 7.69216 ], [ -77.43113, 7.69044 ], [ -77.43168, 7.68901 ], [ -77.43387, 7.68869 ], [ -77.43426, 7.68745 ], [ -77.43516, 7.68722 ], [ -77.43535, 7.68411 ], [ -77.43675, 7.68287 ], [ -77.43718, 7.6809 ], [ -77.43791, 7.68101 ], [ -77.43733, 7.67833 ], [ -77.43888, 7.67487 ], [ -77.43832, 7.67384 ], [ -77.43932, 7.67365 ], [ -77.43919, 7.67076 ], [ -77.4406, 7.66903 ], [ -77.44051, 7.6658 ], [ -77.44303, 7.66407 ], [ -77.44344, 7.66287 ], [ -77.44369, 7.65947 ], [ -77.44263, 7.65679 ], [ -77.44633, 7.65522 ], [ -77.45173, 7.65697 ], [ -77.4582, 7.65566 ], [ -77.46697, 7.6554 ], [ -77.46825, 7.65216 ], [ -77.47018, 7.65146 ], [ -77.47003, 7.64976 ], [ -77.4665, 7.64282 ], [ -77.46551, 7.64216 ], [ -77.46545, 7.63421 ], [ -77.4675, 7.6334 ], [ -77.46847, 7.62574 ], [ -77.47154, 7.62489 ], [ -77.47327, 7.62355 ], [ -77.47581, 7.61766 ], [ -77.4792, 7.61513 ], [ -77.47988, 7.61323 ], [ -77.47943, 7.61208 ], [ -77.48054, 7.61174 ], [ -77.48039, 7.60962 ], [ -77.48219, 7.60705 ], [ -77.48243, 7.60423 ], [ -77.48505, 7.60159 ], [ -77.48597, 7.5986 ], [ -77.48948, 7.5936 ], [ -77.49001, 7.59213 ], [ -77.48913, 7.59088 ], [ -77.48992, 7.59046 ], [ -77.48976, 7.58888 ], [ -77.49181, 7.58664 ], [ -77.49253, 7.58308 ], [ -77.49196, 7.58075 ], [ -77.48999, 7.57825 ], [ -77.48792, 7.57797 ], [ -77.49372, 7.57438 ], [ -77.49996, 7.56814 ], [ -77.50161, 7.56859 ], [ -77.50288, 7.56764 ], [ -77.505, 7.5684 ], [ -77.50807, 7.57167 ], [ -77.51081, 7.573 ], [ -77.51338, 7.5732 ], [ -77.51519, 7.57509 ], [ -77.51883, 7.57547 ], [ -77.51883, 7.57421 ], [ -77.52009, 7.57413 ], [ -77.52203, 7.57197 ], [ -77.52452, 7.57176 ], [ -77.52803, 7.56617 ], [ -77.52486, 7.55919 ], [ -77.5284, 7.55705 ], [ -77.52827, 7.55431 ], [ -77.53172, 7.5496 ], [ -77.53175, 7.54652 ], [ -77.53319, 7.54519 ], [ -77.53403, 7.54284 ], [ -77.53761, 7.54134 ], [ -77.53875, 7.54044 ], [ -77.53883, 7.53912 ], [ -77.54415, 7.53508 ], [ -77.54732, 7.53102 ], [ -77.54889, 7.52335 ], [ -77.55239, 7.52078 ], [ -77.55607, 7.5202 ], [ -77.55829, 7.51583 ], [ -77.56013, 7.51462 ], [ -77.55997, 7.51372 ], [ -77.56098, 7.51274 ], [ -77.56208, 7.51283 ], [ -77.56215, 7.51063 ], [ -77.56435, 7.50887 ], [ -77.56618, 7.50754 ], [ -77.56848, 7.50771 ], [ -77.57006, 7.50935 ], [ -77.57073, 7.51154 ], [ -77.57296, 7.51177 ], [ -77.57579, 7.51469 ], [ -77.58078, 7.51337 ], [ -77.58524, 7.51501 ], [ -77.58643, 7.51762 ], [ -77.58779, 7.51805 ], [ -77.589, 7.51966 ], [ -77.58916, 7.52123 ], [ -77.59009, 7.52196 ], [ -77.5905, 7.52579 ], [ -77.59265, 7.52666 ], [ -77.59076, 7.528 ], [ -77.59036, 7.53137 ], [ -77.59339, 7.53298 ], [ -77.59283, 7.53418 ], [ -77.5936, 7.53581 ], [ -77.5998, 7.53666 ], [ -77.60087, 7.53953 ], [ -77.6056, 7.53979 ], [ -77.60673, 7.54066 ], [ -77.60718, 7.54603 ], [ -77.60902, 7.54716 ], [ -77.60947, 7.54835 ], [ -77.61117, 7.5488 ], [ -77.61049, 7.55016 ], [ -77.61024, 7.56024 ], [ -77.6094, 7.56118 ], [ -77.612, 7.56248 ], [ -77.61926, 7.57411 ], [ -77.62126, 7.57509 ], [ -77.62413, 7.57875 ], [ -77.62543, 7.58764 ], [ -77.62665, 7.58869 ], [ -77.62675, 7.59062 ], [ -77.62843, 7.59364 ], [ -77.63102, 7.5949 ], [ -77.63072, 7.59784 ], [ -77.63185, 7.6001 ], [ -77.63081, 7.60477 ], [ -77.6347, 7.60887 ], [ -77.63482, 7.61104 ], [ -77.63739, 7.61203 ], [ -77.6373, 7.61896 ], [ -77.63858, 7.61924 ], [ -77.6391, 7.62483 ], [ -77.64086, 7.62639 ], [ -77.64171, 7.62844 ], [ -77.64048, 7.6302 ], [ -77.64267, 7.63169 ], [ -77.64378, 7.6342 ], [ -77.64492, 7.63483 ], [ -77.64516, 7.64012 ], [ -77.64458, 7.6406 ], [ -77.64573, 7.64281 ], [ -77.64579, 7.64609 ], [ -77.64404, 7.64779 ], [ -77.64395, 7.64886 ], [ -77.64578, 7.65165 ], [ -77.64712, 7.65298 ], [ -77.6519, 7.655 ], [ -77.65582, 7.66107 ], [ -77.65877, 7.6621 ], [ -77.65991, 7.6634 ], [ -77.66217, 7.66411 ], [ -77.66403, 7.6637 ], [ -77.66733, 7.6665 ], [ -77.67137, 7.66799 ], [ -77.67456, 7.67365 ], [ -77.67533, 7.67805 ], [ -77.67903, 7.67965 ], [ -77.6792, 7.6817 ], [ -77.67997, 7.68154 ], [ -77.68036, 7.68309 ], [ -77.6826, 7.68162 ], [ -77.6836, 7.68175 ], [ -77.68414, 7.68078 ], [ -77.68619, 7.68162 ], [ -77.68641, 7.6865 ], [ -77.68887, 7.68656 ], [ -77.69146, 7.68471 ], [ -77.69287, 7.68649 ], [ -77.69358, 7.68945 ], [ -77.69736, 7.6916 ], [ -77.6975, 7.69302 ], [ -77.7059, 7.69365 ], [ -77.70953, 7.69222 ], [ -77.71454, 7.69475 ], [ -77.71808, 7.69417 ], [ -77.72119, 7.69636 ], [ -77.72912, 7.69547 ], [ -77.72851, 7.69371 ], [ -77.72927, 7.69174 ], [ -77.72817, 7.69046 ], [ -77.72803, 7.6865 ], [ -77.7312, 7.68522 ], [ -77.73556, 7.68534 ], [ -77.74098, 7.68994 ], [ -77.74161, 7.6896 ], [ -77.74528, 7.66823 ], [ -77.74489, 7.66472 ], [ -77.74585, 7.66424 ], [ -77.74483, 7.66192 ], [ -77.74458, 7.66188 ], [ -77.74411, 7.65767 ], [ -77.74498, 7.65745 ], [ -77.74514, 7.65347 ], [ -77.74712, 7.6507 ], [ -77.74705, 7.64743 ], [ -77.74573, 7.64685 ], [ -77.74244, 7.64251 ], [ -77.742, 7.63851 ], [ -77.74279, 7.63707 ], [ -77.74292, 7.63395 ], [ -77.7424, 7.63111 ], [ -77.74113, 7.62962 ], [ -77.74198, 7.62698 ], [ -77.74554, 7.62422 ], [ -77.74558, 7.62196 ], [ -77.74746, 7.61916 ], [ -77.74851, 7.61347 ], [ -77.74644, 7.61239 ], [ -77.7468, 7.60544 ], [ -77.74154, 7.60519 ], [ -77.73622, 7.60185 ], [ -77.73759, 7.5974 ], [ -77.73757, 7.59446 ], [ -77.73583, 7.59176 ], [ -77.73695, 7.59058 ], [ -77.7378, 7.58687 ], [ -77.7364, 7.58409 ], [ -77.73636, 7.58006 ], [ -77.73329, 7.57596 ], [ -77.73297, 7.57015 ], [ -77.73168, 7.56754 ], [ -77.72547, 7.56418 ], [ -77.72518, 7.56146 ], [ -77.72345, 7.55855 ], [ -77.7232, 7.556 ], [ -77.72061, 7.55178 ], [ -77.72012, 7.54909 ], [ -77.71794, 7.54738 ], [ -77.71818, 7.54459 ], [ -77.71723, 7.54184 ], [ -77.71557, 7.5407 ], [ -77.71523, 7.53755 ], [ -77.71118, 7.53486 ], [ -77.71104, 7.53094 ], [ -77.70996, 7.52989 ], [ -77.7103, 7.52782 ], [ -77.70904, 7.52688 ], [ -77.70727, 7.52332 ], [ -77.70764, 7.52209 ], [ -77.71664, 7.49636 ], [ -77.71773, 7.49373 ], [ -77.71911, 7.49125 ], [ -77.72076, 7.48894 ], [ -77.72178, 7.48767 ], [ -77.72189, 7.48764 ], [ -77.72202, 7.48738 ], [ -77.73314, 7.47354 ], [ -77.74007, 7.47101 ], [ -77.73934, 7.4672 ], [ -77.73991, 7.4663 ], [ -77.74048, 7.46585 ], [ -77.74107, 7.46546 ], [ -77.74734, 7.4647 ], [ -77.74913, 7.46728 ], [ -77.75106, 7.46752 ], [ -77.75481, 7.46337 ], [ -77.75786, 7.46237 ], [ -77.76274, 7.45776 ], [ -77.76441, 7.45826 ], [ -77.76461, 7.45984 ], [ -77.76556, 7.46013 ], [ -77.76647, 7.4619 ], [ -77.7709, 7.46153 ], [ -77.77296, 7.45918 ], [ -77.77405, 7.45946 ], [ -77.77457, 7.46142 ], [ -77.77709, 7.46037 ], [ -77.77777, 7.46152 ], [ -77.78462, 7.46257 ], [ -77.78455, 7.46353 ], [ -77.78577, 7.46433 ], [ -77.7925, 7.46101 ], [ -77.79797, 7.44636 ], [ -77.7994, 7.44647 ], [ -77.8017, 7.44687 ], [ -77.80318, 7.44719 ], [ -77.8319, 7.35554 ], [ -77.88302, 7.21868 ], [ -77.88254, 7.21769 ], [ -77.88378, 7.21683 ], [ -77.88143, 7.21534 ], [ -77.8812, 7.21487 ], [ -77.88191, 7.21434 ], [ -77.88397, 7.2131 ], [ -77.88615, 7.21206 ], [ -77.88841, 7.21123 ], [ -77.89075, 7.21062 ], [ -77.89313, 7.21025 ], [ -77.89554, 7.2101 ], [ -77.89795, 7.21019 ], [ -77.90035, 7.21051 ], [ -77.9027, 7.21106 ], [ -77.92567, 7.21761 ], [ -77.92783, 7.21833 ], [ -77.92992, 7.21925 ], [ -77.93191, 7.22036 ], [ -77.9338, 7.22164 ], [ -77.93556, 7.22309 ], [ -77.96437, 7.24909 ], [ -77.96579, 7.25048 ], [ -77.9671, 7.25199 ], [ -78.00783, 7.30265 ], [ -78.02107, 7.31219 ], [ -78.02301, 7.31373 ], [ -78.02478, 7.31546 ], [ -78.03271, 7.324 ], [ -78.03418, 7.32573 ], [ -78.03548, 7.32758 ], [ -78.03661, 7.32955 ], [ -78.03756, 7.33161 ], [ -78.03831, 7.33375 ], [ -78.04173, 7.34502 ], [ -78.04235, 7.34749 ], [ -78.04271, 7.35001 ], [ -78.04281, 7.35255 ], [ -78.04265, 7.35509 ], [ -78.04224, 7.3576 ], [ -78.04003, 7.36774 ], [ -78.04519, 7.36981 ], [ -78.04733, 7.37079 ], [ -78.04936, 7.37196 ], [ -78.05128, 7.37332 ], [ -78.05306, 7.37485 ], [ -78.05469, 7.37655 ], [ -78.05616, 7.37838 ], [ -78.05744, 7.38035 ], [ -78.05853, 7.38243 ], [ -78.05943, 7.38461 ], [ -78.06171, 7.391 ], [ -78.06224, 7.39279 ], [ -78.06554, 7.39279 ], [ -78.06789, 7.3929 ], [ -78.07023, 7.39323 ], [ -78.07252, 7.39378 ], [ -78.07475, 7.39455 ], [ -78.07689, 7.39552 ], [ -78.07894, 7.39668 ], [ -78.08087, 7.39804 ], [ -78.08266, 7.39957 ], [ -78.0843, 7.40126 ], [ -78.10748, 7.42757 ], [ -78.11993, 7.43869 ], [ -78.12896, 7.44338 ], [ -78.1309, 7.44451 ], [ -78.13274, 7.4458 ], [ -78.13445, 7.44725 ], [ -78.13602, 7.44885 ], [ -78.13744, 7.45059 ], [ -78.1407, 7.45495 ], [ -78.14206, 7.45696 ], [ -78.14321, 7.45909 ], [ -78.14416, 7.46133 ], [ -78.14488, 7.46364 ], [ -78.14653, 7.46999 ], [ -78.14782, 7.47056 ], [ -78.15004, 7.47165 ], [ -78.15214, 7.47297 ], [ -78.15844, 7.47736 ], [ -78.16044, 7.4789 ], [ -78.16226, 7.48064 ], [ -78.16391, 7.48255 ], [ -78.16535, 7.48462 ], [ -78.16658, 7.48682 ], [ -78.16701, 7.48769 ], [ -78.168, 7.48771 ], [ -78.17043, 7.48802 ], [ -78.17281, 7.48856 ], [ -78.17512, 7.48933 ], [ -78.17735, 7.49032 ], [ -78.17948, 7.49153 ], [ -78.18147, 7.49293 ], [ -78.18332, 7.49453 ], [ -78.185, 7.49629 ], [ -78.18651, 7.49821 ], [ -78.18782, 7.50027 ], [ -78.18892, 7.50245 ], [ -78.1898, 7.50473 ], [ -78.19046, 7.50708 ], [ -78.19269, 7.51685 ], [ -78.19312, 7.51928 ], [ -78.19331, 7.52174 ], [ -78.1935, 7.5289 ], [ -78.19424, 7.5288 ], [ -78.19667, 7.5287 ], [ -78.1991, 7.52883 ], [ -78.2015, 7.5292 ], [ -78.20386, 7.5298 ], [ -78.20615, 7.53063 ], [ -78.20835, 7.53167 ], [ -78.21043, 7.53293 ], [ -78.21239, 7.53438 ], [ -78.21419, 7.53601 ], [ -78.21582, 7.53782 ], [ -78.21728, 7.53977 ], [ -78.21853, 7.54185 ], [ -78.21958, 7.54405 ], [ -78.22508, 7.55719 ], [ -78.2259, 7.55945 ], [ -78.2265, 7.56178 ], [ -78.22688, 7.56416 ], [ -78.22702, 7.56656 ], [ -78.22693, 7.56897 ], [ -78.22661, 7.57135 ], [ -78.2249, 7.58067 ], [ -78.22427, 7.58329 ], [ -78.22336, 7.58583 ], [ -78.22159, 7.59007 ], [ -78.22157, 7.59166 ], [ -78.22263, 7.59461 ], [ -78.22301, 7.59513 ], [ -78.23284, 7.6037 ], [ -78.23458, 7.60537 ], [ -78.23615, 7.60719 ], [ -78.2554, 7.63193 ], [ -78.26219, 7.63706 ], [ -78.27498, 7.63878 ], [ -78.27736, 7.63922 ], [ -78.27969, 7.63989 ], [ -78.28194, 7.64078 ], [ -78.2841, 7.64189 ], [ -78.28614, 7.6432 ], [ -78.28804, 7.64469 ], [ -78.28979, 7.64637 ], [ -78.29137, 7.64821 ], [ -78.29277, 7.65019 ], [ -78.29396, 7.6523 ], [ -78.29495, 7.65451 ], [ -78.29571, 7.65681 ], [ -78.29625, 7.65917 ], [ -78.29656, 7.66158 ], [ -78.29664, 7.664 ], [ -78.29648, 7.66642 ], [ -78.29644, 7.66666 ], [ -78.29934, 7.66753 ], [ -78.30162, 7.66834 ], [ -78.30381, 7.66936 ], [ -78.30589, 7.67059 ], [ -78.30784, 7.67202 ], [ -78.30965, 7.67362 ], [ -78.31129, 7.6754 ], [ -78.31275, 7.67732 ], [ -78.31402, 7.67938 ], [ -78.31509, 7.68155 ], [ -78.31594, 7.68381 ], [ -78.31657, 7.68615 ], [ -78.31697, 7.68853 ], [ -78.31713, 7.69094 ], [ -78.31707, 7.69336 ], [ -78.31677, 7.69576 ], [ -78.31624, 7.69812 ], [ -78.31549, 7.70041 ], [ -78.31451, 7.70263 ], [ -78.30555, 7.72059 ], [ -78.30272, 7.72823 ], [ -78.3029, 7.73169 ], [ -78.3074, 7.74229 ], [ -78.33623, 7.78613 ], [ -78.33743, 7.78817 ], [ -78.33844, 7.79031 ], [ -78.34316, 7.80171 ], [ -78.34405, 7.80425 ], [ -78.35201, 7.83144 ], [ -78.36963, 7.85329 ], [ -78.39334, 7.87621 ], [ -78.39551, 7.87859 ], [ -78.41406, 7.90183 ], [ -78.41539, 7.90367 ], [ -78.41656, 7.90562 ], [ -78.41754, 7.90767 ], [ -78.4306, 7.93847 ], [ -78.43128, 7.94026 ], [ -78.43182, 7.94211 ], [ -78.43988, 7.97401 ], [ -78.4404, 7.97667 ], [ -78.44063, 7.97938 ], [ -78.44099, 7.99142 ], [ -78.44091, 7.99433 ], [ -78.44049, 7.9972 ], [ -78.43915, 8.00371 ], [ -78.43938, 8.00487 ], [ -78.45542, 8.03363 ], [ -78.45654, 8.03591 ], [ -78.45743, 8.0383 ], [ -78.45807, 8.04076 ], [ -78.46064, 8.05325 ], [ -78.46101, 8.05561 ], [ -78.46115, 8.058 ], [ -78.46106, 8.06039 ], [ -78.46075, 8.06276 ], [ -78.46021, 8.06509 ], [ -78.45488, 8.08394 ], [ -78.45409, 8.08628 ], [ -78.45307, 8.08854 ], [ -78.45184, 8.09068 ], [ -78.44008, 8.10894 ], [ -78.4387, 8.11087 ], [ -78.43715, 8.11266 ], [ -78.43543, 8.11429 ], [ -78.43357, 8.11576 ], [ -78.43157, 8.11704 ], [ -78.41981, 8.12384 ], [ -78.41765, 8.12496 ], [ -78.41539, 8.12585 ], [ -78.41306, 8.12653 ], [ -78.41067, 8.12697 ], [ -78.40824, 8.12718 ], [ -78.40581, 8.12716 ], [ -78.40339, 8.12689 ], [ -78.40101, 8.1264 ], [ -78.39869, 8.12567 ], [ -78.39645, 8.12472 ], [ -78.39432, 8.12356 ], [ -78.3923, 8.1222 ], [ -78.39043, 8.12065 ], [ -78.38872, 8.11892 ], [ -78.38718, 8.11704 ], [ -78.38583, 8.11501 ], [ -78.38469, 8.11287 ], [ -78.38376, 8.11062 ], [ -78.37626, 8.08964 ], [ -78.3758, 8.08971 ], [ -78.36958, 8.09489 ], [ -78.36763, 8.09635 ], [ -78.36555, 8.09762 ], [ -78.36335, 8.09869 ], [ -78.36106, 8.09953 ], [ -78.35869, 8.10014 ], [ -78.35628, 8.10052 ], [ -78.35384, 8.10067 ], [ -78.3514, 8.10057 ], [ -78.34898, 8.10024 ], [ -78.34661, 8.09968 ], [ -78.3443, 8.09888 ], [ -78.34208, 8.09786 ], [ -78.3251, 8.08906 ], [ -78.30174, 8.10098 ], [ -78.27364, 8.13115 ], [ -78.26292, 8.15769 ], [ -78.2639, 8.16815 ], [ -78.26592, 8.17287 ], [ -78.27035, 8.17746 ], [ -78.28081, 8.18619 ], [ -78.28232, 8.18755 ], [ -78.2837, 8.18903 ], [ -78.31044, 8.21992 ], [ -78.31887, 8.2251 ], [ -78.32097, 8.22654 ], [ -78.32291, 8.22819 ], [ -78.32467, 8.23003 ], [ -78.32624, 8.23204 ], [ -78.3276, 8.2342 ], [ -78.32873, 8.23648 ], [ -78.32962, 8.23887 ], [ -78.33026, 8.24134 ], [ -78.33065, 8.24385 ], [ -78.33078, 8.2464 ], [ -78.33078, 8.25385 ], [ -78.33066, 8.25631 ], [ -78.3303, 8.25875 ], [ -78.32969, 8.26114 ], [ -78.32886, 8.26346 ], [ -78.3278, 8.26569 ], [ -78.32653, 8.2678 ], [ -78.32505, 8.26977 ], [ -78.32339, 8.27159 ], [ -78.32156, 8.27324 ], [ -78.31957, 8.2747 ], [ -78.31745, 8.27596 ], [ -78.31522, 8.277 ], [ -78.31289, 8.27782 ], [ -78.3105, 8.2784 ], [ -78.30806, 8.27875 ], [ -78.30559, 8.27885 ], [ -78.30313, 8.27871 ], [ -78.29644, 8.278 ], [ -78.29645, 8.27804 ], [ -78.29663, 8.28047 ], [ -78.29658, 8.2829 ], [ -78.29629, 8.28532 ], [ -78.29577, 8.28769 ], [ -78.29502, 8.29 ], [ -78.29405, 8.29223 ], [ -78.29287, 8.29436 ], [ -78.29149, 8.29636 ], [ -78.28992, 8.29822 ], [ -78.28817, 8.29991 ], [ -78.28627, 8.30143 ], [ -78.28423, 8.30276 ], [ -78.28208, 8.30388 ], [ -78.28039, 8.30455 ], [ -78.27969, 8.30613 ], [ -78.27846, 8.30829 ], [ -78.27702, 8.31031 ], [ -78.27539, 8.31218 ], [ -78.27358, 8.31388 ], [ -78.27161, 8.31539 ], [ -78.26951, 8.3167 ], [ -78.26728, 8.31779 ], [ -78.26495, 8.31866 ], [ -78.26255, 8.31929 ], [ -78.2601, 8.31968 ], [ -78.25763, 8.31983 ], [ -78.25515, 8.31973 ], [ -78.25269, 8.31938 ], [ -78.25028, 8.3188 ], [ -78.24794, 8.31797 ], [ -78.24569, 8.31692 ], [ -78.24356, 8.31565 ], [ -78.2351, 8.31003 ], [ -78.23343, 8.30883 ], [ -78.23188, 8.30749 ], [ -78.22224, 8.2985 ], [ -78.22062, 8.29751 ], [ -78.21889, 8.29703 ], [ -78.21649, 8.2971 ], [ -78.21521, 8.29729 ], [ -78.20843, 8.30659 ], [ -78.20936, 8.324 ], [ -78.20938, 8.32642 ], [ -78.20915, 8.32883 ], [ -78.20768, 8.33925 ], [ -78.20723, 8.34161 ], [ -78.20656, 8.34392 ], [ -78.20567, 8.34616 ], [ -78.20456, 8.34829 ], [ -78.20326, 8.35031 ], [ -78.20176, 8.3522 ], [ -78.2001, 8.35393 ], [ -78.19827, 8.3555 ], [ -78.1963, 8.35688 ], [ -78.19588, 8.35715 ], [ -78.1827, 8.37062 ], [ -78.18147, 8.37333 ], [ -78.18073, 8.37696 ], [ -78.1807, 8.38033 ], [ -78.18823, 8.37436 ], [ -78.19015, 8.37298 ], [ -78.19219, 8.37179 ], [ -78.19434, 8.37079 ], [ -78.21314, 8.36314 ], [ -78.21591, 8.3622 ], [ -78.21876, 8.36159 ], [ -78.23679, 8.35882 ], [ -78.23943, 8.35856 ], [ -78.24207, 8.35857 ], [ -78.2447, 8.35887 ], [ -78.24728, 8.35944 ], [ -78.24979, 8.36028 ], [ -78.25833, 8.36366 ], [ -78.26047, 8.36463 ], [ -78.2625, 8.36579 ], [ -78.26442, 8.36713 ], [ -78.26621, 8.36865 ], [ -78.26784, 8.37033 ], [ -78.26931, 8.37216 ], [ -78.27061, 8.37411 ], [ -78.27171, 8.37618 ], [ -78.27542, 8.38399 ], [ -78.27642, 8.38643 ], [ -78.27717, 8.38895 ], [ -78.27764, 8.39154 ], [ -78.27783, 8.39417 ], [ -78.27803, 8.40325 ], [ -78.27797, 8.40563 ], [ -78.27769, 8.40799 ], [ -78.27718, 8.41031 ], [ -78.27527, 8.41739 ], [ -78.2744, 8.42001 ], [ -78.27391, 8.42107 ], [ -78.27484, 8.42089 ], [ -78.29091, 8.41853 ], [ -78.29327, 8.41829 ], [ -78.29564, 8.41828 ], [ -78.298, 8.4185 ], [ -78.30033, 8.41894 ], [ -78.30261, 8.4196 ], [ -78.30481, 8.42047 ], [ -78.30693, 8.42154 ], [ -78.30893, 8.42282 ], [ -78.3108, 8.42427 ], [ -78.31253, 8.4259 ], [ -78.31409, 8.42768 ], [ -78.31587, 8.42991 ], [ -78.31761, 8.42807 ], [ -78.3358, 8.41078 ], [ -78.33754, 8.40927 ], [ -78.33888, 8.40831 ], [ -78.33682, 8.40049 ], [ -78.3363, 8.39806 ], [ -78.33603, 8.39559 ], [ -78.33601, 8.3931 ], [ -78.33623, 8.39062 ], [ -78.3367, 8.38818 ], [ -78.33741, 8.3858 ], [ -78.33835, 8.3835 ], [ -78.3657, 8.32515 ], [ -78.36686, 8.32297 ], [ -78.36823, 8.32091 ], [ -78.36979, 8.319 ], [ -78.37153, 8.31726 ], [ -78.37344, 8.31569 ], [ -78.37549, 8.31432 ], [ -78.37766, 8.31315 ], [ -78.37994, 8.31221 ], [ -78.38231, 8.3115 ], [ -78.38473, 8.31102 ], [ -78.38718, 8.31079 ], [ -78.38965, 8.31079 ], [ -78.39211, 8.31105 ], [ -78.39452, 8.31154 ], [ -78.39688, 8.31226 ], [ -78.39916, 8.31322 ], [ -78.40133, 8.3144 ], [ -78.40337, 8.31578 ], [ -78.40527, 8.31736 ], [ -78.407, 8.31912 ], [ -78.40855, 8.32104 ], [ -78.4099, 8.3231 ], [ -78.41104, 8.32529 ], [ -78.4117, 8.32673 ], [ -78.41673, 8.32864 ], [ -78.41982, 8.33006 ], [ -78.42763, 8.33433 ], [ -78.42968, 8.33559 ], [ -78.4316, 8.33703 ], [ -78.43337, 8.33865 ], [ -78.43498, 8.34043 ], [ -78.45527, 8.36519 ], [ -78.46257, 8.36954 ], [ -78.46458, 8.37087 ], [ -78.46645, 8.37239 ], [ -78.46817, 8.37409 ], [ -78.46972, 8.37594 ], [ -78.47108, 8.37793 ], [ -78.47224, 8.38004 ], [ -78.47319, 8.38226 ], [ -78.47393, 8.38456 ], [ -78.47444, 8.38692 ], [ -78.47472, 8.38931 ], [ -78.47477, 8.39172 ], [ -78.47459, 8.39413 ], [ -78.47417, 8.39651 ], [ -78.47353, 8.39883 ], [ -78.47321, 8.39965 ], [ -78.47393, 8.3997 ], [ -78.47638, 8.40013 ], [ -78.47877, 8.4008 ], [ -78.48108, 8.4017 ], [ -78.48329, 8.40283 ], [ -78.48538, 8.40417 ], [ -78.48733, 8.40571 ], [ -78.48911, 8.40744 ], [ -78.49072, 8.40934 ], [ -78.49213, 8.41138 ], [ -78.49332, 8.41356 ], [ -78.49678, 8.42064 ], [ -78.50601, 8.43231 ], [ -78.50747, 8.43437 ], [ -78.50873, 8.43657 ], [ -78.50975, 8.43889 ], [ -78.51414, 8.45037 ], [ -78.51497, 8.45295 ], [ -78.51551, 8.4556 ], [ -78.51577, 8.45829 ], [ -78.51634, 8.47237 ], [ -78.51633, 8.47451 ], [ -78.51615, 8.47664 ], [ -78.51578, 8.47874 ], [ -78.51001, 8.50501 ], [ -78.51283, 8.5122 ], [ -78.5392, 8.54738 ], [ -78.54999, 8.55893 ], [ -78.55159, 8.56081 ], [ -78.55299, 8.56285 ], [ -78.55418, 8.56501 ], [ -78.55516, 8.56728 ], [ -78.55591, 8.56963 ], [ -78.55642, 8.57205 ], [ -78.55669, 8.5745 ], [ -78.55671, 8.57697 ], [ -78.55649, 8.57943 ], [ -78.55603, 8.58186 ], [ -78.55534, 8.58423 ], [ -78.55441, 8.58652 ], [ -78.55326, 8.5887 ], [ -78.5519, 8.59077 ], [ -78.55035, 8.59268 ], [ -78.54861, 8.59444 ], [ -78.54671, 8.59602 ], [ -78.54466, 8.5974 ], [ -78.54249, 8.59857 ], [ -78.54021, 8.59952 ], [ -78.53785, 8.60024 ], [ -78.53543, 8.60073 ], [ -78.53297, 8.60097 ], [ -78.53079, 8.60097 ], [ -78.53019, 8.61518 ], [ -78.5731, 8.62696 ], [ -78.57538, 8.62771 ], [ -78.57757, 8.62866 ], [ -78.57966, 8.62983 ], [ -78.58164, 8.63119 ], [ -78.58347, 8.63273 ], [ -78.58515, 8.63444 ], [ -78.58665, 8.6363 ], [ -78.58797, 8.6383 ], [ -78.5891, 8.64042 ], [ -78.58992, 8.64241 ], [ -78.59065, 8.6422 ], [ -78.59785, 8.64045 ], [ -78.60017, 8.64 ], [ -78.60252, 8.63977 ], [ -78.60488, 8.63977 ], [ -78.60723, 8.63998 ], [ -78.60956, 8.64042 ], [ -78.61183, 8.64108 ], [ -78.61402, 8.64195 ], [ -78.61613, 8.64302 ], [ -78.62492, 8.64803 ], [ -78.62688, 8.64927 ], [ -78.62871, 8.65068 ], [ -78.6304, 8.65226 ], [ -78.63195, 8.65399 ], [ -78.63332, 8.65585 ], [ -78.63452, 8.65783 ], [ -78.64087, 8.66954 ], [ -78.64232, 8.67274 ], [ -78.64633, 8.68352 ], [ -78.64777, 8.68323 ], [ -78.65017, 8.68299 ], [ -78.65259, 8.68297 ], [ -78.655, 8.68319 ], [ -78.65738, 8.68365 ], [ -78.6597, 8.68433 ], [ -78.66194, 8.68523 ], [ -78.66409, 8.68634 ], [ -78.66612, 8.68766 ], [ -78.66801, 8.68916 ], [ -78.66975, 8.69084 ], [ -78.67132, 8.69269 ], [ -78.69434, 8.72255 ], [ -78.70946, 8.7223 ], [ -78.71183, 8.72238 ], [ -78.71418, 8.72268 ], [ -78.7165, 8.72319 ], [ -78.71875, 8.72393 ], [ -78.72092, 8.72488 ], [ -78.723, 8.72602 ], [ -78.74253, 8.73807 ], [ -78.74451, 8.73944 ], [ -78.74636, 8.74098 ], [ -78.74805, 8.7427 ], [ -78.74956, 8.74457 ], [ -78.75089, 8.74658 ], [ -78.75202, 8.74871 ], [ -78.76977, 8.78644 ], [ -78.78158, 8.79675 ], [ -78.78329, 8.79839 ], [ -78.78483, 8.80019 ], [ -78.78543, 8.80104 ], [ -78.78562, 8.80094 ], [ -78.80202, 8.79305 ], [ -78.80423, 8.79212 ], [ -78.80651, 8.7914 ], [ -78.80885, 8.7909 ], [ -78.82386, 8.78846 ], [ -78.82645, 8.78818 ], [ -78.82906, 8.78817 ], [ -78.83165, 8.78843 ], [ -78.83421, 8.78896 ], [ -78.83669, 8.78975 ], [ -78.84682, 8.79357 ], [ -78.84912, 8.79457 ], [ -78.85131, 8.79579 ], [ -78.85336, 8.79723 ], [ -78.85526, 8.79887 ], [ -78.85698, 8.80069 ], [ -78.87655, 8.82352 ], [ -78.87804, 8.82544 ], [ -78.87934, 8.8275 ], [ -78.88043, 8.82968 ], [ -78.88743, 8.84551 ], [ -78.88838, 8.84799 ], [ -78.88905, 8.85056 ], [ -78.89276, 8.86847 ], [ -78.89447, 8.87371 ], [ -79.01388, 8.93583 ], [ -79.06297, 8.9466 ], [ -79.06535, 8.94725 ], [ -79.06767, 8.94813 ], [ -79.06988, 8.94924 ], [ -79.07197, 8.95056 ], [ -79.09736, 8.96838 ], [ -79.09935, 8.96993 ], [ -79.10117, 8.97167 ], [ -79.10247, 8.97319 ], [ -79.10406, 8.97221 ], [ -79.10636, 8.9711 ], [ -79.10875, 8.97023 ], [ -79.11122, 8.96961 ], [ -79.11373, 8.96924 ], [ -79.11628, 8.96913 ], [ -79.11882, 8.96928 ], [ -79.12133, 8.96969 ], [ -79.13683, 8.97302 ], [ -79.13895, 8.97357 ], [ -79.14101, 8.9743 ], [ -79.14299, 8.97522 ], [ -79.14717, 8.97736 ], [ -79.1689, 8.98326 ], [ -79.17121, 8.98401 ], [ -79.17343, 8.98499 ], [ -79.17376, 8.98517 ], [ -79.18522, 8.98143 ], [ -79.18758, 8.98078 ], [ -79.18999, 8.98037 ], [ -79.19242, 8.9802 ], [ -79.19487, 8.98026 ], [ -79.19729, 8.98057 ], [ -79.27309, 8.99384 ], [ -79.29466, 8.98962 ], [ -79.29705, 8.98927 ], [ -79.29947, 8.98915 ], [ -79.30573, 8.98915 ], [ -79.30818, 8.98927 ], [ -79.31061, 8.98963 ], [ -79.31299, 8.99023 ], [ -79.3153, 8.99105 ], [ -79.31635, 8.99155 ], [ -79.32295, 8.98952 ], [ -79.32534, 8.98891 ], [ -79.32778, 8.98854 ], [ -79.33025, 8.98841 ], [ -79.33271, 8.98853 ], [ -79.38197, 8.99328 ], [ -79.39797, 8.98512 ], [ -79.4003, 8.98408 ], [ -79.40272, 8.98328 ], [ -79.40521, 8.98273 ], [ -79.40775, 8.98244 ], [ -79.4103, 8.98241 ], [ -79.41284, 8.98264 ], [ -79.41534, 8.98312 ], [ -79.41778, 8.98386 ], [ -79.42014, 8.98485 ], [ -79.42238, 8.98607 ], [ -79.42448, 8.98751 ], [ -79.42464, 8.98763 ], [ -79.42799, 8.98632 ], [ -79.43019, 8.98557 ], [ -79.43245, 8.98503 ], [ -79.44771, 8.98213 ], [ -79.45818, 8.97822 ], [ -79.46074, 8.97742 ], [ -79.46276, 8.97702 ], [ -79.46293, 8.97669 ], [ -79.46419, 8.97469 ], [ -79.46563, 8.97282 ], [ -79.46724, 8.9711 ], [ -79.46901, 8.96953 ], [ -79.47091, 8.96814 ], [ -79.47164, 8.96766 ], [ -79.4728, 8.96642 ], [ -79.47443, 8.96482 ], [ -79.4762, 8.96338 ], [ -79.47809, 8.96211 ], [ -79.4954, 8.95159 ], [ -79.49525, 8.94922 ], [ -79.49535, 8.9467 ], [ -79.49569, 8.9442 ], [ -79.49629, 8.94175 ], [ -79.49825, 8.93516 ], [ -79.49907, 8.93283 ], [ -79.4995, 8.93192 ], [ -79.49405, 8.92277 ], [ -79.4927, 8.92017 ], [ -79.49167, 8.91744 ], [ -79.48797, 8.9056 ], [ -79.48735, 8.9032 ], [ -79.48697, 8.90074 ], [ -79.48683, 8.89827 ], [ -79.48694, 8.89579 ], [ -79.4873, 8.89333 ], [ -79.48789, 8.89092 ], [ -79.48873, 8.88859 ], [ -79.48979, 8.88634 ], [ -79.49107, 8.88422 ], [ -79.49255, 8.88223 ], [ -79.49422, 8.8804 ], [ -79.49606, 8.87874 ], [ -79.49807, 8.87727 ], [ -79.5002, 8.87601 ], [ -79.50245, 8.87497 ], [ -79.5048, 8.87415 ], [ -79.50721, 8.87357 ], [ -79.50967, 8.87323 ], [ -79.51215, 8.87314 ], [ -79.51462, 8.8733 ], [ -79.51707, 8.8737 ], [ -79.51947, 8.87433 ], [ -79.52179, 8.87521 ], [ -79.52401, 8.87631 ], [ -79.52612, 8.87762 ], [ -79.53926, 8.88677 ], [ -79.53956, 8.887 ], [ -79.54013, 8.88493 ], [ -79.54108, 8.88249 ], [ -79.54228, 8.88016 ], [ -79.54372, 8.87798 ], [ -79.54538, 8.87595 ], [ -79.54724, 8.87411 ], [ -79.54928, 8.87247 ], [ -79.56389, 8.86197 ], [ -79.56594, 8.86064 ], [ -79.56811, 8.85952 ], [ -79.57039, 8.85862 ], [ -79.57273, 8.85794 ], [ -79.57514, 8.85749 ], [ -79.57757, 8.85729 ], [ -79.58002, 8.85732 ], [ -79.58245, 8.85759 ], [ -79.58484, 8.85809 ], [ -79.58717, 8.85883 ], [ -79.60352, 8.86489 ], [ -79.63075, 8.86009 ], [ -79.63075, 8.85712 ], [ -79.63087, 8.85463 ], [ -79.63124, 8.85217 ], [ -79.63186, 8.84976 ], [ -79.63271, 8.84742 ], [ -79.63379, 8.84517 ], [ -79.63509, 8.84305 ], [ -79.63659, 8.84106 ], [ -79.63828, 8.83924 ], [ -79.64015, 8.83759 ], [ -79.64217, 8.83613 ], [ -79.64432, 8.83489 ], [ -79.64659, 8.83386 ], [ -79.64895, 8.83306 ], [ -79.65138, 8.83251 ], [ -79.65385, 8.83219 ], [ -79.65633, 8.83213 ], [ -79.65882, 8.83231 ], [ -79.66127, 8.83274 ], [ -79.66367, 8.83341 ], [ -79.67478, 8.83712 ], [ -79.67511, 8.83724 ], [ -79.67595, 8.83583 ], [ -79.67738, 8.8339 ], [ -79.67898, 8.83211 ], [ -79.68075, 8.83049 ], [ -79.68266, 8.82904 ], [ -79.68471, 8.82778 ], [ -79.68686, 8.82673 ], [ -79.68911, 8.82588 ], [ -79.69143, 8.82526 ], [ -79.6938, 8.82486 ], [ -79.69619, 8.82469 ], [ -79.69859, 8.82475 ], [ -79.70098, 8.82504 ], [ -79.70997, 8.82657 ], [ -79.71495, 8.82403 ], [ -79.72339, 8.81502 ], [ -79.72845, 8.80637 ], [ -79.73107, 8.79446 ], [ -79.72772, 8.74745 ], [ -79.72655, 8.74675 ], [ -79.72459, 8.74529 ], [ -79.72277, 8.74364 ], [ -79.72113, 8.74182 ], [ -79.71967, 8.73985 ], [ -79.71755, 8.73667 ], [ -79.71635, 8.73468 ], [ -79.71535, 8.73259 ], [ -79.71454, 8.73042 ], [ -79.71394, 8.72818 ], [ -79.71354, 8.72589 ], [ -79.71336, 8.72358 ], [ -79.7134, 8.72126 ], [ -79.71365, 8.71896 ], [ -79.71463, 8.71266 ], [ -79.71516, 8.71012 ], [ -79.71595, 8.70766 ], [ -79.71798, 8.70229 ], [ -79.71881, 8.70034 ], [ -79.71981, 8.69846 ], [ -79.72142, 8.69572 ], [ -79.72283, 8.69091 ], [ -79.72347, 8.68901 ], [ -79.72426, 8.68717 ], [ -79.72824, 8.67883 ], [ -79.72984, 8.67597 ], [ -79.73505, 8.66796 ], [ -79.73709, 8.66525 ], [ -79.73845, 8.66368 ], [ -79.72886, 8.66848 ], [ -79.72232, 8.67203 ], [ -79.72182, 8.67267 ], [ -79.72017, 8.67458 ], [ -79.71834, 8.67632 ], [ -79.71634, 8.67786 ], [ -79.71419, 8.67919 ], [ -79.71193, 8.6803 ], [ -79.70956, 8.68118 ], [ -79.70711, 8.68181 ], [ -79.70461, 8.68219 ], [ -79.70209, 8.68232 ], [ -79.69727, 8.68232 ], [ -79.69489, 8.68221 ], [ -79.69253, 8.68187 ], [ -79.69021, 8.6813 ], [ -79.68796, 8.68052 ], [ -79.68579, 8.67953 ], [ -79.68372, 8.67833 ], [ -79.68178, 8.67695 ], [ -79.67998, 8.67538 ], [ -79.67834, 8.67365 ], [ -79.67687, 8.67177 ], [ -79.67559, 8.66976 ], [ -79.6745, 8.66764 ], [ -79.67362, 8.66542 ], [ -79.67296, 8.66313 ], [ -79.67251, 8.66079 ], [ -79.67229, 8.65842 ], [ -79.67192, 8.64999 ], [ -79.67194, 8.64743 ], [ -79.67222, 8.64489 ], [ -79.67276, 8.64238 ], [ -79.67355, 8.63995 ], [ -79.67459, 8.63761 ], [ -79.6783, 8.63027 ], [ -79.67939, 8.62833 ], [ -79.68065, 8.6265 ], [ -79.68207, 8.62478 ], [ -79.68363, 8.6232 ], [ -79.68533, 8.62176 ], [ -79.71835, 8.59628 ], [ -79.7577, 8.56095 ], [ -79.75948, 8.55949 ], [ -79.76138, 8.55821 ], [ -79.76339, 8.5571 ], [ -79.7655, 8.55619 ], [ -79.78477, 8.54885 ], [ -79.78591, 8.54845 ], [ -79.81854, 8.53779 ], [ -79.8204, 8.53726 ], [ -79.84481, 8.53133 ], [ -79.84481, 8.53066 ], [ -79.84505, 8.52813 ], [ -79.84555, 8.52563 ], [ -79.8475, 8.51798 ], [ -79.84822, 8.51566 ], [ -79.84916, 8.51341 ], [ -79.85031, 8.51126 ], [ -79.85167, 8.50924 ], [ -79.85322, 8.50736 ], [ -79.85636, 8.5039 ], [ -79.85793, 8.50231 ], [ -79.85965, 8.50087 ], [ -79.86148, 8.49959 ], [ -79.86343, 8.49847 ], [ -79.86546, 8.49754 ], [ -79.87058, 8.49546 ], [ -79.87273, 8.4947 ], [ -79.87494, 8.49414 ], [ -79.88224, 8.49262 ], [ -79.89355, 8.48214 ], [ -79.89605, 8.4801 ], [ -79.90313, 8.47506 ], [ -79.90523, 8.47372 ], [ -79.90745, 8.4726 ], [ -79.90977, 8.4717 ], [ -79.91217, 8.47103 ], [ -79.9135, 8.47073 ], [ -79.91958, 8.45894 ], [ -79.92083, 8.45679 ], [ -79.92228, 8.45479 ], [ -79.92392, 8.45293 ], [ -79.92573, 8.45125 ], [ -79.92722, 8.45 ], [ -79.92816, 8.44845 ], [ -79.92951, 8.44661 ], [ -79.93102, 8.4449 ], [ -79.93268, 8.44334 ], [ -79.95392, 8.42511 ], [ -79.95653, 8.42315 ], [ -80.06721, 8.35084 ], [ -80.06947, 8.34953 ], [ -80.18414, 8.29069 ], [ -80.18619, 8.28975 ], [ -80.2156, 8.27787 ], [ -80.21759, 8.27716 ], [ -80.21964, 8.27662 ], [ -80.22173, 8.27626 ], [ -80.2695, 8.27004 ], [ -80.2716, 8.26986 ], [ -80.2737, 8.26985 ], [ -80.2758, 8.27002 ], [ -80.28468, 8.27112 ], [ -80.28732, 8.27159 ], [ -80.28989, 8.27234 ], [ -80.29881, 8.27547 ], [ -80.30008, 8.27512 ], [ -80.3155, 8.26775 ], [ -80.31735, 8.26696 ], [ -80.31927, 8.26631 ], [ -80.32721, 8.26399 ], [ -80.32979, 8.26339 ], [ -80.33242, 8.26306 ], [ -80.33506, 8.263 ], [ -80.3377, 8.26323 ], [ -80.3403, 8.26374 ], [ -80.36756, 8.27058 ], [ -80.37018, 8.27139 ], [ -80.3727, 8.27249 ], [ -80.37507, 8.27385 ], [ -80.37513, 8.27389 ], [ -80.3752, 8.27384 ], [ -80.39128, 8.26343 ], [ -80.44924, 8.20626 ], [ -80.453, 8.19758 ], [ -80.44986, 8.10734 ], [ -80.44999, 8.10377 ], [ -80.45115, 8.09314 ], [ -80.44979, 8.09181 ], [ -80.44826, 8.08997 ], [ -80.4469, 8.088 ], [ -80.44574, 8.08591 ], [ -80.44479, 8.08371 ], [ -80.43755, 8.06458 ], [ -80.43667, 8.06176 ], [ -80.43376, 8.05005 ], [ -80.42734, 8.04872 ], [ -80.42484, 8.04807 ], [ -80.42242, 8.04716 ], [ -80.3843, 8.03056 ], [ -80.38198, 8.02941 ], [ -80.3798, 8.02802 ], [ -80.37149, 8.02212 ], [ -80.34173, 8.01325 ], [ -80.33952, 8.01248 ], [ -80.33739, 8.0115 ], [ -80.33536, 8.01032 ], [ -80.33345, 8.00897 ], [ -80.33167, 8.00744 ], [ -80.33005, 8.00575 ], [ -80.32859, 8.00391 ], [ -80.32731, 8.00195 ], [ -80.30619, 7.96598 ], [ -80.30504, 7.96377 ], [ -80.30411, 7.96145 ], [ -80.29015, 7.92088 ], [ -80.27994, 7.8993 ], [ -80.18893, 7.82715 ], [ -80.1877, 7.82611 ], [ -80.12703, 7.7713 ], [ -80.12554, 7.76984 ], [ -80.12418, 7.76825 ], [ -80.03279, 7.65261 ], [ -80.03157, 7.65093 ], [ -80.03049, 7.64915 ], [ -79.98386, 7.56431 ], [ -79.98268, 7.56186 ], [ -79.97043, 7.53236 ], [ -79.96966, 7.53023 ], [ -79.96908, 7.52804 ], [ -79.96871, 7.52581 ], [ -79.96853, 7.52356 ], [ -79.96856, 7.5213 ], [ -79.9697, 7.50198 ], [ -79.97001, 7.4993 ], [ -79.9706, 7.49667 ], [ -79.97147, 7.49412 ], [ -79.98685, 7.45591 ], [ -79.98779, 7.45383 ], [ -79.98892, 7.45186 ], [ -79.99023, 7.44999 ], [ -79.9917, 7.44825 ], [ -79.99951, 7.43982 ], [ -80.00127, 7.4381 ], [ -80.0032, 7.43655 ], [ -80.00526, 7.43521 ], [ -80.00745, 7.43407 ], [ -80.00974, 7.43316 ], [ -80.01211, 7.43248 ], [ -80.02432, 7.4296 ], [ -80.02653, 7.42918 ], [ -80.02876, 7.42896 ], [ -80.05381, 7.42766 ], [ -80.05823, 7.42683 ], [ -80.12678, 7.40121 ], [ -80.12891, 7.40052 ], [ -80.1311, 7.40003 ], [ -80.13332, 7.39973 ], [ -80.13556, 7.39963 ], [ -80.19192, 7.3997 ], [ -80.19832, 7.39606 ], [ -80.20043, 7.39499 ], [ -80.20263, 7.39412 ], [ -80.20491, 7.39346 ], [ -80.20724, 7.39303 ], [ -80.2096, 7.39281 ], [ -80.21197, 7.39282 ], [ -80.21433, 7.39306 ], [ -80.21666, 7.39352 ], [ -80.21893, 7.39419 ], [ -80.22113, 7.39508 ], [ -80.23096, 7.3996 ], [ -80.24628, 7.40317 ], [ -80.24676, 7.40286 ], [ -80.24899, 7.40175 ], [ -80.25131, 7.40086 ], [ -80.31951, 7.37863 ], [ -80.33439, 7.36791 ], [ -80.33543, 7.36096 ], [ -80.32299, 7.34034 ], [ -80.32183, 7.3382 ], [ -80.32089, 7.33595 ], [ -80.32017, 7.33363 ], [ -80.31968, 7.33124 ], [ -80.31943, 7.32882 ], [ -80.31941, 7.32639 ], [ -80.31963, 7.32397 ], [ -80.32008, 7.32158 ], [ -80.32076, 7.31924 ], [ -80.32393, 7.31008 ], [ -80.32487, 7.30777 ], [ -80.32602, 7.30556 ], [ -80.3274, 7.30348 ], [ -80.32897, 7.30154 ], [ -80.33073, 7.29978 ], [ -80.33265, 7.29819 ], [ -80.33473, 7.29681 ], [ -80.33693, 7.29563 ], [ -80.33923, 7.29469 ], [ -80.34162, 7.29397 ], [ -80.34407, 7.2935 ], [ -80.3671, 7.29026 ], [ -80.36918, 7.28966 ], [ -80.37233, 7.28776 ], [ -80.37305, 7.28713 ], [ -80.37448, 7.281 ], [ -80.37517, 7.27857 ], [ -80.37611, 7.27622 ], [ -80.37728, 7.27398 ], [ -80.37867, 7.27187 ], [ -80.38026, 7.26991 ], [ -80.38205, 7.26812 ], [ -80.384, 7.26652 ], [ -80.38611, 7.26513 ], [ -80.39266, 7.26126 ], [ -80.39465, 7.2602 ], [ -80.39672, 7.25933 ], [ -80.39887, 7.25864 ], [ -80.40316, 7.25748 ], [ -80.40316, 7.25718 ], [ -80.40344, 7.25455 ], [ -80.40442, 7.24841 ], [ -80.40493, 7.246 ], [ -80.40567, 7.24365 ], [ -80.40664, 7.24139 ], [ -80.40783, 7.23923 ], [ -80.40922, 7.23721 ], [ -80.41081, 7.23532 ], [ -80.41257, 7.23361 ], [ -80.41449, 7.23207 ], [ -80.42262, 7.22621 ], [ -80.42452, 7.22497 ], [ -80.42652, 7.22391 ], [ -80.42861, 7.22303 ], [ -80.43077, 7.22234 ], [ -80.43298, 7.22186 ], [ -80.43523, 7.22157 ], [ -80.4428, 7.22096 ], [ -80.44515, 7.22088 ], [ -80.4475, 7.22103 ], [ -80.44982, 7.22139 ], [ -80.4521, 7.22197 ], [ -80.46932, 7.22722 ], [ -80.47486, 7.22808 ], [ -80.593, 7.21334 ], [ -80.70855, 7.19188 ], [ -80.71038, 7.19161 ], [ -80.71222, 7.19148 ], [ -80.79246, 7.18859 ], [ -80.79496, 7.18862 ], [ -80.79743, 7.1889 ], [ -80.79987, 7.18943 ], [ -80.8119, 7.19268 ], [ -80.81276, 7.19209 ], [ -80.81486, 7.19092 ], [ -80.81706, 7.18996 ], [ -80.82218, 7.18801 ], [ -80.82465, 7.18721 ], [ -80.82719, 7.18667 ], [ -80.82977, 7.1864 ], [ -80.83237, 7.1864 ], [ -80.83495, 7.18667 ], [ -80.83749, 7.18721 ], [ -80.83996, 7.188 ], [ -80.84299, 7.18915 ], [ -80.8443, 7.18787 ], [ -80.8462, 7.18619 ], [ -80.84826, 7.18471 ], [ -80.85046, 7.18344 ], [ -80.85278, 7.18241 ], [ -80.85519, 7.18161 ], [ -80.85767, 7.18106 ], [ -80.86019, 7.18077 ], [ -80.86273, 7.18074 ], [ -80.86526, 7.18096 ], [ -80.86775, 7.18144 ], [ -80.87019, 7.18217 ], [ -80.87253, 7.18314 ], [ -80.87477, 7.18434 ], [ -80.88604, 7.19117 ], [ -80.88804, 7.19252 ], [ -80.8899, 7.19405 ], [ -80.89161, 7.19576 ], [ -80.89314, 7.19763 ], [ -80.89448, 7.19963 ], [ -80.90825, 7.22243 ], [ -80.90914, 7.22316 ], [ -80.91339, 7.22587 ], [ -80.91746, 7.22757 ], [ -80.92406, 7.22864 ], [ -80.926, 7.22903 ], [ -80.92789, 7.22958 ], [ -80.93754, 7.23276 ], [ -80.93986, 7.23365 ], [ -80.94207, 7.23476 ], [ -80.94416, 7.23609 ], [ -80.94611, 7.23762 ], [ -80.9479, 7.23934 ], [ -80.94951, 7.24123 ], [ -80.95093, 7.24326 ], [ -80.95213, 7.24543 ], [ -80.95312, 7.2477 ], [ -80.95388, 7.25006 ], [ -80.9544, 7.25249 ], [ -80.95467, 7.25495 ], [ -80.95511, 7.26203 ], [ -80.95515, 7.26432 ], [ -80.95498, 7.26661 ], [ -80.95459, 7.26887 ], [ -80.95401, 7.27109 ], [ -80.95322, 7.27324 ], [ -80.95223, 7.27531 ], [ -80.95107, 7.27729 ], [ -80.94648, 7.28429 ], [ -80.9451, 7.28618 ], [ -80.94356, 7.28794 ], [ -80.94186, 7.28954 ], [ -80.94164, 7.28971 ], [ -80.9421, 7.29831 ], [ -80.94203, 7.30194 ], [ -80.94126, 7.31024 ], [ -80.94095, 7.31248 ], [ -80.94044, 7.31467 ], [ -80.93974, 7.31682 ], [ -80.93884, 7.31889 ], [ -80.93776, 7.32087 ], [ -80.93651, 7.32275 ], [ -80.9313, 7.32983 ], [ -80.92978, 7.33169 ], [ -80.92809, 7.3334 ], [ -80.92625, 7.33494 ], [ -80.91852, 7.3408 ], [ -80.91722, 7.34558 ], [ -80.91672, 7.35764 ], [ -80.91744, 7.36057 ], [ -80.93411, 7.37065 ], [ -80.93608, 7.37197 ], [ -80.93792, 7.37348 ], [ -80.93961, 7.37515 ], [ -80.94113, 7.37698 ], [ -80.94247, 7.37894 ], [ -80.94361, 7.38103 ], [ -80.94456, 7.38321 ], [ -80.94529, 7.38547 ], [ -80.94581, 7.38779 ], [ -80.9461, 7.39014 ], [ -80.94617, 7.39252 ], [ -80.94581, 7.41127 ], [ -80.94562, 7.41386 ], [ -80.94517, 7.41642 ], [ -80.94445, 7.41892 ], [ -80.93677, 7.44128 ], [ -80.96697, 7.47377 ], [ -80.96727, 7.47395 ], [ -80.96949, 7.47541 ], [ -80.97154, 7.47711 ], [ -80.97911, 7.48407 ], [ -80.98065, 7.48561 ], [ -80.98205, 7.48729 ], [ -80.9833, 7.48908 ], [ -80.98802, 7.49652 ], [ -80.98926, 7.49871 ], [ -80.99028, 7.50102 ], [ -80.99105, 7.50342 ], [ -80.99158, 7.50589 ], [ -80.99186, 7.5084 ], [ -80.99189, 7.51092 ], [ -80.99166, 7.51344 ], [ -80.99118, 7.51591 ], [ -80.99045, 7.51833 ], [ -80.98948, 7.52066 ], [ -80.98828, 7.52288 ], [ -80.98687, 7.52497 ], [ -80.98525, 7.5269 ], [ -80.98344, 7.52866 ], [ -80.98147, 7.53023 ], [ -80.97934, 7.5316 ], [ -80.97709, 7.53289 ], [ -80.9765, 7.53829 ], [ -80.97607, 7.54094 ], [ -80.97535, 7.54354 ], [ -80.97436, 7.54604 ], [ -80.97258, 7.54992 ], [ -80.97487, 7.55333 ], [ -80.98471, 7.56254 ], [ -80.99332, 7.56849 ], [ -80.99524, 7.56996 ], [ -80.99701, 7.5716 ], [ -80.99861, 7.57341 ], [ -81.00003, 7.57537 ], [ -81.00125, 7.57745 ], [ -81.00227, 7.57964 ], [ -81.00307, 7.58192 ], [ -81.00364, 7.58426 ], [ -81.00399, 7.58665 ], [ -81.00411, 7.58906 ], [ -81.00411, 7.59589 ], [ -81.00399, 7.59834 ], [ -81.00384, 7.59937 ], [ -81.03521, 7.63037 ], [ -81.03965, 7.63286 ], [ -81.04449, 7.63426 ], [ -81.04663, 7.63499 ], [ -81.0487, 7.63591 ], [ -81.05067, 7.63701 ], [ -81.05254, 7.63829 ], [ -81.05428, 7.63973 ], [ -81.05806, 7.64315 ], [ -81.0598, 7.64488 ], [ -81.06136, 7.64678 ], [ -81.06272, 7.64882 ], [ -81.06388, 7.65098 ], [ -81.06482, 7.65325 ], [ -81.06554, 7.65559 ], [ -81.06602, 7.658 ], [ -81.06626, 7.66044 ], [ -81.06626, 7.66289 ], [ -81.06602, 7.66534 ], [ -81.06464, 7.6747 ], [ -81.06407, 7.67748 ], [ -81.06319, 7.68017 ], [ -81.062, 7.68275 ], [ -81.05744, 7.69137 ], [ -81.05905, 7.69255 ], [ -81.06085, 7.69416 ], [ -81.06249, 7.69594 ], [ -81.06395, 7.69786 ], [ -81.06522, 7.69992 ], [ -81.06628, 7.7021 ], [ -81.06713, 7.70436 ], [ -81.06864, 7.70908 ], [ -81.06926, 7.7114 ], [ -81.06966, 7.71377 ], [ -81.06982, 7.71616 ], [ -81.06976, 7.71856 ], [ -81.06947, 7.72094 ], [ -81.06895, 7.72328 ], [ -81.06821, 7.72557 ], [ -81.06725, 7.72777 ], [ -81.06701, 7.7282 ], [ -81.06878, 7.72928 ], [ -81.07496, 7.73343 ], [ -81.07692, 7.73489 ], [ -81.07873, 7.73653 ], [ -81.08037, 7.73835 ], [ -81.08182, 7.74031 ], [ -81.08185, 7.74036 ], [ -81.0838, 7.74083 ], [ -81.08616, 7.74166 ], [ -81.08843, 7.74273 ], [ -81.09058, 7.74401 ], [ -81.09259, 7.74551 ], [ -81.09444, 7.74719 ], [ -81.09611, 7.74906 ], [ -81.09759, 7.75108 ], [ -81.10699, 7.7654 ], [ -81.1083, 7.76764 ], [ -81.10937, 7.77001 ], [ -81.11019, 7.77247 ], [ -81.11075, 7.77501 ], [ -81.11104, 7.77759 ], [ -81.11107, 7.78019 ], [ -81.11042, 7.79541 ], [ -81.1102, 7.79779 ], [ -81.10976, 7.80014 ], [ -81.10909, 7.80244 ], [ -81.10821, 7.80466 ], [ -81.10712, 7.80679 ], [ -81.10583, 7.8088 ], [ -81.10435, 7.81069 ], [ -81.10271, 7.81242 ], [ -81.09759, 7.81731 ], [ -81.13305, 7.81731 ], [ -81.13584, 7.81747 ], [ -81.1386, 7.81793 ], [ -81.14791, 7.82005 ], [ -81.15045, 7.82078 ], [ -81.1529, 7.82176 ], [ -81.15426, 7.82249 ], [ -81.14266, 7.80081 ], [ -81.14165, 7.79868 ], [ -81.14084, 7.79646 ], [ -81.14024, 7.79418 ], [ -81.13986, 7.79185 ], [ -81.1397, 7.7895 ], [ -81.13977, 7.78714 ], [ -81.14006, 7.7848 ], [ -81.14056, 7.78249 ], [ -81.14129, 7.78025 ], [ -81.15102, 7.75425 ], [ -81.1519, 7.75218 ], [ -81.15296, 7.7502 ], [ -81.1542, 7.74832 ], [ -81.1556, 7.74657 ], [ -81.15715, 7.74494 ], [ -81.17691, 7.72605 ], [ -81.17638, 7.7253 ], [ -81.17517, 7.72314 ], [ -81.17417, 7.72087 ], [ -81.1699, 7.70964 ], [ -81.16918, 7.70744 ], [ -81.16867, 7.7052 ], [ -81.16836, 7.70291 ], [ -81.16827, 7.7006 ], [ -81.16839, 7.6983 ], [ -81.17232, 7.65837 ], [ -81.17085, 7.65008 ], [ -81.17048, 7.64672 ], [ -81.1702, 7.63988 ], [ -81.17023, 7.63736 ], [ -81.1705, 7.63485 ], [ -81.17104, 7.63238 ], [ -81.1734, 7.62359 ], [ -81.17416, 7.62123 ], [ -81.17515, 7.61896 ], [ -81.17636, 7.61679 ], [ -81.17778, 7.61476 ], [ -81.18156, 7.60988 ], [ -81.18346, 7.6077 ], [ -81.18561, 7.60575 ], [ -81.19507, 7.5981 ], [ -81.19773, 7.59438 ], [ -81.19921, 7.59252 ], [ -81.20085, 7.59081 ], [ -81.20264, 7.58926 ], [ -81.20458, 7.58789 ], [ -81.20663, 7.58671 ], [ -81.20879, 7.58573 ], [ -81.21103, 7.58496 ], [ -81.21334, 7.5844 ], [ -81.21568, 7.58406 ], [ -81.21805, 7.58395 ], [ -81.22549, 7.58395 ], [ -81.22813, 7.58409 ], [ -81.23075, 7.58451 ], [ -81.2333, 7.5852 ], [ -81.23577, 7.58616 ], [ -81.23812, 7.58738 ], [ -81.24034, 7.58883 ], [ -81.24741, 7.59405 ], [ -81.27425, 7.60834 ], [ -81.27714, 7.60879 ], [ -81.27961, 7.6093 ], [ -81.28202, 7.61006 ], [ -81.28433, 7.61106 ], [ -81.28654, 7.61228 ], [ -81.28861, 7.61373 ], [ -81.29052, 7.61537 ], [ -81.29226, 7.6172 ], [ -81.29381, 7.61919 ], [ -81.29514, 7.62133 ], [ -81.29626, 7.62359 ], [ -81.29713, 7.62563 ], [ -81.31411, 7.62554 ], [ -81.31641, 7.62563 ], [ -81.31869, 7.62594 ], [ -81.32093, 7.62645 ], [ -81.39924, 7.64822 ], [ -81.42183, 7.64615 ], [ -81.42436, 7.64605 ], [ -81.42689, 7.64621 ], [ -81.42939, 7.64662 ], [ -81.43184, 7.64728 ], [ -81.43421, 7.64818 ], [ -81.43647, 7.64933 ], [ -81.43861, 7.65069 ], [ -81.44059, 7.65226 ], [ -81.44241, 7.65403 ], [ -81.44404, 7.65597 ], [ -81.44547, 7.65807 ], [ -81.44667, 7.6603 ], [ -81.44764, 7.66264 ], [ -81.45072, 7.67126 ], [ -81.4543, 7.67663 ], [ -81.45584, 7.67814 ], [ -81.46789, 7.67515 ], [ -81.47058, 7.67463 ], [ -81.47332, 7.67442 ], [ -81.47607, 7.6745 ], [ -81.50561, 7.67706 ], [ -81.50821, 7.67743 ], [ -81.51075, 7.67806 ], [ -81.51322, 7.67896 ], [ -81.53556, 7.68844 ], [ -81.53776, 7.6895 ], [ -81.53986, 7.69078 ], [ -81.54181, 7.69226 ], [ -81.54362, 7.69392 ], [ -81.54525, 7.69575 ], [ -81.54669, 7.69773 ], [ -81.54793, 7.69985 ], [ -81.54896, 7.70207 ], [ -81.54977, 7.70439 ], [ -81.55035, 7.70677 ], [ -81.55069, 7.7092 ], [ -81.55146, 7.71766 ], [ -81.55263, 7.71826 ], [ -81.55466, 7.71955 ], [ -81.57482, 7.73386 ], [ -81.58321, 7.73681 ], [ -81.58541, 7.7377 ], [ -81.58751, 7.73879 ], [ -81.58951, 7.74008 ], [ -81.59136, 7.74155 ], [ -81.59308, 7.74319 ], [ -81.59463, 7.74499 ], [ -81.596, 7.74692 ], [ -81.59718, 7.74898 ], [ -81.59816, 7.75114 ], [ -81.59893, 7.75338 ], [ -81.59949, 7.75568 ], [ -81.59983, 7.75803 ], [ -81.59994, 7.7604 ], [ -81.59994, 7.76724 ], [ -81.59984, 7.76952 ], [ -81.59952, 7.77179 ], [ -81.59901, 7.77397 ], [ -81.60063, 7.77556 ], [ -81.60224, 7.7773 ], [ -81.60368, 7.77918 ], [ -81.60494, 7.78119 ], [ -81.606, 7.78332 ], [ -81.61088, 7.79439 ], [ -81.6118, 7.79681 ], [ -81.61246, 7.79932 ], [ -81.61287, 7.80188 ], [ -81.613, 7.80447 ], [ -81.61287, 7.80706 ], [ -81.61116, 7.82346 ], [ -81.61078, 7.82589 ], [ -81.61017, 7.82827 ], [ -81.60933, 7.83058 ], [ -81.60872, 7.83203 ], [ -81.6106, 7.83266 ], [ -81.61271, 7.83359 ], [ -81.61472, 7.83471 ], [ -81.61662, 7.83601 ], [ -81.6184, 7.83747 ], [ -81.62593, 7.84431 ], [ -81.62776, 7.84616 ], [ -81.62939, 7.84819 ], [ -81.6308, 7.85038 ], [ -81.63198, 7.8527 ], [ -81.63291, 7.85513 ], [ -81.63358, 7.85765 ], [ -81.63398, 7.86022 ], [ -81.63412, 7.86282 ], [ -81.63412, 7.86786 ], [ -81.63478, 7.86818 ], [ -81.63685, 7.86946 ], [ -81.63879, 7.87094 ], [ -81.64057, 7.87259 ], [ -81.64219, 7.87441 ], [ -81.64362, 7.87638 ], [ -81.64486, 7.87848 ], [ -81.64588, 7.88069 ], [ -81.64668, 7.88299 ], [ -81.64726, 7.88536 ], [ -81.6476, 7.88777 ], [ -81.64771, 7.8902 ], [ -81.64758, 7.89263 ], [ -81.64721, 7.89504 ], [ -81.64448, 7.90854 ], [ -81.64366, 7.92316 ], [ -81.64467, 7.92361 ], [ -81.64697, 7.92495 ], [ -81.65214, 7.92833 ], [ -81.65403, 7.92969 ], [ -81.65579, 7.93123 ], [ -81.6574, 7.93293 ], [ -81.65884, 7.93477 ], [ -81.6601, 7.93673 ], [ -81.66323, 7.94214 ], [ -81.66434, 7.9443 ], [ -81.66524, 7.94655 ], [ -81.66591, 7.94888 ], [ -81.66636, 7.95126 ], [ -81.66712, 7.95679 ], [ -81.66862, 7.96181 ], [ -81.6907, 7.99203 ], [ -81.69195, 7.9939 ], [ -81.69302, 7.99588 ], [ -81.69329, 7.99651 ], [ -81.69477, 7.99625 ], [ -81.69726, 7.99607 ], [ -81.69975, 7.99613 ], [ -81.70222, 7.99644 ], [ -81.70465, 7.997 ], [ -81.70701, 7.9978 ], [ -81.70929, 7.99882 ], [ -81.71144, 8.00007 ], [ -81.71346, 8.00153 ], [ -81.71533, 8.00318 ], [ -81.72583, 8.01344 ], [ -81.7275, 8.01524 ], [ -81.72898, 8.01719 ], [ -81.73027, 8.01928 ], [ -81.73134, 8.02148 ], [ -81.7322, 8.02378 ], [ -81.73282, 8.02616 ], [ -81.73321, 8.02858 ], [ -81.73336, 8.03103 ], [ -81.73351, 8.04402 ], [ -81.73775, 8.04633 ], [ -81.73982, 8.0476 ], [ -81.74176, 8.04907 ], [ -81.74355, 8.05071 ], [ -81.74517, 8.05252 ], [ -81.7466, 8.05448 ], [ -81.74784, 8.05658 ], [ -81.74887, 8.05878 ], [ -81.74968, 8.06107 ], [ -81.75027, 8.06343 ], [ -81.75062, 8.06583 ], [ -81.75074, 8.06826 ], [ -81.75074, 8.07571 ], [ -81.75062, 8.0782 ], [ -81.75024, 8.08066 ], [ -81.74963, 8.08308 ], [ -81.74878, 8.08542 ], [ -81.7477, 8.08766 ], [ -81.7464, 8.08979 ], [ -81.7449, 8.09177 ], [ -81.7432, 8.0936 ], [ -81.74133, 8.09525 ], [ -81.73931, 8.0967 ], [ -81.73716, 8.09795 ], [ -81.73489, 8.09898 ], [ -81.73252, 8.09977 ], [ -81.7301, 8.10033 ], [ -81.72762, 8.10064 ], [ -81.72513, 8.1007 ], [ -81.72365, 8.10059 ], [ -81.7323, 8.11634 ], [ -81.7399, 8.12574 ], [ -81.74813, 8.11687 ], [ -81.75394, 8.10883 ], [ -81.75541, 8.10699 ], [ -81.75705, 8.10529 ], [ -81.75885, 8.10375 ], [ -81.76078, 8.10239 ], [ -81.76282, 8.10122 ], [ -81.76498, 8.10024 ], [ -81.76721, 8.09948 ], [ -81.7695, 8.09892 ], [ -81.77184, 8.09859 ], [ -81.7742, 8.09848 ], [ -81.78038, 8.09848 ], [ -81.7827, 8.09859 ], [ -81.78499, 8.09891 ], [ -81.78725, 8.09944 ], [ -81.78945, 8.10018 ], [ -81.79157, 8.10112 ], [ -81.79359, 8.10225 ], [ -81.7955, 8.10357 ], [ -81.81069, 8.11511 ], [ -81.88573, 8.1446 ], [ -81.88776, 8.14551 ], [ -81.88971, 8.1466 ], [ -81.89506, 8.1499 ], [ -81.9315, 8.15854 ], [ -81.94429, 8.16016 ], [ -81.94687, 8.16062 ], [ -81.94939, 8.16136 ], [ -81.95181, 8.16235 ], [ -81.95412, 8.16359 ], [ -81.96478, 8.17006 ], [ -81.96588, 8.1708 ], [ -81.96755, 8.17 ], [ -81.96987, 8.16902 ], [ -81.97227, 8.16829 ], [ -81.97473, 8.1678 ], [ -81.97723, 8.16756 ], [ -81.97974, 8.16757 ], [ -81.98224, 8.16783 ], [ -81.98469, 8.16834 ], [ -81.98709, 8.1691 ], [ -81.9894, 8.17009 ], [ -81.99159, 8.17131 ], [ -82.00539, 8.1799 ], [ -82.00695, 8.18095 ], [ -82.00842, 8.18212 ], [ -82.01441, 8.18724 ], [ -82.01514, 8.18676 ], [ -82.01733, 8.1856 ], [ -82.01963, 8.18467 ], [ -82.02201, 8.18397 ], [ -82.02444, 8.18351 ], [ -82.02691, 8.1833 ], [ -82.02939, 8.18333 ], [ -82.06182, 8.18532 ], [ -82.06476, 8.18567 ], [ -82.06763, 8.18637 ], [ -82.0986, 8.19589 ], [ -82.11965, 8.14969 ], [ -82.12076, 8.14754 ], [ -82.12208, 8.1455 ], [ -82.12359, 8.14359 ], [ -82.12527, 8.14185 ], [ -82.12712, 8.14027 ], [ -82.12911, 8.13888 ], [ -82.13123, 8.13769 ], [ -82.13345, 8.13672 ], [ -82.13576, 8.13596 ], [ -82.13813, 8.13543 ], [ -82.13917, 8.1353 ], [ -82.14073, 8.13456 ], [ -82.14304, 8.13374 ], [ -82.14542, 8.13314 ], [ -82.14785, 8.13278 ], [ -82.1503, 8.13266 ], [ -82.15652, 8.13266 ], [ -82.15896, 8.13278 ], [ -82.16137, 8.13313 ], [ -82.16373, 8.13372 ], [ -82.16603, 8.13454 ], [ -82.16824, 8.13558 ], [ -82.17033, 8.13682 ], [ -82.1723, 8.13827 ], [ -82.17411, 8.1399 ], [ -82.17576, 8.14169 ], [ -82.17722, 8.14364 ], [ -82.17849, 8.14573 ], [ -82.17955, 8.14792 ], [ -82.18038, 8.15021 ], [ -82.181, 8.15257 ], [ -82.18138, 8.15498 ], [ -82.18152, 8.15741 ], [ -82.18142, 8.15985 ], [ -82.18109, 8.16227 ], [ -82.18053, 8.16464 ], [ -82.17973, 8.16694 ], [ -82.17778, 8.17182 ], [ -82.17782, 8.17188 ], [ -82.179, 8.17403 ], [ -82.17956, 8.17534 ], [ -82.18348, 8.17464 ], [ -82.18598, 8.17432 ], [ -82.18851, 8.17426 ], [ -82.19103, 8.17445 ], [ -82.19352, 8.17489 ], [ -82.19595, 8.17558 ], [ -82.20025, 8.17704 ], [ -82.20206, 8.17617 ], [ -82.20434, 8.17533 ], [ -82.20669, 8.17472 ], [ -82.20908, 8.17435 ], [ -82.2115, 8.1742 ], [ -82.21393, 8.17429 ], [ -82.21633, 8.17462 ], [ -82.21869, 8.17517 ], [ -82.22142, 8.17595 ], [ -82.22133, 8.17557 ], [ -82.22103, 8.17311 ], [ -82.22097, 8.17064 ], [ -82.22116, 8.16817 ], [ -82.22159, 8.16573 ], [ -82.22226, 8.16335 ], [ -82.22316, 8.16104 ], [ -82.22428, 8.15884 ], [ -82.22562, 8.15676 ], [ -82.22716, 8.15482 ], [ -82.22888, 8.15304 ], [ -82.23077, 8.15144 ], [ -82.2328, 8.15003 ], [ -82.23497, 8.14883 ], [ -82.23725, 8.14786 ], [ -82.2396, 8.14711 ], [ -82.24203, 8.1466 ], [ -82.24449, 8.14633 ], [ -82.24696, 8.14631 ], [ -82.24943, 8.14653 ], [ -82.25186, 8.147 ], [ -82.25423, 8.1477 ], [ -82.25653, 8.14863 ], [ -82.25871, 8.14979 ], [ -82.26078, 8.15115 ], [ -82.2845, 8.16861 ], [ -82.28579, 8.16891 ], [ -82.30455, 8.17131 ], [ -82.3071, 8.17177 ], [ -82.30959, 8.1725 ], [ -82.31199, 8.17347 ], [ -82.31858, 8.17656 ], [ -82.32072, 8.1777 ], [ -82.32274, 8.17903 ], [ -82.32462, 8.18055 ], [ -82.32634, 8.18224 ], [ -82.32789, 8.1841 ], [ -82.32926, 8.18609 ], [ -82.33042, 8.18821 ], [ -82.33811, 8.20392 ], [ -82.33855, 8.20495 ], [ -82.35811, 8.19471 ], [ -82.35998, 8.19383 ], [ -82.36193, 8.1931 ], [ -82.36392, 8.19254 ], [ -82.38068, 8.18856 ], [ -82.38298, 8.18812 ], [ -82.38531, 8.18791 ], [ -82.38764, 8.18791 ], [ -82.38997, 8.18813 ], [ -82.39227, 8.18856 ], [ -82.39451, 8.18921 ], [ -82.39669, 8.19007 ], [ -82.40858, 8.1954 ], [ -82.4109, 8.19659 ], [ -82.41309, 8.19802 ], [ -82.41512, 8.19967 ], [ -82.42928, 8.21248 ], [ -82.4308, 8.21397 ], [ -82.43218, 8.21559 ], [ -82.44438, 8.23114 ], [ -82.44604, 8.23353 ], [ -82.44741, 8.23611 ], [ -82.4536, 8.24954 ], [ -82.45454, 8.25186 ], [ -82.45523, 8.25426 ], [ -82.45534, 8.25488 ], [ -82.46562, 8.25268 ], [ -82.46768, 8.25233 ], [ -82.46977, 8.25215 ], [ -82.47186, 8.25215 ], [ -82.47878, 8.25243 ], [ -82.48116, 8.25264 ], [ -82.48351, 8.25308 ], [ -82.4858, 8.25373 ], [ -82.48802, 8.25461 ], [ -82.48924, 8.25516 ], [ -82.50717, 8.25185 ], [ -82.50937, 8.25154 ], [ -82.51158, 8.25143 ], [ -82.5138, 8.25152 ], [ -82.516, 8.2518 ], [ -82.51817, 8.25228 ], [ -82.5591, 8.26323 ], [ -82.56188, 8.26415 ], [ -82.62989, 8.29122 ], [ -82.6615, 8.29778 ], [ -82.69692, 8.29782 ], [ -82.73263, 8.29296 ], [ -82.79874, 8.27259 ], [ -82.82351, 8.25856 ], [ -82.84121, 8.24009 ], [ -82.85252, 8.21324 ], [ -82.85473, 8.17915 ], [ -82.84853, 8.14212 ], [ -82.82563, 8.0765 ], [ -82.82485, 8.07381 ], [ -82.82439, 8.07105 ], [ -82.82423, 8.06826 ], [ -82.82423, 8.06204 ], [ -82.82435, 8.05962 ], [ -82.8247, 8.05723 ], [ -82.82528, 8.05488 ], [ -82.82608, 8.0526 ], [ -82.8271, 8.0504 ], [ -82.82833, 8.04832 ], [ -82.82976, 8.04636 ], [ -82.83136, 8.04455 ], [ -82.84049, 8.03523 ], [ -82.84474, 8.02372 ], [ -82.8456, 8.02167 ], [ -82.84664, 8.0197 ], [ -82.84786, 8.01783 ], [ -82.84923, 8.01608 ], [ -82.85076, 8.01446 ], [ -82.85951, 8.00595 ], [ -82.86132, 8.00435 ], [ -82.86327, 8.00294 ], [ -82.86536, 8.00172 ], [ -82.86755, 8.0007 ], [ -82.86983, 7.9999 ], [ -82.87217, 7.99933 ], [ -82.87456, 7.99898 ], [ -82.87697, 7.99887 ], [ -82.87938, 7.99899 ], [ -82.88177, 7.99934 ], [ -82.88411, 7.99992 ], [ -82.88639, 8.00072 ], [ -82.88858, 8.00174 ], [ -82.90927, 8.01262 ], [ -82.91025, 8.0132 ], [ -82.91099, 8.01362 ], [ -82.91115, 8.01373 ], [ -82.91135, 8.01385 ], [ -82.91219, 8.01446 ], [ -82.913, 8.01503 ], [ -82.92661, 8.02564 ], [ -82.92852, 8.02729 ], [ -82.93025, 8.02913 ], [ -82.93179, 8.03112 ], [ -82.93312, 8.03327 ], [ -82.93423, 8.03553 ], [ -82.9351, 8.0379 ], [ -82.93573, 8.04034 ], [ -82.93611, 8.04283 ], [ -82.93624, 8.04535 ], [ -82.93611, 8.04787 ], [ -82.93457, 8.06312 ], [ -82.93416, 8.06577 ], [ -82.93347, 8.06836 ], [ -82.9325, 8.07086 ], [ -82.92563, 8.08616 ], [ -82.92343, 8.09363 ], [ -82.92391, 8.09575 ], [ -82.98858, 8.20605 ], [ -83.00907, 8.22747 ], [ -83.13149, 8.31586 ], [ -83.1343, 8.31823 ], [ -83.16832, 8.35139 ], [ -83.17001, 8.3532 ], [ -83.17151, 8.35518 ], [ -83.1728, 8.35729 ], [ -83.17388, 8.35952 ], [ -83.17474, 8.36185 ], [ -83.17536, 8.36425 ], [ -83.17573, 8.3667 ], [ -83.17587, 8.36917 ], [ -83.17576, 8.37165 ], [ -83.1754, 8.3741 ], [ -83.17481, 8.3765 ], [ -83.17397, 8.37884 ], [ -83.17292, 8.38108 ], [ -83.17164, 8.3832 ], [ -83.17016, 8.38519 ], [ -83.14078, 8.42083 ], [ -83.13911, 8.42266 ], [ -83.13727, 8.42432 ], [ -83.13527, 8.42579 ], [ -83.13446, 8.42627 ], [ -83.13239, 8.43005 ], [ -83.13119, 8.43201 ], [ -83.12982, 8.43385 ], [ -83.12104, 8.44461 ], [ -83.11982, 8.44731 ], [ -83.12087, 8.44997 ], [ -83.15116, 8.4875 ], [ -83.15281, 8.48981 ], [ -83.1542, 8.4923 ], [ -83.1597, 8.50365 ], [ -83.16071, 8.50604 ], [ -83.16146, 8.50853 ], [ -83.16196, 8.51108 ], [ -83.16218, 8.51367 ], [ -83.1627, 8.52844 ], [ -83.16267, 8.53069 ], [ -83.16633, 8.53203 ], [ -83.16856, 8.53297 ], [ -83.17069, 8.53413 ], [ -83.17269, 8.53548 ], [ -83.17456, 8.53703 ], [ -83.17626, 8.53875 ], [ -83.18371, 8.54701 ], [ -83.1851, 8.54869 ], [ -83.18634, 8.55048 ], [ -83.18741, 8.55237 ], [ -83.20731, 8.59131 ], [ -83.20829, 8.59347 ], [ -83.20905, 8.5957 ], [ -83.20961, 8.598 ], [ -83.20989, 8.59997 ], [ -83.22376, 8.60158 ], [ -83.23543, 8.59928 ], [ -83.23784, 8.59893 ], [ -83.24027, 8.59881 ], [ -83.2427, 8.59893 ], [ -83.2451, 8.59928 ], [ -83.24746, 8.59987 ], [ -83.24976, 8.60068 ], [ -83.25196, 8.60172 ], [ -83.25405, 8.60296 ], [ -83.25601, 8.6044 ], [ -83.25782, 8.60602 ], [ -83.25947, 8.60781 ], [ -83.26093, 8.60975 ], [ -83.2622, 8.61183 ], [ -83.26836, 8.62311 ], [ -83.27398, 8.62986 ], [ -83.27583, 8.6289 ], [ -83.27812, 8.62785 ], [ -83.2805, 8.62703 ], [ -83.28296, 8.62646 ], [ -83.28546, 8.62614 ], [ -83.28798, 8.62608 ], [ -83.2905, 8.62626 ], [ -83.29298, 8.6267 ], [ -83.2954, 8.62739 ], [ -83.29775, 8.62832 ], [ -83.29999, 8.62948 ], [ -83.33169, 8.64799 ], [ -83.33373, 8.64932 ], [ -83.33564, 8.65085 ], [ -83.33739, 8.65256 ], [ -83.33896, 8.65443 ], [ -83.34035, 8.65644 ], [ -83.34963, 8.67146 ], [ -83.35076, 8.6735 ], [ -83.35169, 8.67563 ], [ -83.35243, 8.67784 ], [ -83.35295, 8.68011 ], [ -83.35326, 8.68241 ], [ -83.35336, 8.68474 ], [ -83.35324, 8.68707 ], [ -83.35314, 8.68772 ], [ -83.35476, 8.68942 ], [ -83.35623, 8.69131 ], [ -83.35751, 8.69332 ], [ -83.35859, 8.69545 ], [ -83.35947, 8.69768 ], [ -83.36013, 8.69997 ], [ -83.36057, 8.70232 ], [ -83.36078, 8.7047 ], [ -83.36076, 8.70709 ], [ -83.36072, 8.70748 ], [ -83.37198, 8.7098 ], [ -83.37241, 8.70991 ], [ -83.37309, 8.70926 ], [ -83.375, 8.70775 ], [ -83.37705, 8.70643 ], [ -83.37921, 8.70532 ], [ -83.38147, 8.70443 ], [ -83.38381, 8.70376 ], [ -83.38621, 8.70332 ], [ -83.38863, 8.70312 ], [ -83.39107, 8.70315 ], [ -83.39349, 8.70342 ], [ -83.39878, 8.70427 ], [ -83.39882, 8.70428 ], [ -83.40098, 8.7011 ], [ -83.40245, 8.69915 ], [ -83.40411, 8.69734 ], [ -83.40594, 8.69571 ], [ -83.40791, 8.69427 ], [ -83.41002, 8.69302 ], [ -83.41224, 8.69199 ], [ -83.41456, 8.69118 ], [ -83.41694, 8.6906 ], [ -83.43045, 8.688 ], [ -83.43324, 8.68762 ], [ -83.43536, 8.68758 ], [ -83.41712, 8.66034 ], [ -83.41582, 8.65815 ], [ -83.41474, 8.65584 ], [ -83.4139, 8.65343 ], [ -83.41027, 8.64097 ], [ -83.39259, 8.61333 ], [ -83.38893, 8.609 ], [ -83.38224, 8.60559 ], [ -83.34903, 8.59561 ], [ -83.33607, 8.59396 ], [ -83.33354, 8.59351 ], [ -83.33108, 8.5928 ], [ -83.3287, 8.59184 ], [ -83.32644, 8.59065 ], [ -83.31269, 8.58247 ], [ -83.31088, 8.58128 ], [ -83.30919, 8.57995 ], [ -83.30761, 8.57848 ], [ -83.30617, 8.57687 ], [ -83.29646, 8.56508 ], [ -83.29582, 8.56535 ], [ -83.29343, 8.56608 ], [ -83.29099, 8.56656 ], [ -83.28851, 8.56679 ], [ -83.28602, 8.56678 ], [ -83.28354, 8.56652 ], [ -83.2811, 8.56602 ], [ -83.27873, 8.56527 ], [ -83.27644, 8.5643 ], [ -83.27425, 8.5631 ], [ -83.2722, 8.56169 ], [ -83.2703, 8.56008 ], [ -83.26857, 8.55829 ], [ -83.26702, 8.55633 ], [ -83.26568, 8.55424 ], [ -83.26455, 8.55202 ], [ -83.26365, 8.5497 ], [ -83.26299, 8.5473 ], [ -83.26256, 8.54484 ], [ -83.26239, 8.54236 ], [ -83.26186, 8.5177 ], [ -83.26194, 8.51499 ], [ -83.26232, 8.51232 ], [ -83.26432, 8.50219 ], [ -83.26498, 8.49959 ], [ -83.26591, 8.49708 ], [ -83.26617, 8.49656 ], [ -83.25968, 8.48775 ], [ -83.2584, 8.48583 ], [ -83.2573, 8.4838 ], [ -83.25639, 8.48168 ], [ -83.25568, 8.47948 ], [ -83.25518, 8.47722 ], [ -83.24908, 8.44222 ], [ -83.24874, 8.43918 ], [ -83.24878, 8.43611 ], [ -83.25143, 8.39974 ], [ -83.25168, 8.3976 ], [ -83.25211, 8.39549 ], [ -83.25272, 8.39342 ], [ -83.25351, 8.39142 ], [ -83.26453, 8.3666 ], [ -83.26568, 8.36433 ], [ -83.26705, 8.3622 ], [ -83.26862, 8.36021 ], [ -83.27039, 8.3584 ], [ -83.27234, 8.35677 ], [ -83.27444, 8.35535 ], [ -83.27668, 8.35415 ], [ -83.27902, 8.35318 ], [ -83.28145, 8.35245 ], [ -83.28394, 8.35198 ], [ -83.28647, 8.35176 ], [ -83.30893, 8.35094 ], [ -83.31109, 8.35095 ], [ -83.31324, 8.35115 ], [ -83.31536, 8.35154 ], [ -83.31744, 8.3521 ], [ -83.35402, 8.36378 ], [ -83.35722, 8.36506 ], [ -83.39169, 8.38158 ], [ -83.39437, 8.38306 ], [ -83.39684, 8.38487 ], [ -83.40636, 8.39275 ], [ -83.40757, 8.39283 ], [ -83.41002, 8.39323 ], [ -83.41241, 8.39386 ], [ -83.41472, 8.39474 ], [ -83.4693, 8.41842 ], [ -83.48322, 8.42041 ], [ -83.5412, 8.41344 ], [ -83.54406, 8.41326 ], [ -83.56103, 8.41318 ], [ -83.56325, 8.41327 ], [ -83.56545, 8.41355 ], [ -83.56762, 8.41403 ], [ -83.56974, 8.4147 ], [ -83.57179, 8.41556 ], [ -83.58623, 8.42235 ], [ -83.5882, 8.42338 ], [ -83.59007, 8.42459 ], [ -83.59182, 8.42596 ], [ -83.59345, 8.42748 ], [ -83.60676, 8.44107 ], [ -83.60866, 8.44325 ], [ -83.63176, 8.47307 ], [ -83.71718, 8.55198 ], [ -83.71878, 8.5536 ], [ -83.72023, 8.55536 ], [ -83.72151, 8.55724 ], [ -83.72226, 8.55846 ], [ -83.73997, 8.56564 ], [ -83.74197, 8.56655 ], [ -83.74387, 8.56763 ], [ -83.7501, 8.57154 ], [ -83.75217, 8.573 ], [ -83.75409, 8.57465 ], [ -83.75582, 8.57649 ], [ -83.75737, 8.57849 ], [ -83.7587, 8.58065 ], [ -83.75981, 8.58292 ], [ -83.76068, 8.58529 ], [ -83.76131, 8.58775 ], [ -83.76169, 8.59025 ], [ -83.76478, 8.62134 ], [ -83.7649, 8.62376 ], [ -83.76479, 8.62617 ], [ -83.76444, 8.62857 ], [ -83.76387, 8.63092 ], [ -83.76307, 8.63321 ], [ -83.76205, 8.6354 ], [ -83.76082, 8.63749 ], [ -83.73038, 8.68404 ], [ -83.72823, 8.68687 ], [ -83.72115, 8.69492 ], [ -83.71932, 8.6968 ], [ -83.71729, 8.69848 ], [ -83.7151, 8.69993 ], [ -83.6994, 8.70921 ], [ -83.69754, 8.71021 ], [ -83.69561, 8.71104 ], [ -83.68486, 8.71515 ], [ -83.68249, 8.71592 ], [ -83.68006, 8.71646 ], [ -83.67759, 8.71674 ], [ -83.6751, 8.71679 ], [ -83.6732, 8.71663 ], [ -83.66193, 8.73372 ], [ -83.66219, 8.73405 ], [ -83.66361, 8.73604 ], [ -83.66483, 8.73816 ], [ -83.66584, 8.74039 ], [ -83.66662, 8.74271 ], [ -83.66717, 8.74509 ], [ -83.66749, 8.74751 ], [ -83.66757, 8.74996 ], [ -83.66741, 8.7524 ], [ -83.66701, 8.75481 ], [ -83.66638, 8.75718 ], [ -83.66552, 8.75946 ], [ -83.66444, 8.76166 ], [ -83.66315, 8.76374 ], [ -83.66251, 8.76457 ], [ -83.66573, 8.77247 ], [ -83.66651, 8.77469 ], [ -83.66708, 8.77698 ], [ -83.66744, 8.7793 ], [ -83.66757, 8.78166 ], [ -83.66748, 8.78401 ], [ -83.66717, 8.78635 ], [ -83.66664, 8.78864 ], [ -83.66188, 8.80561 ], [ -83.66103, 8.80812 ], [ -83.65992, 8.81052 ], [ -83.65857, 8.81279 ], [ -83.65698, 8.81491 ], [ -83.64298, 8.83163 ], [ -83.64117, 8.83357 ], [ -83.63917, 8.8353 ], [ -83.637, 8.83682 ], [ -83.63468, 8.83809 ], [ -83.61926, 8.84553 ], [ -83.6295, 8.85372 ], [ -83.63127, 8.85528 ], [ -83.63288, 8.85699 ], [ -83.63433, 8.85886 ], [ -83.63559, 8.86085 ], [ -83.63666, 8.86295 ], [ -83.63753, 8.86514 ], [ -83.63819, 8.86741 ], [ -83.63863, 8.86972 ], [ -83.64111, 8.88717 ], [ -83.64132, 8.88947 ], [ -83.64324, 8.89054 ], [ -83.64524, 8.89192 ], [ -83.6471, 8.8935 ], [ -83.6488, 8.89525 ], [ -83.65032, 8.89715 ], [ -83.65165, 8.89919 ], [ -83.65277, 8.90136 ], [ -83.65367, 8.90362 ], [ -83.65435, 8.90596 ], [ -83.65481, 8.90835 ], [ -83.65502, 8.91078 ], [ -83.655, 8.91321 ], [ -83.65474, 8.91564 ], [ -83.65425, 8.91802 ], [ -83.65352, 8.92035 ], [ -83.65295, 8.92171 ], [ -83.65309, 8.922 ], [ -83.65393, 8.92431 ], [ -83.65454, 8.92669 ], [ -83.65491, 8.92913 ], [ -83.65504, 8.93159 ], [ -83.65493, 8.93404 ], [ -83.65457, 8.93648 ], [ -83.65398, 8.93887 ], [ -83.65316, 8.94119 ], [ -83.64864, 8.95217 ], [ -83.64775, 8.95409 ], [ -83.6467, 8.95593 ], [ -83.64157, 8.96411 ], [ -83.64007, 8.96624 ], [ -83.63836, 8.96821 ], [ -83.633, 8.97376 ], [ -83.65257, 9.02472 ], [ -83.65515, 9.02934 ], [ -83.65602, 9.03029 ], [ -83.65839, 9.0302 ], [ -83.66087, 9.03037 ], [ -83.66332, 9.03077 ], [ -83.66571, 9.03142 ], [ -83.66804, 9.03231 ], [ -83.67026, 9.03342 ], [ -83.67236, 9.03474 ], [ -83.67432, 9.03627 ], [ -83.67612, 9.03798 ], [ -83.67774, 9.03987 ], [ -83.7002, 9.0688 ], [ -83.70182, 9.07116 ], [ -83.72075, 9.10236 ], [ -83.73935, 9.12107 ], [ -83.77156, 9.12677 ], [ -83.77397, 9.12732 ], [ -83.77632, 9.12811 ], [ -83.77857, 9.12913 ], [ -83.78072, 9.13036 ], [ -83.78273, 9.1318 ], [ -83.78459, 9.13343 ], [ -83.78628, 9.13524 ], [ -83.78778, 9.1372 ], [ -83.78909, 9.13931 ], [ -83.79017, 9.14153 ], [ -83.79104, 9.14385 ], [ -83.79166, 9.14624 ], [ -83.79205, 9.14869 ], [ -83.7922, 9.15116 ], [ -83.7921, 9.15363 ], [ -83.79083, 9.1678 ], [ -83.80174, 9.17874 ], [ -83.82599, 9.19097 ], [ -83.84576, 9.19607 ], [ -83.84817, 9.19683 ], [ -83.8505, 9.19782 ], [ -83.85271, 9.19905 ], [ -83.85479, 9.20049 ], [ -83.85671, 9.20214 ], [ -83.93228, 9.27377 ], [ -84.00557, 9.30752 ], [ -84.00807, 9.30885 ], [ -84.0104, 9.31045 ], [ -84.01529, 9.31423 ], [ -84.01721, 9.31588 ], [ -84.01896, 9.31772 ], [ -84.02051, 9.31972 ], [ -84.02185, 9.32187 ], [ -84.02297, 9.32414 ], [ -84.02385, 9.32652 ], [ -84.02449, 9.32897 ], [ -84.02487, 9.33148 ], [ -84.025, 9.33401 ], [ -84.025, 10.78326 ], [ -84.025, 14.75955 ], [ -84.02491, 15.30882 ], [ -84.02479, 15.31122 ], [ -84.02445, 15.3136 ], [ -84.02388, 15.31593 ], [ -84.02308, 15.3182 ], [ -84.02208, 15.32038 ], [ -84.02087, 15.32245 ], [ -84.01946, 15.3244 ], [ -84.01788, 15.3262 ], [ -84.01613, 15.32785 ], [ -84.01423, 15.32931 ], [ -84.0122, 15.33059 ], [ -84.01005, 15.33167 ], [ -84.00781, 15.33254 ], [ -84.0055, 15.33319 ], [ -84.00486, 15.3333 ], [ -84.01319, 15.33848 ], [ -84.01527, 15.33993 ], [ -84.0172, 15.34158 ], [ -84.01895, 15.34341 ], [ -84.02051, 15.34542 ], [ -84.02185, 15.34757 ], [ -84.02297, 15.34985 ], [ -84.02385, 15.35222 ], [ -84.02449, 15.35468 ], [ -84.02487, 15.35719 ], [ -84.025, 15.35972 ], [ -84.025, 15.41957 ], [ -84.02489, 15.42194 ], [ -84.02455, 15.42429 ], [ -84.02399, 15.42659 ], [ -84.02322, 15.42884 ], [ -84.02224, 15.431 ], [ -84.02105, 15.43305 ], [ -84.01968, 15.43499 ], [ -84.01813, 15.43678 ], [ -84.01642, 15.43843 ], [ -84.01455, 15.4399 ], [ -84.01256, 15.44118 ], [ -84.01046, 15.44228 ], [ -84.00826, 15.44317 ], [ -84.00263, 15.44514 ], [ -84.00041, 15.4458 ], [ -83.99815, 15.44625 ], [ -83.99585, 15.4465 ], [ -83.99354, 15.44653 ], [ -83.99124, 15.44634 ], [ -83.98897, 15.44595 ], [ -83.98674, 15.44535 ], [ -83.98457, 15.44454 ], [ -83.89534, 15.40653 ], [ -83.89327, 15.40553 ], [ -83.89131, 15.40435 ], [ -83.88945, 15.403 ], [ -83.88773, 15.40148 ], [ -83.88616, 15.3998 ], [ -83.88475, 15.39799 ], [ -83.87035, 15.37769 ], [ -83.86868, 15.37499 ], [ -83.86579, 15.36957 ], [ -83.85904, 15.36477 ], [ -83.84689, 15.35958 ], [ -83.82088, 15.35423 ], [ -83.81849, 15.35361 ], [ -83.81618, 15.35276 ], [ -83.81396, 15.35169 ], [ -83.81185, 15.35041 ], [ -83.80001, 15.34235 ], [ -83.79771, 15.34057 ], [ -83.79562, 15.33854 ], [ -83.7854, 15.32735 ], [ -83.78338, 15.32482 ], [ -83.77467, 15.31237 ], [ -83.77359, 15.31066 ], [ -83.77271, 15.31064 ], [ -83.77032, 15.31035 ], [ -83.76797, 15.30983 ], [ -83.76568, 15.30909 ], [ -83.76347, 15.30813 ], [ -83.76137, 15.30696 ], [ -83.75938, 15.3056 ], [ -83.75754, 15.30405 ], [ -83.75585, 15.30233 ], [ -83.75434, 15.30045 ], [ -83.75301, 15.29844 ], [ -83.75189, 15.29631 ], [ -83.75097, 15.29408 ], [ -83.75028, 15.29178 ], [ -83.74295, 15.26249 ], [ -83.74246, 15.25999 ], [ -83.74222, 15.25746 ], [ -83.74225, 15.25492 ], [ -83.74267, 15.24789 ], [ -83.7399, 15.24789 ], [ -83.73752, 15.24778 ], [ -83.73517, 15.24744 ], [ -83.73285, 15.24688 ], [ -83.7306, 15.2461 ], [ -83.72976, 15.24572 ], [ -83.72744, 15.24973 ], [ -83.72598, 15.25197 ], [ -83.72428, 15.25404 ], [ -83.72238, 15.25592 ], [ -83.72028, 15.25759 ], [ -83.71802, 15.25902 ], [ -83.70248, 15.26773 ], [ -83.6999, 15.26899 ], [ -83.69719, 15.26994 ], [ -83.67647, 15.27592 ], [ -83.67459, 15.27638 ], [ -83.67268, 15.2767 ], [ -83.65611, 15.27879 ], [ -83.65636, 15.28156 ], [ -83.65646, 15.28378 ], [ -83.65637, 15.28601 ], [ -83.65607, 15.28822 ], [ -83.65465, 15.2962 ], [ -83.65407, 15.29871 ], [ -83.65323, 15.30115 ], [ -83.65215, 15.30349 ], [ -83.65083, 15.30571 ], [ -83.64928, 15.30778 ], [ -83.64836, 15.30879 ], [ -83.678, 15.31938 ], [ -83.68015, 15.32026 ], [ -83.6822, 15.32133 ], [ -83.68414, 15.32259 ], [ -83.69301, 15.32894 ], [ -83.69499, 15.33051 ], [ -83.69679, 15.33227 ], [ -83.70275, 15.3387 ], [ -83.71727, 15.34322 ], [ -83.71977, 15.34415 ], [ -83.72216, 15.34534 ], [ -83.73766, 15.35413 ], [ -83.73973, 15.35544 ], [ -83.74165, 15.35694 ], [ -83.74342, 15.35862 ], [ -83.74502, 15.36047 ], [ -83.74622, 15.36217 ], [ -83.74775, 15.36198 ], [ -83.75016, 15.3618 ], [ -83.75257, 15.36185 ], [ -83.75496, 15.36214 ], [ -83.75732, 15.36265 ], [ -83.75961, 15.36339 ], [ -83.77711, 15.36998 ], [ -83.77934, 15.37095 ], [ -83.78147, 15.37213 ], [ -83.78348, 15.37351 ], [ -83.81809, 15.39996 ], [ -83.84239, 15.40808 ], [ -83.84454, 15.40891 ], [ -83.84662, 15.40994 ], [ -83.84858, 15.41116 ], [ -83.86561, 15.42282 ], [ -83.86814, 15.42393 ], [ -83.89337, 15.42416 ], [ -83.89587, 15.42431 ], [ -83.89834, 15.42471 ], [ -83.91156, 15.42752 ], [ -83.91378, 15.4281 ], [ -83.91594, 15.42888 ], [ -83.91801, 15.42985 ], [ -83.91999, 15.43101 ], [ -83.92186, 15.43235 ], [ -83.92359, 15.43386 ], [ -83.93531, 15.44501 ], [ -83.93698, 15.44676 ], [ -83.93847, 15.44866 ], [ -83.93977, 15.45069 ], [ -83.94087, 15.45285 ], [ -83.94176, 15.45509 ], [ -83.94242, 15.45742 ], [ -83.94286, 15.4598 ], [ -83.94306, 15.4622 ], [ -83.94303, 15.46462 ], [ -83.94277, 15.46702 ], [ -83.94228, 15.46939 ], [ -83.94156, 15.4717 ], [ -83.94063, 15.47392 ], [ -83.94029, 15.47455 ], [ -83.95399, 15.48952 ], [ -83.95514, 15.48904 ], [ -83.95745, 15.48832 ], [ -83.95982, 15.48783 ], [ -83.96222, 15.48757 ], [ -83.96464, 15.48754 ], [ -83.96705, 15.48774 ], [ -83.96942, 15.48818 ], [ -83.97175, 15.48884 ], [ -83.974, 15.48973 ], [ -83.97615, 15.49082 ], [ -83.98958, 15.49851 ], [ -83.99133, 15.49961 ], [ -83.99298, 15.50085 ], [ -84.00455, 15.5103 ], [ -84.01045, 15.51302 ], [ -84.01256, 15.51411 ], [ -84.01455, 15.5154 ], [ -84.01641, 15.51687 ], [ -84.01813, 15.51851 ], [ -84.01968, 15.52031 ], [ -84.02105, 15.52224 ], [ -84.02223, 15.5243 ], [ -84.02322, 15.52646 ], [ -84.02399, 15.5287 ], [ -84.02455, 15.53101 ], [ -84.02489, 15.53336 ], [ -84.025, 15.53573 ], [ -84.025, 15.57191 ], [ -84.02488, 15.57436 ], [ -84.02452, 15.57679 ], [ -84.02392, 15.57916 ], [ -84.0231, 15.58147 ], [ -84.02205, 15.58369 ], [ -84.02079, 15.5858 ], [ -84.01933, 15.58777 ], [ -84.01768, 15.58958 ], [ -84.01587, 15.59123 ], [ -84.0139, 15.59269 ], [ -84.01179, 15.59395 ], [ -84.00958, 15.595 ], [ -84.00727, 15.59583 ], [ -84.00489, 15.59643 ], [ -84.00246, 15.59679 ], [ -84.00001, 15.59691 ], [ -83.99756, 15.59679 ], [ -83.99514, 15.59643 ], [ -83.99276, 15.59584 ], [ -83.99045, 15.59501 ], [ -83.98823, 15.59397 ], [ -83.98612, 15.59271 ], [ -83.98415, 15.59125 ], [ -83.87983, 15.50575 ], [ -83.78776, 15.4517 ], [ -83.77383, 15.44573 ], [ -83.74168, 15.44052 ], [ -83.73915, 15.43997 ], [ -83.73669, 15.43917 ], [ -83.73433, 15.43811 ], [ -83.72546, 15.43359 ], [ -83.72334, 15.43238 ], [ -83.72135, 15.43097 ], [ -83.71951, 15.42937 ], [ -83.71783, 15.4276 ], [ -83.71634, 15.42567 ], [ -83.71511, 15.42392 ], [ -83.71369, 15.42459 ], [ -83.71131, 15.42558 ], [ -83.70883, 15.42631 ], [ -83.70629, 15.42678 ], [ -83.70372, 15.42699 ], [ -83.70114, 15.42693 ], [ -83.69858, 15.42661 ], [ -83.69606, 15.42602 ], [ -83.69362, 15.42518 ], [ -83.69128, 15.42409 ], [ -83.6757, 15.41583 ], [ -83.67381, 15.41472 ], [ -83.67202, 15.41344 ], [ -83.67035, 15.41202 ], [ -83.6584, 15.40086 ], [ -83.65123, 15.39677 ], [ -83.64296, 15.39411 ], [ -83.64113, 15.39344 ], [ -83.63935, 15.39262 ], [ -83.53262, 15.33871 ], [ -83.39943, 15.2899 ], [ -83.39738, 15.28905 ], [ -83.39542, 15.28802 ], [ -83.39356, 15.28682 ], [ -83.34184, 15.25011 ], [ -83.3399, 15.24858 ], [ -83.33812, 15.24687 ], [ -83.33651, 15.24499 ], [ -83.3351, 15.24296 ], [ -83.32334, 15.22412 ], [ -83.32208, 15.22184 ], [ -83.32106, 15.21945 ], [ -83.3203, 15.21696 ], [ -83.3047, 15.15473 ], [ -83.28894, 15.11871 ], [ -83.26595, 15.08575 ], [ -83.24137, 15.06661 ], [ -83.12144, 15.02033 ], [ -83.12082, 15.02006 ], [ -83.12005, 15.01975 ], [ -83.11958, 15.0195 ], [ -83.11923, 15.01935 ], [ -83.11861, 15.019 ], [ -83.11788, 15.01862 ], [ -83.11751, 15.01838 ], [ -83.11712, 15.01816 ], [ -83.11638, 15.01765 ], [ -83.11583, 15.01729 ], [ -83.11558, 15.01709 ], [ -83.11513, 15.01678 ], [ -83.11451, 15.01625 ], [ -83.11391, 15.01577 ], [ -83.11351, 15.01538 ], [ -83.1133, 15.0152 ], [ -83.11295, 15.01484 ], [ -83.11216, 15.01407 ], [ -83.11182, 15.01366 ], [ -83.11162, 15.01346 ], [ -83.11123, 15.01297 ], [ -83.11058, 15.0122 ], [ -83.11032, 15.01183 ], [ -83.11011, 15.01156 ], [ -83.10973, 15.01097 ], [ -83.10919, 15.01019 ], [ -83.10898, 15.00981 ], [ -83.1088, 15.00953 ], [ -83.10842, 15.00879 ], [ -83.10801, 15.00805 ], [ -83.10788, 15.00775 ], [ -83.10769, 15.00738 ], [ -83.10734, 15.0065 ], [ -83.10704, 15.0058 ], [ -83.10693, 15.00545 ], [ -83.1068, 15.00513 ], [ -83.10657, 15.00435 ], [ -83.10629, 15.00348 ], [ -83.10621, 15.00313 ], [ -83.10612, 15.00281 ], [ -83.10596, 15.00196 ], [ -83.10577, 15.00109 ], [ -83.10573, 15.00075 ], [ -83.10567, 15.00043 ], [ -83.1056, 14.99958 ], [ -83.10549, 14.99866 ], [ -83.10548, 14.9983 ], [ -83.10546, 14.99802 ], [ -83.10547, 14.99722 ], [ -83.10545, 14.99621 ], [ -83.10548, 14.99587 ], [ -83.10548, 14.9956 ], [ -83.10558, 14.99468 ], [ -83.10565, 14.99377 ], [ -83.1057, 14.99351 ], [ -83.10573, 14.99319 ], [ -83.10591, 14.99232 ], [ -83.10608, 14.99137 ], [ -83.10618, 14.99103 ], [ -83.10622, 14.99082 ], [ -83.10645, 14.99006 ], [ -83.10675, 14.98902 ], [ -83.10686, 14.98875 ], [ -83.10693, 14.98851 ], [ -83.10736, 14.98747 ], [ -83.10765, 14.98674 ], [ -83.10773, 14.98658 ], [ -83.10786, 14.98627 ], [ -83.10837, 14.98532 ], [ -83.10876, 14.98456 ], [ -83.1089, 14.98434 ], [ -83.10901, 14.98414 ], [ -83.10961, 14.98324 ], [ -83.11008, 14.98251 ], [ -83.11034, 14.98215 ], [ -83.11035, 14.98213 ], [ -83.11036, 14.98212 ], [ -83.11741, 14.97222 ], [ -83.11905, 14.97015 ], [ -83.1209, 14.96827 ], [ -83.12294, 14.96659 ], [ -83.12514, 14.96514 ], [ -83.12749, 14.96393 ], [ -83.14142, 14.95765 ], [ -83.14716, 14.9517 ], [ -83.14894, 14.95003 ], [ -83.15087, 14.94854 ], [ -83.15294, 14.94725 ], [ -83.15512, 14.94616 ], [ -83.1574, 14.94529 ], [ -83.15975, 14.94465 ], [ -83.16216, 14.94424 ], [ -83.16459, 14.94407 ], [ -83.16703, 14.94413 ], [ -83.16945, 14.94443 ], [ -83.17183, 14.94497 ], [ -83.17415, 14.94573 ], [ -83.17638, 14.94672 ], [ -83.17681, 14.94696 ], [ -83.17872, 14.94275 ], [ -83.17957, 14.94105 ], [ -83.18055, 14.93942 ], [ -83.18795, 14.92807 ], [ -83.18929, 14.9262 ], [ -83.1908, 14.92446 ], [ -83.19247, 14.92287 ], [ -83.19427, 14.92144 ], [ -83.1962, 14.92018 ], [ -83.19824, 14.9191 ], [ -83.20612, 14.91539 ], [ -83.21308, 14.9072 ], [ -83.21944, 14.89525 ], [ -83.22224, 14.88435 ], [ -83.22287, 14.88226 ], [ -83.22369, 14.88024 ], [ -83.22468, 14.87829 ], [ -83.22732, 14.87361 ], [ -83.22863, 14.87152 ], [ -83.23015, 14.86957 ], [ -83.23186, 14.86778 ], [ -83.24291, 14.85726 ], [ -83.24396, 14.8558 ], [ -83.24479, 14.85264 ], [ -83.24644, 14.83339 ], [ -83.24669, 14.83144 ], [ -83.24708, 14.82951 ], [ -83.24952, 14.81966 ], [ -83.25035, 14.81698 ], [ -83.25147, 14.8144 ], [ -83.25288, 14.81197 ], [ -83.26106, 14.79948 ], [ -83.26235, 14.79769 ], [ -83.2638, 14.79601 ], [ -83.26539, 14.79447 ], [ -83.26711, 14.79308 ], [ -83.27829, 14.78481 ], [ -83.27741, 14.78342 ], [ -83.27633, 14.78124 ], [ -83.27546, 14.77898 ], [ -83.27482, 14.77664 ], [ -83.23633, 14.60419 ], [ -83.22602, 14.58242 ], [ -83.22515, 14.58035 ], [ -83.22446, 14.5782 ], [ -83.22398, 14.576 ], [ -83.21604, 14.53035 ], [ -83.16823, 14.39525 ], [ -83.16749, 14.39276 ], [ -83.16702, 14.3902 ], [ -83.16181, 14.35093 ], [ -83.16161, 14.34867 ], [ -83.16162, 14.34641 ], [ -83.16183, 14.34416 ], [ -83.16664, 14.30994 ], [ -83.16705, 14.30775 ], [ -83.16765, 14.30561 ], [ -83.16844, 14.30353 ], [ -83.19562, 14.24042 ], [ -83.19649, 14.23861 ], [ -83.1975, 14.23687 ], [ -83.28059, 14.1065 ], [ -83.28258, 14.1038 ], [ -83.31513, 14.06528 ], [ -83.31876, 14.05358 ], [ -83.31973, 14.05098 ], [ -83.32098, 14.04849 ], [ -83.32802, 14.03628 ], [ -83.32923, 14.03439 ], [ -83.3306, 14.03261 ], [ -83.33213, 14.03097 ], [ -83.3338, 14.02946 ], [ -83.33559, 14.02812 ], [ -83.37961, 13.9981 ], [ -83.39555, 13.97611 ], [ -83.40755, 13.94855 ], [ -83.43111, 13.85765 ], [ -83.4314, 13.85663 ], [ -83.46955, 13.73154 ], [ -83.49241, 13.62148 ], [ -83.49103, 13.5754 ], [ -83.49108, 13.57288 ], [ -83.49139, 13.57037 ], [ -83.49519, 13.54848 ], [ -83.49537, 13.53138 ], [ -83.49551, 13.52896 ], [ -83.49589, 13.52656 ], [ -83.4965, 13.52421 ], [ -83.49733, 13.52194 ], [ -83.51763, 13.47373 ], [ -83.53443, 13.41149 ], [ -83.54506, 13.28702 ], [ -83.5437, 13.26996 ], [ -83.53889, 13.26056 ], [ -83.5379, 13.25837 ], [ -83.53713, 13.2561 ], [ -83.53658, 13.25376 ], [ -83.53625, 13.25139 ], [ -83.53615, 13.24899 ], [ -83.53628, 13.24659 ], [ -83.53664, 13.24422 ], [ -83.53723, 13.2419 ], [ -83.53804, 13.23964 ], [ -83.53899, 13.23761 ], [ -83.53879, 13.23696 ], [ -83.53833, 13.23482 ], [ -83.48303, 12.90694 ], [ -83.48274, 12.90451 ], [ -83.48269, 12.90206 ], [ -83.48288, 12.89962 ], [ -83.51633, 12.63739 ], [ -83.51633, 12.58485 ], [ -83.51492, 12.58081 ], [ -83.50119, 12.55355 ], [ -83.5003, 12.5516 ], [ -83.49959, 12.54958 ], [ -83.49113, 12.52179 ], [ -83.4657, 12.48687 ], [ -83.46443, 12.48495 ], [ -83.46335, 12.48292 ], [ -83.46245, 12.4808 ], [ -83.46176, 12.47861 ], [ -83.45509, 12.45367 ], [ -83.45462, 12.45157 ], [ -83.45434, 12.44943 ], [ -83.45424, 12.44728 ], [ -83.45433, 12.44512 ], [ -83.45689, 12.41456 ], [ -83.45721, 12.41214 ], [ -83.45777, 12.40977 ], [ -83.45855, 12.40746 ], [ -83.45956, 12.40523 ], [ -83.46078, 12.40312 ], [ -83.47128, 12.38681 ], [ -83.4727, 12.38482 ], [ -83.47432, 12.38297 ], [ -83.4761, 12.3813 ], [ -83.47805, 12.3798 ], [ -83.48012, 12.37851 ], [ -83.48232, 12.37742 ], [ -83.48461, 12.37655 ], [ -83.50487, 12.37 ], [ -83.50708, 12.3694 ], [ -83.50933, 12.369 ], [ -83.51161, 12.36881 ], [ -83.54179, 12.36765 ], [ -83.56258, 12.36348 ], [ -83.5859, 12.35524 ], [ -83.5881, 12.35457 ], [ -83.59036, 12.35411 ], [ -83.59269, 12.35374 ], [ -83.59257, 12.35329 ], [ -83.59217, 12.35089 ], [ -83.59201, 12.34847 ], [ -83.59209, 12.34603 ], [ -83.59241, 12.34362 ], [ -83.59295, 12.34125 ], [ -83.59373, 12.33895 ], [ -83.59472, 12.33673 ], [ -83.63981, 12.24797 ], [ -83.66077, 12.13583 ], [ -83.65382, 12.01439 ], [ -83.64743, 11.99625 ], [ -83.64673, 11.9939 ], [ -83.64626, 11.99149 ], [ -83.64603, 11.98905 ], [ -83.64605, 11.9866 ], [ -83.6463, 11.98417 ], [ -83.64678, 11.98176 ], [ -83.64751, 11.97942 ], [ -83.64845, 11.97716 ], [ -83.64962, 11.97501 ], [ -83.65099, 11.97297 ], [ -83.65255, 11.97108 ], [ -83.65429, 11.96936 ], [ -83.65618, 11.96781 ], [ -83.65823, 11.96646 ], [ -83.66507, 11.96239 ], [ -83.66707, 11.96132 ], [ -83.66915, 11.96043 ], [ -83.67659, 11.95767 ], [ -83.67889, 11.95694 ], [ -83.68125, 11.95644 ], [ -83.68364, 11.95616 ], [ -83.68605, 11.95612 ], [ -83.68846, 11.95631 ], [ -83.69083, 11.95673 ], [ -83.69119, 11.95683 ], [ -83.6957, 11.94618 ], [ -83.69989, 11.93155 ], [ -83.70102, 11.9209 ], [ -83.69569, 11.88765 ], [ -83.69539, 11.88468 ], [ -83.69515, 11.87857 ], [ -83.69511, 11.87855 ], [ -83.69328, 11.87713 ], [ -83.68368, 11.86891 ], [ -83.68182, 11.86715 ], [ -83.68016, 11.86521 ], [ -83.6787, 11.86311 ], [ -83.67746, 11.86087 ], [ -83.67646, 11.85851 ], [ -83.67571, 11.85607 ], [ -83.6294, 11.67362 ], [ -83.62894, 11.67143 ], [ -83.62869, 11.6692 ], [ -83.62625, 11.634 ], [ -83.62621, 11.63124 ], [ -83.62674, 11.61834 ], [ -83.62704, 11.61541 ], [ -83.6283, 11.60756 ], [ -83.62882, 11.60511 ], [ -83.62958, 11.60272 ], [ -83.63058, 11.60043 ], [ -83.6318, 11.59824 ], [ -83.63563, 11.59213 ], [ -83.6369, 11.5903 ], [ -83.63832, 11.58858 ], [ -83.6399, 11.587 ], [ -83.64787, 11.57968 ], [ -83.64981, 11.57807 ], [ -83.65191, 11.57666 ], [ -83.65414, 11.57547 ], [ -83.65647, 11.57451 ], [ -83.65889, 11.57379 ], [ -83.66137, 11.57332 ], [ -83.66389, 11.57311 ], [ -83.66642, 11.57314 ], [ -83.66892, 11.57344 ], [ -83.67139, 11.57398 ], [ -83.67245, 11.57433 ], [ -83.67457, 11.5739 ], [ -83.67958, 11.57228 ], [ -83.68166, 11.57068 ], [ -83.68389, 11.56931 ], [ -83.68625, 11.56818 ], [ -83.68734, 11.56772 ], [ -83.69313, 11.5593 ], [ -83.69472, 11.55724 ], [ -83.69651, 11.55535 ], [ -83.69848, 11.55366 ], [ -83.70062, 11.55218 ], [ -83.70291, 11.55093 ], [ -83.70531, 11.54993 ], [ -83.71439, 11.54668 ], [ -83.71696, 11.54591 ], [ -83.71961, 11.54543 ], [ -83.72229, 11.54523 ], [ -83.73282, 11.54501 ], [ -83.73739, 11.54432 ], [ -83.73887, 11.54363 ], [ -83.73931, 11.54322 ], [ -83.74703, 11.51966 ], [ -83.75643, 11.47426 ], [ -83.75692, 11.4723 ], [ -83.75756, 11.47039 ], [ -83.77107, 11.43507 ], [ -83.77204, 11.43285 ], [ -83.77323, 11.43074 ], [ -83.77461, 11.42875 ], [ -83.77618, 11.4269 ], [ -83.77792, 11.42522 ], [ -83.77982, 11.42371 ], [ -83.78185, 11.42239 ], [ -83.784, 11.42127 ], [ -83.78625, 11.42037 ], [ -83.78858, 11.41969 ], [ -83.79096, 11.41924 ], [ -83.79337, 11.41902 ], [ -83.79579, 11.41904 ], [ -83.7982, 11.41929 ], [ -83.81068, 11.4212 ], [ -83.83302, 11.39317 ], [ -83.83976, 11.38184 ], [ -83.84303, 11.37118 ], [ -83.84291, 11.27657 ], [ -83.81339, 11.1502 ], [ -83.79348, 11.10217 ], [ -83.76476, 11.05859 ], [ -83.76341, 11.05629 ], [ -83.76232, 11.05386 ], [ -83.75353, 11.03117 ], [ -83.73264, 10.9983 ], [ -83.72838, 10.99429 ], [ -83.71242, 10.98454 ], [ -83.71045, 10.9832 ], [ -83.70862, 10.98169 ], [ -83.70695, 10.98001 ], [ -83.70543, 10.97818 ], [ -83.7041, 10.97621 ], [ -83.70296, 10.97413 ], [ -83.70203, 10.97195 ], [ -83.69816, 10.96161 ], [ -83.69046, 10.96271 ], [ -83.69043, 10.96272 ], [ -83.68556, 10.96342 ], [ -83.68272, 10.96366 ], [ -83.67988, 10.96358 ], [ -83.67707, 10.96318 ], [ -83.66042, 10.95983 ], [ -83.66034, 10.95981 ], [ -83.6558, 10.95889 ], [ -83.65356, 10.95833 ], [ -83.65139, 10.95757 ], [ -83.6493, 10.95661 ], [ -83.6329, 10.94815 ], [ -83.63086, 10.94697 ], [ -83.62894, 10.94561 ], [ -83.62716, 10.94407 ], [ -83.62552, 10.94237 ], [ -83.60542, 10.91934 ], [ -83.60378, 10.91724 ], [ -83.60237, 10.91498 ], [ -83.57681, 10.86867 ], [ -83.57596, 10.86698 ], [ -83.57524, 10.86523 ], [ -83.5571, 10.81596 ], [ -83.55631, 10.81342 ], [ -83.5558, 10.81081 ], [ -83.55557, 10.80816 ], [ -83.55563, 10.8055 ], [ -83.55711, 10.78526 ], [ -83.55707, 10.78522 ], [ -83.55549, 10.78333 ], [ -83.5541, 10.7813 ], [ -83.55292, 10.77913 ], [ -83.55196, 10.77686 ], [ -83.50373, 10.64529 ], [ -83.44389, 10.50599 ], [ -83.37387, 10.3902 ], [ -83.186, 10.14727 ], [ -83.17331, 10.13769 ], [ -83.17109, 10.1358 ], [ -83.16911, 10.13366 ], [ -83.10623, 10.05755 ], [ -83.08115, 10.03303 ], [ -83.07362, 10.0372 ], [ -83.07145, 10.03827 ], [ -83.06918, 10.03913 ], [ -83.06683, 10.03976 ], [ -83.06444, 10.04016 ], [ -83.06202, 10.04032 ], [ -83.05959, 10.04026 ], [ -83.05719, 10.03995 ], [ -83.05482, 10.03942 ], [ -83.05252, 10.03866 ], [ -83.0503, 10.03767 ], [ -83.04818, 10.03648 ], [ -83.04326, 10.03338 ], [ -83.02177, 10.02966 ], [ -83.01939, 10.02913 ], [ -83.01707, 10.02837 ], [ -83.01484, 10.02739 ], [ -83.01272, 10.02619 ], [ -83.01072, 10.02479 ], [ -83.00887, 10.02321 ], [ -83.00718, 10.02145 ], [ -83.00567, 10.01954 ], [ -83.00022, 10.01189 ], [ -82.99891, 10.00985 ], [ -82.99781, 10.0077 ], [ -82.99692, 10.00546 ], [ -82.99625, 10.00314 ], [ -82.99581, 10.00076 ], [ -82.9956, 9.99836 ], [ -82.99495, 9.98172 ], [ -82.99289, 9.97164 ], [ -82.98894, 9.96417 ], [ -82.97843, 9.9534 ], [ -82.97698, 9.95176 ], [ -82.97567, 9.95001 ], [ -82.93167, 9.8854 ], [ -82.92048, 9.87752 ], [ -82.91842, 9.8759 ], [ -82.91654, 9.87407 ], [ -82.91486, 9.87206 ], [ -82.85858, 9.79685 ], [ -82.82726, 9.76759 ], [ -82.8155, 9.77115 ], [ -82.81305, 9.77176 ], [ -82.81056, 9.77211 ], [ -82.80804, 9.77222 ], [ -82.80553, 9.77207 ], [ -82.80304, 9.77167 ], [ -82.80061, 9.77102 ], [ -82.79825, 9.77013 ], [ -82.796, 9.76901 ], [ -82.79387, 9.76766 ], [ -82.79188, 9.76611 ], [ -82.79007, 9.76437 ], [ -82.78843, 9.76245 ], [ -82.787, 9.76038 ], [ -82.78579, 9.75817 ], [ -82.7848, 9.75585 ], [ -82.77902, 9.74014 ], [ -82.77822, 9.73755 ], [ -82.77771, 9.73489 ], [ -82.77278, 9.69871 ], [ -82.76799, 9.68915 ], [ -82.7604, 9.68337 ], [ -82.69981, 9.6625 ], [ -82.68055, 9.66052 ], [ -82.65882, 9.66128 ], [ -82.65593, 9.66122 ], [ -82.63387, 9.65943 ], [ -82.63139, 9.6591 ], [ -82.62895, 9.65853 ], [ -82.62658, 9.65771 ], [ -82.62431, 9.65666 ], [ -82.60486, 9.64649 ], [ -82.60271, 9.64523 ], [ -82.60069, 9.64376 ], [ -82.59884, 9.64209 ], [ -82.59716, 9.64025 ], [ -82.59567, 9.63825 ], [ -82.57373, 9.6055 ], [ -82.56068, 9.5976 ], [ -82.56062, 9.59757 ], [ -82.5489, 9.59045 ], [ -82.5465, 9.58879 ] ], [ [ -78.1494, 8.44048 ], [ -78.14995, 8.44093 ], [ -78.15168, 8.43982 ], [ -78.15554, 8.43333 ], [ -78.15701, 8.42451 ], [ -78.15279, 8.42655 ], [ -78.15039, 8.42756 ], [ -78.14789, 8.42832 ], [ -78.14533, 8.42881 ], [ -78.14075, 8.42944 ], [ -78.1494, 8.44048 ] ], [ [ -78.0842, 8.3674 ], [ -78.08503, 8.37016 ], [ -78.08889, 8.38645 ], [ -78.08908, 8.3864 ], [ -78.0916, 8.38601 ], [ -78.09415, 8.38588 ], [ -78.10033, 8.38588 ], [ -78.10099, 8.38591 ], [ -78.09886, 8.37047 ], [ -78.09681, 8.36874 ], [ -78.08388, 8.36171 ], [ -78.08095, 8.36053 ], [ -78.08306, 8.36475 ], [ -78.0842, 8.3674 ] ], [ [ -82.2447, 8.27615 ], [ -82.26419, 8.2779 ], [ -82.26678, 8.27827 ], [ -82.26932, 8.27891 ], [ -82.27177, 8.27981 ], [ -82.28691, 8.28628 ], [ -82.28901, 8.28729 ], [ -82.291, 8.2885 ], [ -82.29287, 8.28988 ], [ -82.29461, 8.29144 ], [ -82.29619, 8.29314 ], [ -82.29761, 8.29499 ], [ -82.29885, 8.29696 ], [ -82.30481, 8.3075 ], [ -82.3066, 8.30695 ], [ -82.30949, 8.30624 ], [ -82.31116, 8.30604 ], [ -82.29989, 8.29599 ], [ -82.29808, 8.29421 ], [ -82.29647, 8.29226 ], [ -82.29506, 8.29015 ], [ -82.29387, 8.28791 ], [ -82.29291, 8.28556 ], [ -82.2922, 8.28313 ], [ -82.29174, 8.28063 ], [ -82.29153, 8.2781 ], [ -82.29158, 8.27557 ], [ -82.29227, 8.2658 ], [ -82.29256, 8.26341 ], [ -82.29307, 8.26107 ], [ -82.2938, 8.25878 ], [ -82.29475, 8.25657 ], [ -82.29523, 8.2557 ], [ -82.29502, 8.25545 ], [ -82.29377, 8.25367 ], [ -82.28066, 8.25739 ], [ -82.27825, 8.25795 ], [ -82.27579, 8.25826 ], [ -82.27332, 8.25833 ], [ -82.27085, 8.25816 ], [ -82.26841, 8.25775 ], [ -82.26603, 8.25709 ], [ -82.26372, 8.2562 ], [ -82.25082, 8.2505 ], [ -82.23642, 8.24605 ], [ -82.23994, 8.25544 ], [ -82.24068, 8.25771 ], [ -82.24119, 8.26004 ], [ -82.24147, 8.26241 ], [ -82.24246, 8.27606 ], [ -82.2447, 8.27615 ] ], [ [ -83.77974, 11.88745 ], [ -83.78148, 11.88546 ], [ -83.78343, 11.88366 ], [ -83.78556, 11.88208 ], [ -83.79125, 11.8783 ], [ -83.79309, 11.87718 ], [ -83.79503, 11.87623 ], [ -83.79704, 11.87545 ], [ -83.79913, 11.87474 ], [ -83.7903, 11.86685 ], [ -83.78819, 11.86472 ], [ -83.77459, 11.84926 ], [ -83.77303, 11.8473 ], [ -83.77167, 11.84518 ], [ -83.77053, 11.84295 ], [ -83.76869, 11.83883 ], [ -83.76419, 11.8517 ], [ -83.76347, 11.85353 ], [ -83.76261, 11.85529 ], [ -83.75712, 11.8655 ], [ -83.7559, 11.86753 ], [ -83.7545, 11.86943 ], [ -83.75292, 11.87119 ], [ -83.75119, 11.8728 ], [ -83.75067, 11.8732 ], [ -83.75788, 11.89913 ], [ -83.75844, 11.90167 ], [ -83.75874, 11.90425 ], [ -83.75909, 11.90984 ], [ -83.76372, 11.90782 ], [ -83.77974, 11.88745 ] ], [ [ -83.72909, 12.02917 ], [ -83.72922, 12.0291 ], [ -83.73146, 12.02824 ], [ -83.73242, 12.02797 ], [ -83.73036, 12.0168 ], [ -83.72999, 12.01365 ], [ -83.72941, 12.00325 ], [ -83.72243, 12.00798 ], [ -83.72043, 12.00921 ], [ -83.71832, 12.01024 ], [ -83.71613, 12.01106 ], [ -83.71464, 12.01147 ], [ -83.72909, 12.02917 ] ], [ [ -83.66236, 12.38855 ], [ -83.66196, 12.39101 ], [ -83.66131, 12.39341 ], [ -83.66043, 12.39574 ], [ -83.65932, 12.39797 ], [ -83.65799, 12.40008 ], [ -83.65646, 12.40204 ], [ -83.65475, 12.40385 ], [ -83.64722, 12.41101 ], [ -83.64578, 12.41227 ], [ -83.64425, 12.41343 ], [ -83.62806, 12.42466 ], [ -83.63003, 12.43288 ], [ -83.63315, 12.43957 ], [ -83.6511, 12.4553 ], [ -83.65286, 12.457 ], [ -83.65444, 12.45886 ], [ -83.65583, 12.46086 ], [ -83.65702, 12.46299 ], [ -83.658, 12.46522 ], [ -83.65875, 12.46754 ], [ -83.65928, 12.46992 ], [ -83.65957, 12.47234 ], [ -83.65962, 12.47478 ], [ -83.65794, 12.53757 ], [ -83.66015, 12.54947 ], [ -83.66186, 12.54844 ], [ -83.66407, 12.54739 ], [ -83.69618, 12.534 ], [ -83.69846, 12.53317 ], [ -83.70081, 12.53257 ], [ -83.7032, 12.53221 ], [ -83.74382, 12.52797 ], [ -83.74965, 12.52609 ], [ -83.74965, 12.50516 ], [ -83.74679, 12.50456 ], [ -83.74171, 12.50471 ], [ -83.73901, 12.50464 ], [ -83.73635, 12.50429 ], [ -83.73373, 12.50365 ], [ -83.72701, 12.50162 ], [ -83.72477, 12.50083 ], [ -83.72262, 12.49983 ], [ -83.72058, 12.49863 ], [ -83.71865, 12.49724 ], [ -83.71687, 12.49567 ], [ -83.71525, 12.49394 ], [ -83.70724, 12.48458 ], [ -83.70581, 12.48276 ], [ -83.70457, 12.48081 ], [ -83.7035, 12.47875 ], [ -83.70264, 12.4766 ], [ -83.70197, 12.47438 ], [ -83.70152, 12.47211 ], [ -83.69468, 12.42743 ], [ -83.69441, 12.42464 ], [ -83.69446, 12.42184 ], [ -83.69482, 12.41906 ], [ -83.69881, 12.3977 ], [ -83.69921, 12.39589 ], [ -83.69976, 12.39411 ], [ -83.7061, 12.37579 ], [ -83.70784, 12.3658 ], [ -83.70676, 12.36317 ], [ -83.70451, 12.36209 ], [ -83.68149, 12.36694 ], [ -83.67912, 12.36733 ], [ -83.67671, 12.36748 ], [ -83.67431, 12.3674 ], [ -83.67192, 12.36709 ], [ -83.67069, 12.36681 ], [ -83.66985, 12.36807 ], [ -83.66829, 12.36997 ], [ -83.66656, 12.37171 ], [ -83.66466, 12.37326 ], [ -83.66262, 12.37463 ], [ -83.66049, 12.3759 ], [ -83.66069, 12.37633 ], [ -83.66151, 12.37868 ], [ -83.66209, 12.38111 ], [ -83.66243, 12.38357 ], [ -83.66252, 12.38606 ], [ -83.66236, 12.38855 ] ], [ [ -83.5974, 12.58865 ], [ -83.58724, 12.60153 ], [ -83.58664, 12.60477 ], [ -83.60623, 12.59358 ], [ -83.60813, 12.59202 ], [ -83.5974, 12.58865 ] ], [ [ -83.57684, 12.76462 ], [ -83.5756, 12.76663 ], [ -83.57419, 12.76852 ], [ -83.5726, 12.77027 ], [ -83.56723, 12.77564 ], [ -83.56825, 12.78379 ], [ -83.57545, 12.78971 ], [ -83.59281, 12.79385 ], [ -83.60885, 12.79263 ], [ -83.61787, 12.78748 ], [ -83.62074, 12.78149 ], [ -83.62048, 12.77212 ], [ -83.61818, 12.76692 ], [ -83.60391, 12.75941 ], [ -83.60131, 12.75784 ], [ -83.59893, 12.75596 ], [ -83.59665, 12.75393 ], [ -83.59494, 12.75226 ], [ -83.5934, 12.75043 ], [ -83.59204, 12.74846 ], [ -83.59088, 12.74637 ], [ -83.58992, 12.74418 ], [ -83.58917, 12.74191 ], [ -83.58865, 12.73958 ], [ -83.58835, 12.73721 ], [ -83.58689, 12.71859 ], [ -83.58572, 12.71777 ], [ -83.58345, 12.71572 ], [ -83.58108, 12.7133 ], [ -83.57991, 12.75332 ], [ -83.57973, 12.75567 ], [ -83.57933, 12.758 ], [ -83.57871, 12.76028 ], [ -83.57788, 12.76249 ], [ -83.57684, 12.76462 ] ], [ [ -83.34733, 14.8093 ], [ -83.34884, 14.81122 ], [ -83.35022, 14.81339 ], [ -83.35136, 14.81569 ], [ -83.35226, 14.81809 ], [ -83.35291, 14.82057 ], [ -83.35331, 14.82311 ], [ -83.35344, 14.82567 ], [ -83.35344, 14.83186 ], [ -83.35333, 14.83423 ], [ -83.35299, 14.83658 ], [ -83.35243, 14.83889 ], [ -83.35166, 14.84114 ], [ -83.35067, 14.8433 ], [ -83.34948, 14.84536 ], [ -83.34811, 14.84729 ], [ -83.34656, 14.84909 ], [ -83.34484, 14.85073 ], [ -83.34297, 14.8522 ], [ -83.34098, 14.85349 ], [ -83.33887, 14.85458 ], [ -83.32691, 14.86007 ], [ -83.32454, 14.86102 ], [ -83.32232, 14.86164 ], [ -83.32277, 14.86287 ], [ -83.32333, 14.86495 ], [ -83.32371, 14.86707 ], [ -83.32617, 14.88517 ], [ -83.32636, 14.88579 ], [ -83.32749, 14.88538 ], [ -83.33513, 14.88071 ], [ -83.3516, 14.86581 ], [ -83.38243, 14.8273 ], [ -83.38071, 14.82583 ], [ -83.37909, 14.82416 ], [ -83.37763, 14.82235 ], [ -83.37635, 14.82041 ], [ -83.37525, 14.81836 ], [ -83.37435, 14.81622 ], [ -83.37365, 14.814 ], [ -83.36798, 14.79257 ], [ -83.35696, 14.79854 ], [ -83.35477, 14.79959 ], [ -83.3525, 14.80042 ], [ -83.35143, 14.8007 ], [ -83.35093, 14.80187 ], [ -83.34733, 14.8093 ] ], [ [ -83.9144, 15.28688 ], [ -83.9163, 15.28523 ], [ -83.91835, 15.28378 ], [ -83.92053, 15.28254 ], [ -83.92283, 15.28152 ], [ -83.92387, 15.28119 ], [ -83.92107, 15.27764 ], [ -83.91188, 15.27127 ], [ -83.89982, 15.2687 ], [ -83.88728, 15.27019 ], [ -83.87193, 15.27398 ], [ -83.88866, 15.28273 ], [ -83.89064, 15.28389 ], [ -83.89251, 15.28523 ], [ -83.89425, 15.28673 ], [ -83.90146, 15.29356 ], [ -83.90297, 15.29512 ], [ -83.90434, 15.29681 ], [ -83.90556, 15.29861 ], [ -83.90662, 15.3005 ], [ -83.90672, 15.30069 ], [ -83.90713, 15.30072 ], [ -83.90725, 15.29989 ], [ -83.90788, 15.29746 ], [ -83.90874, 15.2951 ], [ -83.90984, 15.29284 ], [ -83.91116, 15.2907 ], [ -83.91269, 15.28871 ], [ -83.9144, 15.28688 ] ] ], [ [ [ -83.85577, 8.73473 ], [ -83.85371, 8.73328 ], [ -83.85181, 8.73164 ], [ -83.85008, 8.7298 ], [ -83.84855, 8.72781 ], [ -83.84722, 8.72567 ], [ -83.84612, 8.7234 ], [ -83.84525, 8.72104 ], [ -83.84462, 8.7186 ], [ -83.84424, 8.71611 ], [ -83.84411, 8.7136 ], [ -83.84424, 8.71108 ], [ -83.84543, 8.69927 ], [ -83.8458, 8.69679 ], [ -83.84643, 8.69435 ], [ -83.8473, 8.69199 ], [ -83.8484, 8.68973 ], [ -83.84972, 8.68759 ], [ -83.85125, 8.6856 ], [ -83.85297, 8.68376 ], [ -83.85487, 8.68211 ], [ -83.85692, 8.68066 ], [ -83.85911, 8.67943 ], [ -83.86141, 8.67841 ], [ -83.86919, 8.67545 ], [ -83.87136, 8.67474 ], [ -83.87359, 8.67423 ], [ -83.87586, 8.67392 ], [ -83.87815, 8.67382 ], [ -83.88043, 8.67393 ], [ -83.8827, 8.67425 ], [ -83.89525, 8.67661 ], [ -83.89787, 8.67725 ], [ -83.9004, 8.67817 ], [ -83.90282, 8.67936 ], [ -83.9051, 8.6808 ], [ -83.90721, 8.68247 ], [ -83.9132, 8.68778 ], [ -83.91495, 8.68949 ], [ -83.91653, 8.69137 ], [ -83.91791, 8.69338 ], [ -83.91909, 8.69553 ], [ -83.92005, 8.69777 ], [ -83.92079, 8.70011 ], [ -83.9213, 8.7025 ], [ -83.92157, 8.70493 ], [ -83.9216, 8.70737 ], [ -83.9214, 8.70981 ], [ -83.92096, 8.71222 ], [ -83.92028, 8.71457 ], [ -83.91938, 8.71684 ], [ -83.91826, 8.71902 ], [ -83.91693, 8.72107 ], [ -83.91541, 8.72298 ], [ -83.9137, 8.72474 ], [ -83.91184, 8.72632 ], [ -83.90983, 8.72772 ], [ -83.90769, 8.7289 ], [ -83.89453, 8.7354 ], [ -83.89214, 8.73644 ], [ -83.88965, 8.73721 ], [ -83.8871, 8.73772 ], [ -83.8845, 8.73797 ], [ -83.87015, 8.73857 ], [ -83.86764, 8.73855 ], [ -83.86513, 8.73827 ], [ -83.86267, 8.73775 ], [ -83.86027, 8.73698 ], [ -83.85797, 8.73597 ], [ -83.85577, 8.73473 ] ] ], [ [ [ -79.58282, 8.76219 ], [ -79.58487, 8.76368 ], [ -79.58675, 8.76536 ], [ -79.58845, 8.76723 ], [ -79.58995, 8.76926 ], [ -79.59125, 8.77143 ], [ -79.59231, 8.77372 ], [ -79.59477, 8.77978 ], [ -79.59562, 8.78221 ], [ -79.59621, 8.78471 ], [ -79.59654, 8.78726 ], [ -79.5966, 8.78983 ], [ -79.5964, 8.7924 ], [ -79.59518, 8.8018 ], [ -79.59471, 8.80437 ], [ -79.59397, 8.80687 ], [ -79.59298, 8.80929 ], [ -79.59174, 8.81159 ], [ -79.59027, 8.81374 ], [ -79.58858, 8.81573 ], [ -79.58669, 8.81754 ], [ -79.57964, 8.8236 ], [ -79.57761, 8.82517 ], [ -79.57542, 8.82653 ], [ -79.57312, 8.82765 ], [ -79.5707, 8.82853 ], [ -79.56821, 8.82916 ], [ -79.56567, 8.82953 ], [ -79.56311, 8.82964 ], [ -79.56054, 8.82948 ], [ -79.55801, 8.82907 ], [ -79.55553, 8.82839 ], [ -79.55542, 8.82835 ], [ -79.55374, 8.82843 ], [ -79.55131, 8.8283 ], [ -79.5489, 8.82794 ], [ -79.54653, 8.82734 ], [ -79.54424, 8.82652 ], [ -79.54204, 8.82547 ], [ -79.53995, 8.82422 ], [ -79.53799, 8.82277 ], [ -79.53618, 8.82114 ], [ -79.53454, 8.81933 ], [ -79.53308, 8.81738 ], [ -79.53182, 8.81529 ], [ -79.53077, 8.81309 ], [ -79.52994, 8.8108 ], [ -79.52934, 8.80844 ], [ -79.52933, 8.80839 ], [ -79.52905, 8.80824 ], [ -79.52692, 8.80681 ], [ -79.52495, 8.80518 ], [ -79.52315, 8.80336 ], [ -79.52155, 8.80136 ], [ -79.52017, 8.79921 ], [ -79.51901, 8.79692 ], [ -79.51809, 8.79453 ], [ -79.51742, 8.79206 ], [ -79.517, 8.78954 ], [ -79.51639, 8.78408 ], [ -79.51624, 8.78175 ], [ -79.51631, 8.77941 ], [ -79.5166, 8.7771 ], [ -79.5171, 8.77482 ], [ -79.51781, 8.77259 ], [ -79.51995, 8.76683 ], [ -79.52093, 8.76454 ], [ -79.52214, 8.76236 ], [ -79.52355, 8.76031 ], [ -79.52517, 8.75841 ], [ -79.52697, 8.75668 ], [ -79.52893, 8.75514 ], [ -79.53103, 8.7538 ], [ -79.53326, 8.75268 ], [ -79.53558, 8.75179 ], [ -79.54018, 8.75028 ], [ -79.54261, 8.74961 ], [ -79.54508, 8.7492 ], [ -79.54759, 8.74903 ], [ -79.5501, 8.74912 ], [ -79.55259, 8.74946 ], [ -79.55504, 8.75005 ], [ -79.55741, 8.75088 ], [ -79.55968, 8.75194 ], [ -79.56184, 8.75323 ], [ -79.56386, 8.75472 ], [ -79.56572, 8.75641 ], [ -79.56582, 8.75652 ], [ -79.56718, 8.7567 ], [ -79.56951, 8.75724 ], [ -79.57595, 8.75906 ], [ -79.57834, 8.75987 ], [ -79.58064, 8.76092 ], [ -79.58282, 8.76219 ] ] ], [ [ [ -81.57952, 9.06586 ], [ -81.58176, 9.06673 ], [ -81.58391, 9.0678 ], [ -81.58595, 9.06908 ], [ -81.58785, 9.07054 ], [ -81.58961, 9.07218 ], [ -81.59119, 9.07399 ], [ -81.5926, 9.07593 ], [ -81.59382, 9.07801 ], [ -81.59483, 9.08019 ], [ -81.59563, 9.08245 ], [ -81.5962, 9.08479 ], [ -81.5968, 9.08782 ], [ -81.59957, 9.0933 ], [ -81.6006, 9.09561 ], [ -81.60138, 9.09802 ], [ -81.60192, 9.1005 ], [ -81.60221, 9.10302 ], [ -81.60224, 9.10555 ], [ -81.60201, 9.10808 ], [ -81.60153, 9.11057 ], [ -81.6008, 9.11299 ], [ -81.59983, 9.11534 ], [ -81.59862, 9.11757 ], [ -81.59676, 9.12063 ], [ -81.59545, 9.12257 ], [ -81.59396, 9.12439 ], [ -81.59231, 9.12605 ], [ -81.59051, 9.12756 ], [ -81.58857, 9.12889 ], [ -81.58652, 9.13003 ], [ -81.58437, 9.13097 ], [ -81.58215, 9.13171 ], [ -81.57986, 9.13224 ], [ -81.57753, 9.13255 ], [ -81.5704, 9.13316 ], [ -81.568, 9.13325 ], [ -81.5656, 9.13311 ], [ -81.56323, 9.13274 ], [ -81.5609, 9.13214 ], [ -81.55864, 9.13132 ], [ -81.55816, 9.13109 ], [ -81.55609, 9.13105 ], [ -81.55144, 9.13074 ], [ -81.54887, 9.13044 ], [ -81.54635, 9.12987 ], [ -81.54391, 9.12905 ], [ -81.54156, 9.12798 ], [ -81.53568, 9.12492 ], [ -81.53293, 9.12326 ], [ -81.52766, 9.11959 ], [ -81.52598, 9.1183 ], [ -81.52441, 9.11688 ], [ -81.52037, 9.1129 ], [ -81.51878, 9.11119 ], [ -81.51736, 9.10933 ], [ -81.51612, 9.10735 ], [ -81.51508, 9.10527 ], [ -81.51498, 9.10503 ], [ -81.51463, 9.10464 ], [ -81.51311, 9.1026 ], [ -81.51181, 9.10043 ], [ -81.51073, 9.09813 ], [ -81.50989, 9.09573 ], [ -81.5093, 9.09326 ], [ -81.50896, 9.09075 ], [ -81.50887, 9.08821 ], [ -81.50905, 9.08567 ], [ -81.50948, 9.08317 ], [ -81.5101, 9.08042 ], [ -81.51074, 9.0781 ], [ -81.51161, 9.07585 ], [ -81.51268, 9.0737 ], [ -81.51396, 9.07166 ], [ -81.51543, 9.06975 ], [ -81.51707, 9.06799 ], [ -81.51888, 9.06639 ], [ -81.52083, 9.06498 ], [ -81.52291, 9.06377 ], [ -81.52509, 9.06275 ], [ -81.52736, 9.06196 ], [ -81.5297, 9.06138 ], [ -81.53208, 9.06104 ], [ -81.53449, 9.06092 ], [ -81.53884, 9.06092 ], [ -81.54113, 9.06102 ], [ -81.54339, 9.06134 ], [ -81.54562, 9.06186 ], [ -81.5478, 9.06258 ], [ -81.54989, 9.0635 ], [ -81.55116, 9.06412 ], [ -81.56388, 9.0658 ], [ -81.5653, 9.06543 ], [ -81.56765, 9.06493 ], [ -81.57004, 9.06465 ], [ -81.57244, 9.06461 ], [ -81.57484, 9.0648 ], [ -81.5772, 9.06522 ], [ -81.57952, 9.06586 ] ] ], [ [ [ -82.07556, 9.19009 ], [ -82.07467, 9.19238 ], [ -82.07356, 9.19457 ], [ -82.07224, 9.19664 ], [ -82.07073, 9.19857 ], [ -82.06903, 9.20034 ], [ -82.06717, 9.20194 ], [ -82.06516, 9.20334 ], [ -82.06303, 9.20455 ], [ -82.06078, 9.20554 ], [ -82.05845, 9.2063 ], [ -82.05605, 9.20683 ], [ -82.05362, 9.20713 ], [ -82.05117, 9.20718 ], [ -82.04872, 9.20699 ], [ -82.0463, 9.20657 ], [ -82.04394, 9.20591 ], [ -82.04165, 9.20502 ], [ -82.03533, 9.2022 ], [ -82.03318, 9.20111 ], [ -82.03115, 9.19983 ], [ -82.02925, 9.19835 ], [ -82.0275, 9.1967 ], [ -82.02591, 9.19488 ], [ -82.02521, 9.1939 ], [ -82.02451, 9.19381 ], [ -82.02222, 9.19329 ], [ -82.01998, 9.19256 ], [ -82.01783, 9.19162 ], [ -82.01577, 9.19048 ], [ -82.01383, 9.18916 ], [ -82.01202, 9.18766 ], [ -82.01036, 9.18599 ], [ -82.00886, 9.18418 ], [ -82.00754, 9.18223 ], [ -82.00641, 9.18017 ], [ -82.00548, 9.17801 ], [ -82.00345, 9.17264 ], [ -81.99882, 9.17063 ], [ -81.99668, 9.16958 ], [ -81.99465, 9.16833 ], [ -81.99275, 9.16689 ], [ -81.99099, 9.16527 ], [ -81.9894, 9.1635 ], [ -81.98798, 9.16159 ], [ -81.98675, 9.15954 ], [ -81.98572, 9.15739 ], [ -81.9849, 9.15515 ], [ -81.9843, 9.15284 ], [ -81.98392, 9.15049 ], [ -81.98376, 9.14811 ], [ -81.98384, 9.14573 ], [ -81.98414, 9.14336 ], [ -81.98466, 9.14104 ], [ -81.98638, 9.13481 ], [ -81.98716, 9.13245 ], [ -81.98816, 9.13019 ], [ -81.98939, 9.12804 ], [ -81.99082, 9.12601 ], [ -81.99245, 9.12414 ], [ -81.99425, 9.12244 ], [ -81.99621, 9.12093 ], [ -81.99831, 9.11962 ], [ -82.00054, 9.11852 ], [ -82.00813, 9.11523 ], [ -82.0141, 9.11159 ], [ -82.01639, 9.11035 ], [ -82.0188, 9.10936 ], [ -82.0213, 9.10863 ], [ -82.02386, 9.10815 ], [ -82.02645, 9.10795 ], [ -82.02906, 9.10802 ], [ -82.03164, 9.10835 ], [ -82.03417, 9.10896 ], [ -82.03991, 9.11065 ], [ -82.04223, 9.11146 ], [ -82.04445, 9.11249 ], [ -82.04657, 9.11373 ], [ -82.0638, 9.12504 ], [ -82.06587, 9.12656 ], [ -82.06778, 9.12828 ], [ -82.0695, 9.13019 ], [ -82.07101, 9.13227 ], [ -82.07619, 9.1402 ], [ -82.07737, 9.1422 ], [ -82.07836, 9.1443 ], [ -82.07914, 9.14648 ], [ -82.07973, 9.14873 ], [ -82.0801, 9.15102 ], [ -82.08025, 9.15334 ], [ -82.0802, 9.15566 ], [ -82.07963, 9.16359 ], [ -82.07929, 9.16624 ], [ -82.07868, 9.16883 ], [ -82.0778, 9.17135 ], [ -82.07698, 9.17307 ], [ -82.077, 9.17316 ], [ -82.07733, 9.17569 ], [ -82.0774, 9.17824 ], [ -82.07721, 9.18078 ], [ -82.07664, 9.18531 ], [ -82.07622, 9.18773 ], [ -82.07556, 9.19009 ] ] ], [ [ [ -83.05779, 12.20602 ], [ -83.04387, 12.2131 ], [ -83.04171, 12.21408 ], [ -83.03946, 12.21484 ], [ -83.03715, 12.21539 ], [ -83.03479, 12.21572 ], [ -83.03242, 12.21582 ], [ -83.03005, 12.2157 ], [ -83.0277, 12.21535 ], [ -83.02539, 12.21478 ], [ -83.02315, 12.21399 ], [ -83.02099, 12.21299 ], [ -83.01894, 12.2118 ], [ -83.01701, 12.21041 ], [ -83.00562, 12.20138 ], [ -83.00382, 12.19981 ], [ -83.00218, 12.19807 ], [ -83.00071, 12.19618 ], [ -82.99943, 12.19417 ], [ -82.99835, 12.19203 ], [ -82.99747, 12.18981 ], [ -82.99681, 12.18751 ], [ -82.99638, 12.18516 ], [ -82.99617, 12.18278 ], [ -82.99619, 12.18039 ], [ -82.99644, 12.17801 ], [ -82.99691, 12.17567 ], [ -82.99761, 12.17338 ], [ -82.99852, 12.17117 ], [ -82.99964, 12.16906 ], [ -83.00354, 12.16247 ], [ -83.00499, 12.16028 ], [ -83.00667, 12.15825 ], [ -83.03556, 12.12692 ], [ -83.03735, 12.12517 ], [ -83.0393, 12.1236 ], [ -83.04141, 12.12224 ], [ -83.04363, 12.12109 ], [ -83.04597, 12.12018 ], [ -83.04838, 12.1195 ], [ -83.05084, 12.11906 ], [ -83.05334, 12.11888 ], [ -83.05585, 12.11894 ], [ -83.05833, 12.11926 ], [ -83.06077, 12.11982 ], [ -83.06314, 12.12063 ], [ -83.06542, 12.12166 ], [ -83.06759, 12.12292 ], [ -83.06962, 12.1244 ], [ -83.07149, 12.12606 ], [ -83.07318, 12.12791 ], [ -83.07468, 12.12991 ], [ -83.07597, 12.13206 ], [ -83.07705, 12.13432 ], [ -83.07788, 12.13668 ], [ -83.07848, 12.13912 ], [ -83.07884, 12.1416 ], [ -83.08088, 12.16394 ], [ -83.08098, 12.16639 ], [ -83.08084, 12.16883 ], [ -83.08047, 12.17126 ], [ -83.07985, 12.17363 ], [ -83.07901, 12.17593 ], [ -83.07795, 12.17814 ], [ -83.06843, 12.19567 ], [ -83.06712, 12.19781 ], [ -83.06561, 12.19982 ], [ -83.0639, 12.20165 ], [ -83.06201, 12.20331 ], [ -83.05997, 12.20477 ], [ -83.05779, 12.20602 ] ] ], [ [ [ -82.80125, 14.40337 ], [ -82.79851, 14.41214 ], [ -82.79775, 14.41424 ], [ -82.79681, 14.41627 ], [ -82.79569, 14.4182 ], [ -82.7944, 14.42002 ], [ -82.78707, 14.42946 ], [ -82.78558, 14.43121 ], [ -82.78393, 14.43281 ], [ -82.78215, 14.43425 ], [ -82.78024, 14.43553 ], [ -82.77823, 14.43662 ], [ -82.76196, 14.44451 ], [ -82.75986, 14.44542 ], [ -82.75768, 14.44612 ], [ -82.75545, 14.44663 ], [ -82.75318, 14.44693 ], [ -82.7509, 14.44702 ], [ -82.73763, 14.44694 ], [ -82.73531, 14.44682 ], [ -82.73301, 14.44648 ], [ -82.73076, 14.44593 ], [ -82.72856, 14.44518 ], [ -82.72644, 14.44422 ], [ -82.72442, 14.44307 ], [ -82.72252, 14.44174 ], [ -82.72075, 14.44024 ], [ -82.71196, 14.43206 ], [ -82.71015, 14.4302 ], [ -82.70855, 14.42816 ], [ -82.70717, 14.42596 ], [ -82.70602, 14.42364 ], [ -82.70512, 14.4212 ], [ -82.70448, 14.41869 ], [ -82.70119, 14.40234 ], [ -82.7008, 14.39963 ], [ -82.70071, 14.39688 ], [ -82.70091, 14.39415 ], [ -82.70142, 14.39145 ], [ -82.70825, 14.36361 ], [ -82.70898, 14.36118 ], [ -82.70995, 14.35884 ], [ -82.71116, 14.3566 ], [ -82.71258, 14.3545 ], [ -82.71421, 14.35256 ], [ -82.71603, 14.35079 ], [ -82.71802, 14.34921 ], [ -82.72016, 14.34784 ], [ -82.72243, 14.3467 ], [ -82.74074, 14.33861 ], [ -82.74307, 14.33772 ], [ -82.74549, 14.33706 ], [ -82.74796, 14.33665 ], [ -82.75046, 14.33648 ], [ -82.75296, 14.33657 ], [ -82.81038, 14.34145 ], [ -82.81284, 14.34178 ], [ -82.81526, 14.34236 ], [ -82.8176, 14.34317 ], [ -82.81986, 14.34421 ], [ -82.822, 14.34548 ], [ -82.82401, 14.34694 ], [ -82.82586, 14.3486 ], [ -82.82753, 14.35044 ], [ -82.82902, 14.35243 ], [ -82.8303, 14.35456 ], [ -82.83136, 14.3568 ], [ -82.8322, 14.35915 ], [ -82.83279, 14.36156 ], [ -82.83315, 14.36402 ], [ -82.83326, 14.3665 ], [ -82.83312, 14.36898 ], [ -82.83274, 14.37144 ], [ -82.83211, 14.37384 ], [ -82.83125, 14.37617 ], [ -82.83017, 14.37841 ], [ -82.82886, 14.38052 ], [ -82.82735, 14.3825 ], [ -82.82566, 14.38431 ], [ -82.82379, 14.38595 ], [ -82.82177, 14.3874 ], [ -82.82119, 14.38773 ], [ -82.82028, 14.38897 ], [ -82.81865, 14.39079 ], [ -82.81685, 14.39245 ], [ -82.8149, 14.39392 ], [ -82.81281, 14.3952 ], [ -82.80286, 14.40061 ], [ -82.80125, 14.40337 ] ] ], [ [ [ -73.46046, -1.57014 ], [ -73.45957, -1.56963 ], [ -73.45936, -1.56976 ], [ -73.45944, -1.57145 ], [ -73.46046, -1.57014 ] ] ], [ [ [ -64.0087, 10.74667 ], [ -64.01101, 10.74814 ], [ -64.01316, 10.74986 ], [ -64.02122, 10.7571 ], [ -64.02293, 10.7588 ], [ -64.02447, 10.76065 ], [ -64.02583, 10.76265 ], [ -64.02699, 10.76476 ], [ -64.02794, 10.76698 ], [ -64.02867, 10.76928 ], [ -64.02918, 10.77163 ], [ -64.02945, 10.77403 ], [ -64.0303, 10.78673 ], [ -64.03035, 10.78925 ], [ -64.03013, 10.79175 ], [ -64.02967, 10.79423 ], [ -64.02896, 10.79664 ], [ -64.02801, 10.79897 ], [ -64.02684, 10.8012 ], [ -64.02037, 10.81206 ], [ -64.0189, 10.81424 ], [ -64.01721, 10.81627 ], [ -64.01532, 10.8181 ], [ -64.01325, 10.81973 ], [ -64.00263, 10.82718 ], [ -64.00051, 10.82851 ], [ -63.99828, 10.82962 ], [ -63.99594, 10.8305 ], [ -63.99353, 10.83115 ], [ -63.98181, 10.83367 ], [ -63.97952, 10.83405 ], [ -63.97722, 10.83422 ], [ -63.9749, 10.83418 ], [ -63.9726, 10.83392 ], [ -63.97034, 10.83345 ], [ -63.96812, 10.83277 ], [ -63.96598, 10.83189 ], [ -63.9475, 10.82327 ], [ -63.92067, 10.81464 ], [ -63.91845, 10.8138 ], [ -63.91631, 10.81276 ], [ -63.89161, 10.79921 ], [ -63.8895, 10.79791 ], [ -63.88753, 10.79642 ], [ -63.88572, 10.79474 ], [ -63.88409, 10.79288 ], [ -63.88265, 10.79088 ], [ -63.88141, 10.78874 ], [ -63.88039, 10.78649 ], [ -63.8714, 10.76378 ], [ -63.87057, 10.76135 ], [ -63.87001, 10.75884 ], [ -63.8697, 10.75629 ], [ -63.86965, 10.75372 ], [ -63.86988, 10.75115 ], [ -63.87036, 10.74863 ], [ -63.8711, 10.74617 ], [ -63.87209, 10.74379 ], [ -63.87331, 10.74153 ], [ -63.87477, 10.73941 ], [ -63.8893, 10.72037 ], [ -63.89081, 10.71857 ], [ -63.8925, 10.71691 ], [ -63.89433, 10.71542 ], [ -63.89629, 10.71411 ], [ -63.89837, 10.713 ], [ -63.90054, 10.71208 ], [ -63.90279, 10.71137 ], [ -63.9051, 10.71087 ], [ -63.90744, 10.7106 ], [ -63.93381, 10.70877 ], [ -63.93643, 10.70873 ], [ -63.93905, 10.70896 ], [ -63.94163, 10.70946 ], [ -63.94414, 10.71023 ], [ -63.94655, 10.71127 ], [ -63.96779, 10.72169 ], [ -63.96989, 10.72284 ], [ -63.97187, 10.7242 ], [ -63.97371, 10.72574 ], [ -63.9754, 10.72744 ], [ -63.97691, 10.7293 ], [ -63.97824, 10.7313 ], [ -63.97937, 10.73341 ], [ -63.98029, 10.73563 ], [ -63.981, 10.73792 ], [ -63.98124, 10.73912 ], [ -63.98495, 10.73944 ], [ -63.98749, 10.7398 ], [ -63.98998, 10.74041 ], [ -64.00365, 10.74452 ], [ -64.00623, 10.74545 ], [ -64.0087, 10.74667 ] ] ], [ [ [ -64.16064, 10.85165 ], [ -64.15157, 10.8486 ], [ -64.14931, 10.84771 ], [ -64.14715, 10.84662 ], [ -64.14511, 10.84531 ], [ -64.1432, 10.84382 ], [ -64.14144, 10.84215 ], [ -64.13986, 10.84031 ], [ -64.13846, 10.83834 ], [ -64.13725, 10.83623 ], [ -64.13626, 10.83402 ], [ -64.13549, 10.83172 ], [ -64.13182, 10.81878 ], [ -64.13127, 10.81643 ], [ -64.13096, 10.81404 ], [ -64.13087, 10.81163 ], [ -64.13102, 10.80922 ], [ -64.1314, 10.80684 ], [ -64.13201, 10.80451 ], [ -64.13284, 10.80224 ], [ -64.13388, 10.80007 ], [ -64.13513, 10.79801 ], [ -64.13657, 10.79607 ], [ -64.13819, 10.79429 ], [ -64.13997, 10.79266 ], [ -64.14191, 10.79122 ], [ -64.16083, 10.77848 ], [ -64.16302, 10.77716 ], [ -64.16535, 10.77607 ], [ -64.16777, 10.77523 ], [ -64.17026, 10.77463 ], [ -64.17281, 10.7743 ], [ -64.19983, 10.77215 ], [ -64.2025, 10.77208 ], [ -64.20517, 10.7723 ], [ -64.2078, 10.7728 ], [ -64.21036, 10.77358 ], [ -64.21283, 10.77463 ], [ -64.23196, 10.78402 ], [ -64.23414, 10.78523 ], [ -64.23619, 10.78665 ], [ -64.23808, 10.78826 ], [ -64.23981, 10.79006 ], [ -64.24135, 10.79202 ], [ -64.24269, 10.79413 ], [ -64.24381, 10.79636 ], [ -64.2447, 10.79868 ], [ -64.24536, 10.80109 ], [ -64.24577, 10.80355 ], [ -64.24594, 10.80604 ], [ -64.24585, 10.80853 ], [ -64.24552, 10.811 ], [ -64.24283, 10.82557 ], [ -64.24227, 10.82797 ], [ -64.24147, 10.83031 ], [ -64.24044, 10.83255 ], [ -64.23919, 10.83468 ], [ -64.23775, 10.83668 ], [ -64.23611, 10.83853 ], [ -64.23429, 10.8402 ], [ -64.23233, 10.84169 ], [ -64.23022, 10.84298 ], [ -64.228, 10.84405 ], [ -64.21319, 10.85032 ], [ -64.21053, 10.85127 ], [ -64.20778, 10.85192 ], [ -64.20498, 10.85225 ], [ -64.19184, 10.85306 ], [ -64.18851, 10.85305 ], [ -64.17502, 10.85208 ], [ -64.17365, 10.85244 ], [ -64.17104, 10.85283 ], [ -64.16841, 10.85295 ], [ -64.16578, 10.85279 ], [ -64.16318, 10.85235 ], [ -64.16064, 10.85165 ] ] ], [ [ [ -65.34248, 10.87165 ], [ -65.34518, 10.87246 ], [ -65.34777, 10.87358 ], [ -65.36469, 10.88205 ], [ -65.37207, 10.88454 ], [ -65.37986, 10.88184 ], [ -65.3823, 10.88113 ], [ -65.3848, 10.88067 ], [ -65.38733, 10.88047 ], [ -65.38987, 10.88053 ], [ -65.39239, 10.88084 ], [ -65.39487, 10.88141 ], [ -65.39727, 10.88222 ], [ -65.39958, 10.88328 ], [ -65.40177, 10.88456 ], [ -65.40382, 10.88606 ], [ -65.42754, 10.90535 ], [ -65.42938, 10.907 ], [ -65.43104, 10.90882 ], [ -65.43251, 10.91079 ], [ -65.43379, 10.9129 ], [ -65.43484, 10.91513 ], [ -65.43568, 10.91745 ], [ -65.43628, 10.91984 ], [ -65.43665, 10.92227 ], [ -65.43677, 10.92474 ], [ -65.43665, 10.9272 ], [ -65.43629, 10.92963 ], [ -65.43569, 10.93202 ], [ -65.43486, 10.93434 ], [ -65.42502, 10.95802 ], [ -65.42401, 10.96016 ], [ -65.4228, 10.96219 ], [ -65.42141, 10.9641 ], [ -65.41984, 10.96587 ], [ -65.41812, 10.96748 ], [ -65.41624, 10.96893 ], [ -65.39101, 10.98655 ], [ -65.38909, 10.98776 ], [ -65.38707, 10.9888 ], [ -65.38497, 10.98964 ], [ -65.38279, 10.9903 ], [ -65.38056, 10.99075 ], [ -65.37831, 10.991 ], [ -65.3602, 10.99216 ], [ -65.33943, 11.00072 ], [ -65.33684, 11.00163 ], [ -65.33416, 11.00224 ], [ -65.33144, 11.00256 ], [ -65.3287, 11.00258 ], [ -65.30506, 11.00144 ], [ -65.30238, 11.00117 ], [ -65.29976, 11.00061 ], [ -65.2972, 10.99977 ], [ -65.24812, 10.9807 ], [ -65.24182, 10.97955 ], [ -65.22701, 10.9788 ], [ -65.21139, 10.97884 ], [ -65.20887, 10.97872 ], [ -65.20638, 10.97834 ], [ -65.20394, 10.97772 ], [ -65.20157, 10.97686 ], [ -65.1993, 10.97575 ], [ -65.19715, 10.97443 ], [ -65.19515, 10.9729 ], [ -65.19331, 10.97117 ], [ -65.19166, 10.96927 ], [ -65.18857, 10.96533 ], [ -65.18717, 10.96336 ], [ -65.18597, 10.96126 ], [ -65.18498, 10.95906 ], [ -65.1842, 10.95677 ], [ -65.18365, 10.95442 ], [ -65.18333, 10.95203 ], [ -65.18324, 10.94962 ], [ -65.18339, 10.94721 ], [ -65.18376, 10.94482 ], [ -65.18437, 10.94248 ], [ -65.18519, 10.94022 ], [ -65.18584, 10.93885 ], [ -65.18136, 10.93232 ], [ -65.18003, 10.93015 ], [ -65.17893, 10.92786 ], [ -65.17806, 10.92547 ], [ -65.17744, 10.923 ], [ -65.17708, 10.92049 ], [ -65.17697, 10.91795 ], [ -65.17712, 10.91541 ], [ -65.17753, 10.9129 ], [ -65.1805, 10.8991 ], [ -65.18115, 10.89668 ], [ -65.18204, 10.89433 ], [ -65.18316, 10.89208 ], [ -65.1845, 10.88996 ], [ -65.18605, 10.88798 ], [ -65.18779, 10.88617 ], [ -65.1897, 10.88454 ], [ -65.19177, 10.88311 ], [ -65.20764, 10.87327 ], [ -65.20952, 10.87221 ], [ -65.2115, 10.87132 ], [ -65.23531, 10.86176 ], [ -65.2376, 10.86097 ], [ -65.23996, 10.8604 ], [ -65.24236, 10.86006 ], [ -65.24478, 10.85996 ], [ -65.2472, 10.86009 ], [ -65.2496, 10.86046 ], [ -65.25195, 10.86106 ], [ -65.25423, 10.86188 ], [ -65.25642, 10.86292 ], [ -65.2585, 10.86417 ], [ -65.26045, 10.86561 ], [ -65.26096, 10.86607 ], [ -65.2744, 10.86468 ], [ -65.27795, 10.86457 ], [ -65.31762, 10.86612 ], [ -65.32009, 10.86634 ], [ -65.32254, 10.86681 ], [ -65.34248, 10.87165 ] ] ], [ [ [ -64.41039, 10.94255 ], [ -64.41279, 10.94284 ], [ -64.41515, 10.94336 ], [ -64.41745, 10.94412 ], [ -64.41967, 10.94508 ], [ -64.42178, 10.94626 ], [ -64.42377, 10.94764 ], [ -64.42562, 10.94921 ], [ -64.42731, 10.95094 ], [ -64.42882, 10.95283 ], [ -64.43014, 10.95486 ], [ -64.43126, 10.95701 ], [ -64.43217, 10.95925 ], [ -64.43285, 10.96157 ], [ -64.43331, 10.96395 ], [ -64.43353, 10.96636 ], [ -64.43353, 10.96878 ], [ -64.43328, 10.97119 ], [ -64.43281, 10.97356 ], [ -64.43211, 10.97588 ], [ -64.43118, 10.97812 ], [ -64.40752, 11.02845 ], [ -64.40525, 11.03696 ], [ -64.40319, 11.0562 ], [ -64.40279, 11.05869 ], [ -64.40215, 11.06113 ], [ -64.40126, 11.06349 ], [ -64.40014, 11.06575 ], [ -64.3988, 11.06788 ], [ -64.39725, 11.06987 ], [ -64.38951, 11.07883 ], [ -64.38792, 11.08051 ], [ -64.38617, 11.08204 ], [ -64.3843, 11.0834 ], [ -64.38231, 11.08457 ], [ -64.38021, 11.08556 ], [ -64.37804, 11.08635 ], [ -64.3758, 11.08694 ], [ -64.37351, 11.08732 ], [ -64.35899, 11.08903 ], [ -64.35548, 11.08919 ], [ -64.33555, 11.08873 ], [ -64.33053, 11.08968 ], [ -64.32862, 11.09061 ], [ -64.31846, 11.09939 ], [ -64.31655, 11.10088 ], [ -64.31451, 11.10218 ], [ -64.31236, 11.10327 ], [ -64.31011, 11.10416 ], [ -64.29986, 11.10762 ], [ -64.29761, 11.10826 ], [ -64.29532, 11.10869 ], [ -64.293, 11.1089 ], [ -64.29067, 11.1089 ], [ -64.28834, 11.10868 ], [ -64.28605, 11.10825 ], [ -64.28381, 11.1076 ], [ -64.27226, 11.10367 ], [ -64.25402, 11.11122 ], [ -64.25204, 11.11194 ], [ -64.25001, 11.1125 ], [ -64.24793, 11.11288 ], [ -64.22355, 11.1163 ], [ -64.22092, 11.11653 ], [ -64.21828, 11.11648 ], [ -64.21566, 11.11615 ], [ -64.19389, 11.11224 ], [ -64.19146, 11.11167 ], [ -64.1891, 11.11087 ], [ -64.18684, 11.10984 ], [ -64.18468, 11.10859 ], [ -64.18266, 11.10713 ], [ -64.1808, 11.10548 ], [ -64.17911, 11.10364 ], [ -64.17761, 11.10165 ], [ -64.16813, 11.08766 ], [ -64.16676, 11.08539 ], [ -64.16564, 11.08298 ], [ -64.16478, 11.08047 ], [ -64.16419, 11.07788 ], [ -64.16388, 11.07525 ], [ -64.16385, 11.07259 ], [ -64.16432, 11.0614 ], [ -64.16384, 11.05476 ], [ -64.14018, 11.04748 ], [ -64.13808, 11.04673 ], [ -64.13605, 11.0458 ], [ -64.13412, 11.04469 ], [ -64.10065, 11.02342 ], [ -64.08544, 11.0195 ], [ -64.0516, 11.01609 ], [ -64.04714, 11.01748 ], [ -64.04116, 11.02548 ], [ -64.04087, 11.02714 ], [ -64.04253, 11.05472 ], [ -64.04255, 11.05709 ], [ -64.04236, 11.05946 ], [ -64.04194, 11.06179 ], [ -64.04131, 11.06407 ], [ -64.04046, 11.06628 ], [ -64.0394, 11.0684 ], [ -64.03815, 11.07042 ], [ -64.03192, 11.07945 ], [ -64.03043, 11.08139 ], [ -64.02876, 11.08318 ], [ -64.02692, 11.0848 ], [ -64.01417, 11.09497 ], [ -64.0126, 11.09672 ], [ -64.01199, 11.09836 ], [ -64.01213, 11.10078 ], [ -64.01216, 11.10283 ], [ -64.01203, 11.10488 ], [ -64.01173, 11.10691 ], [ -64.01039, 11.11395 ], [ -64.00979, 11.11643 ], [ -64.00894, 11.11883 ], [ -64.00785, 11.12112 ], [ -64.00653, 11.1233 ], [ -64.005, 11.12533 ], [ -64.00326, 11.1272 ], [ -63.99398, 11.13623 ], [ -63.99228, 11.13774 ], [ -63.99045, 11.13909 ], [ -63.9885, 11.14027 ], [ -63.98646, 11.14126 ], [ -63.98433, 11.14207 ], [ -63.97587, 11.14484 ], [ -63.97378, 11.14542 ], [ -63.97165, 11.14582 ], [ -63.9695, 11.14604 ], [ -63.94934, 11.14718 ], [ -63.94778, 11.14764 ], [ -63.9389, 11.15521 ], [ -63.91546, 11.18387 ], [ -63.91407, 11.18544 ], [ -63.91254, 11.18688 ], [ -63.9109, 11.1882 ], [ -63.89576, 11.19931 ], [ -63.89366, 11.20069 ], [ -63.89144, 11.20185 ], [ -63.88911, 11.20279 ], [ -63.8867, 11.20348 ], [ -63.88423, 11.20394 ], [ -63.88173, 11.20414 ], [ -63.87922, 11.20409 ], [ -63.87673, 11.20379 ], [ -63.87428, 11.20324 ], [ -63.87189, 11.20244 ], [ -63.8696, 11.20142 ], [ -63.86743, 11.20016 ], [ -63.86539, 11.1987 ], [ -63.86351, 11.19704 ], [ -63.8618, 11.1952 ], [ -63.86029, 11.19319 ], [ -63.85898, 11.19105 ], [ -63.8579, 11.18878 ], [ -63.85705, 11.18642 ], [ -63.85644, 11.18399 ], [ -63.85467, 11.17499 ], [ -63.85163, 11.17254 ], [ -63.84105, 11.16688 ], [ -63.83886, 11.16556 ], [ -63.83682, 11.16402 ], [ -63.83494, 11.16228 ], [ -63.83325, 11.16036 ], [ -63.83177, 11.15828 ], [ -63.82575, 11.14884 ], [ -63.82449, 11.14661 ], [ -63.82345, 11.14426 ], [ -63.82267, 11.14182 ], [ -63.82214, 11.13931 ], [ -63.81931, 11.1215 ], [ -63.80574, 11.08693 ], [ -63.80497, 11.08464 ], [ -63.80442, 11.0823 ], [ -63.80189, 11.06848 ], [ -63.77153, 11.01316 ], [ -63.77046, 11.01096 ], [ -63.76961, 11.00866 ], [ -63.76899, 11.0063 ], [ -63.76321, 10.97895 ], [ -63.76282, 10.9765 ], [ -63.76267, 10.97402 ], [ -63.76277, 10.97154 ], [ -63.76312, 10.96908 ], [ -63.7637, 10.96666 ], [ -63.76453, 10.96432 ], [ -63.76558, 10.96207 ], [ -63.76685, 10.95994 ], [ -63.76833, 10.95794 ], [ -63.77, 10.9561 ], [ -63.77184, 10.95443 ], [ -63.77384, 10.95296 ], [ -63.77597, 10.95169 ], [ -63.77822, 10.95063 ], [ -63.78057, 10.94981 ], [ -63.78298, 10.94922 ], [ -63.78544, 10.94888 ], [ -63.78792, 10.94878 ], [ -63.7904, 10.94893 ], [ -63.79285, 10.94932 ], [ -63.79493, 10.94976 ], [ -63.79507, 10.94884 ], [ -63.79568, 10.94642 ], [ -63.79654, 10.94407 ], [ -63.79763, 10.94182 ], [ -63.79893, 10.93969 ], [ -63.80044, 10.93771 ], [ -63.80214, 10.93588 ], [ -63.80401, 10.93423 ], [ -63.80604, 10.93278 ], [ -63.80821, 10.93153 ], [ -63.81049, 10.93051 ], [ -63.81285, 10.92972 ], [ -63.81529, 10.92917 ], [ -63.81777, 10.92887 ], [ -63.82026, 10.92881 ], [ -63.82275, 10.929 ], [ -63.82521, 10.92944 ], [ -63.82761, 10.93013 ], [ -63.82993, 10.93105 ], [ -63.83215, 10.9322 ], [ -63.83424, 10.93356 ], [ -63.83693, 10.93551 ], [ -63.85139, 10.92213 ], [ -63.87572, 10.87373 ], [ -63.87692, 10.87161 ], [ -63.87832, 10.86962 ], [ -63.87991, 10.86777 ], [ -63.88167, 10.86609 ], [ -63.88358, 10.86458 ], [ -63.88563, 10.86327 ], [ -63.8878, 10.86216 ], [ -63.89007, 10.86127 ], [ -63.89241, 10.86061 ], [ -63.89481, 10.86017 ], [ -63.89723, 10.85997 ], [ -63.89967, 10.86001 ], [ -63.90209, 10.86029 ], [ -63.95573, 10.86904 ], [ -63.97053, 10.86674 ], [ -64.03172, 10.84579 ], [ -64.0463, 10.83652 ], [ -64.04841, 10.83531 ], [ -64.05063, 10.83432 ], [ -64.05293, 10.83355 ], [ -64.05529, 10.83301 ], [ -64.0577, 10.83269 ], [ -64.06012, 10.83261 ], [ -64.06255, 10.83277 ], [ -64.06494, 10.83316 ], [ -64.06729, 10.83378 ], [ -64.06956, 10.83463 ], [ -64.07174, 10.83569 ], [ -64.07381, 10.83696 ], [ -64.07575, 10.83842 ], [ -64.07753, 10.84007 ], [ -64.07915, 10.84188 ], [ -64.08058, 10.84384 ], [ -64.08182, 10.84592 ], [ -64.08285, 10.84812 ], [ -64.08366, 10.85041 ], [ -64.08425, 10.85277 ], [ -64.0846, 10.85517 ], [ -64.08472, 10.85759 ], [ -64.0846, 10.86001 ], [ -64.08403, 10.86594 ], [ -64.0961, 10.86594 ], [ -64.09854, 10.86606 ], [ -64.10097, 10.86642 ], [ -64.10334, 10.86701 ], [ -64.10565, 10.86783 ], [ -64.10786, 10.86888 ], [ -64.10996, 10.87013 ], [ -64.11193, 10.87159 ], [ -64.11375, 10.87323 ], [ -64.11539, 10.87504 ], [ -64.11686, 10.877 ], [ -64.11812, 10.8791 ], [ -64.13555, 10.91152 ], [ -64.15091, 10.92222 ], [ -64.17285, 10.93389 ], [ -64.17474, 10.935 ], [ -64.17512, 10.93527 ], [ -64.18674, 10.92537 ], [ -64.18862, 10.92392 ], [ -64.19062, 10.92265 ], [ -64.19273, 10.92158 ], [ -64.19494, 10.92072 ], [ -64.19722, 10.92007 ], [ -64.21862, 10.91503 ], [ -64.22142, 10.91453 ], [ -64.22425, 10.91436 ], [ -64.22708, 10.91451 ], [ -64.30024, 10.92256 ], [ -64.30252, 10.92292 ], [ -64.30476, 10.92348 ], [ -64.30693, 10.92425 ], [ -64.30902, 10.92522 ], [ -64.31569, 10.92867 ], [ -64.33717, 10.92796 ], [ -64.34031, 10.92806 ], [ -64.34947, 10.92891 ], [ -64.35185, 10.92924 ], [ -64.35418, 10.92981 ], [ -64.3935, 10.94131 ], [ -64.41039, 10.94255 ] ] ], [ [ [ -66.71606, 11.80526 ], [ -66.71577, 11.80543 ], [ -66.7135, 11.80644 ], [ -66.71113, 11.80721 ], [ -66.70871, 11.80775 ], [ -66.70624, 11.80805 ], [ -66.70375, 11.8081 ], [ -66.70127, 11.8079 ], [ -66.69882, 11.80746 ], [ -66.67347, 11.80154 ], [ -66.66181, 11.80362 ], [ -66.65125, 11.81246 ], [ -66.63652, 11.83693 ], [ -66.63515, 11.83898 ], [ -66.63358, 11.84088 ], [ -66.63183, 11.84261 ], [ -66.62992, 11.84417 ], [ -66.62787, 11.84553 ], [ -66.62569, 11.84668 ], [ -66.62341, 11.84762 ], [ -66.62105, 11.84832 ], [ -66.61863, 11.84879 ], [ -66.61618, 11.84902 ], [ -66.61372, 11.849 ], [ -66.61127, 11.84874 ], [ -66.60885, 11.84825 ], [ -66.6065, 11.84751 ], [ -66.60423, 11.84655 ], [ -66.60207, 11.84537 ], [ -66.60003, 11.84399 ], [ -66.5912, 11.83732 ], [ -66.58931, 11.83573 ], [ -66.58757, 11.83397 ], [ -66.58603, 11.83204 ], [ -66.58468, 11.82997 ], [ -66.58354, 11.82778 ], [ -66.57866, 11.81712 ], [ -66.57781, 11.81502 ], [ -66.57716, 11.81286 ], [ -66.5767, 11.81064 ], [ -66.57645, 11.8084 ], [ -66.5764, 11.80614 ], [ -66.57642, 11.80537 ], [ -66.57637, 11.80535 ], [ -66.57425, 11.80412 ], [ -66.57225, 11.80269 ], [ -66.57041, 11.80107 ], [ -66.56873, 11.79928 ], [ -66.56724, 11.79733 ], [ -66.56594, 11.79525 ], [ -66.56486, 11.79305 ], [ -66.564, 11.79075 ], [ -66.56336, 11.78838 ], [ -66.56296, 11.78596 ], [ -66.5628, 11.78351 ], [ -66.56288, 11.78106 ], [ -66.56321, 11.77863 ], [ -66.56376, 11.77624 ], [ -66.56455, 11.77391 ], [ -66.56557, 11.77168 ], [ -66.56679, 11.76956 ], [ -66.56822, 11.76756 ], [ -66.56984, 11.76572 ], [ -66.57163, 11.76404 ], [ -66.59035, 11.74817 ], [ -66.59214, 11.74679 ], [ -66.59404, 11.74558 ], [ -66.59604, 11.74454 ], [ -66.59812, 11.74369 ], [ -66.60028, 11.74303 ], [ -66.60248, 11.74257 ], [ -66.63779, 11.73679 ], [ -66.64025, 11.73651 ], [ -66.64272, 11.73648 ], [ -66.64518, 11.73669 ], [ -66.68278, 11.74178 ], [ -66.68499, 11.74218 ], [ -66.68716, 11.74277 ], [ -66.68926, 11.74356 ], [ -66.69128, 11.74454 ], [ -66.69321, 11.74569 ], [ -66.71552, 11.76043 ], [ -66.71632, 11.75995 ], [ -66.71856, 11.75891 ], [ -66.76176, 11.74125 ], [ -66.76326, 11.73991 ], [ -66.76511, 11.7384 ], [ -66.76711, 11.73707 ], [ -66.76922, 11.73594 ], [ -66.77143, 11.73502 ], [ -66.77372, 11.73432 ], [ -66.82157, 11.72203 ], [ -66.82389, 11.72155 ], [ -66.82625, 11.72129 ], [ -66.82863, 11.72125 ], [ -66.8519, 11.72203 ], [ -66.85426, 11.72223 ], [ -66.8566, 11.72264 ], [ -66.85888, 11.72328 ], [ -66.8611, 11.72412 ], [ -66.86322, 11.72518 ], [ -66.86524, 11.72643 ], [ -66.86712, 11.72786 ], [ -66.86887, 11.72947 ], [ -66.87045, 11.73124 ], [ -66.87399, 11.73559 ], [ -66.87545, 11.73757 ], [ -66.8767, 11.73968 ], [ -66.87774, 11.74191 ], [ -66.87856, 11.74423 ], [ -66.87914, 11.74661 ], [ -66.87949, 11.74904 ], [ -66.8796, 11.7515 ], [ -66.87947, 11.75395 ], [ -66.87909, 11.75638 ], [ -66.87848, 11.75876 ], [ -66.87764, 11.76107 ], [ -66.87658, 11.76329 ], [ -66.8753, 11.76539 ], [ -66.87383, 11.76735 ], [ -66.87216, 11.76916 ], [ -66.87033, 11.7708 ], [ -66.86835, 11.77225 ], [ -66.86623, 11.7735 ], [ -66.864, 11.77453 ], [ -66.86169, 11.77534 ], [ -66.8593, 11.77592 ], [ -66.85686, 11.77627 ], [ -66.85441, 11.77637 ], [ -66.85196, 11.77623 ], [ -66.83387, 11.77431 ], [ -66.8164, 11.77717 ], [ -66.74529, 11.80625 ], [ -66.74276, 11.80713 ], [ -66.74016, 11.80773 ], [ -66.7375, 11.80805 ], [ -66.73017, 11.80854 ], [ -66.72778, 11.80859 ], [ -66.7254, 11.80841 ], [ -66.72305, 11.808 ], [ -66.72075, 11.80737 ], [ -66.71852, 11.80652 ], [ -66.71638, 11.80546 ], [ -66.71606, 11.80526 ] ] ], [ [ [ -66.07803, 11.8215 ], [ -66.07629, 11.80201 ], [ -66.07619, 11.79965 ], [ -66.07632, 11.79729 ], [ -66.07666, 11.79495 ], [ -66.07723, 11.79266 ], [ -66.07801, 11.79043 ], [ -66.079, 11.78828 ], [ -66.08018, 11.78624 ], [ -66.09299, 11.76638 ], [ -66.0944, 11.76442 ], [ -66.09598, 11.7626 ], [ -66.09774, 11.76094 ], [ -66.09965, 11.75946 ], [ -66.10169, 11.75817 ], [ -66.10384, 11.75709 ], [ -66.10609, 11.75621 ], [ -66.10841, 11.75556 ], [ -66.11079, 11.75514 ], [ -66.1132, 11.75494 ], [ -66.11561, 11.75498 ], [ -66.14475, 11.75686 ], [ -66.14716, 11.75714 ], [ -66.14954, 11.75764 ], [ -66.15185, 11.75838 ], [ -66.15409, 11.75933 ], [ -66.1855, 11.77463 ], [ -66.18743, 11.77568 ], [ -66.18926, 11.7769 ], [ -66.19098, 11.77827 ], [ -66.19257, 11.77979 ], [ -66.21235, 11.80037 ], [ -66.21398, 11.80223 ], [ -66.21541, 11.80425 ], [ -66.21664, 11.8064 ], [ -66.21764, 11.80866 ], [ -66.21842, 11.81101 ], [ -66.21896, 11.81342 ], [ -66.21926, 11.81588 ], [ -66.21932, 11.81835 ], [ -66.21913, 11.82082 ], [ -66.2187, 11.82326 ], [ -66.21803, 11.82564 ], [ -66.21713, 11.82794 ], [ -66.21601, 11.83014 ], [ -66.21467, 11.83223 ], [ -66.21313, 11.83417 ], [ -66.21141, 11.83594 ], [ -66.20952, 11.83754 ], [ -66.20749, 11.83895 ], [ -66.20532, 11.84014 ], [ -66.20305, 11.84112 ], [ -66.18827, 11.84662 ], [ -66.18616, 11.8473 ], [ -66.18399, 11.84779 ], [ -66.18179, 11.84809 ], [ -66.16422, 11.84967 ], [ -66.16137, 11.84976 ], [ -66.13283, 11.84906 ], [ -66.11039, 11.85076 ], [ -66.10804, 11.85083 ], [ -66.1057, 11.85067 ], [ -66.10338, 11.8503 ], [ -66.1011, 11.84971 ], [ -66.09889, 11.84891 ], [ -66.09677, 11.8479 ], [ -66.09475, 11.8467 ], [ -66.09285, 11.84532 ], [ -66.09109, 11.84376 ], [ -66.08948, 11.84204 ], [ -66.0839, 11.83549 ], [ -66.08234, 11.83345 ], [ -66.08099, 11.83127 ], [ -66.07988, 11.82895 ], [ -66.07901, 11.82654 ], [ -66.07839, 11.82405 ], [ -66.07803, 11.8215 ] ] ], [ [ [ -64.53405, 11.86772 ], [ -64.53326, 11.86577 ], [ -64.53263, 11.86376 ], [ -64.52799, 11.84634 ], [ -64.52747, 11.84387 ], [ -64.52719, 11.84136 ], [ -64.52717, 11.83883 ], [ -64.52787, 11.82264 ], [ -64.52811, 11.82013 ], [ -64.5286, 11.81765 ], [ -64.52933, 11.81523 ], [ -64.53031, 11.81291 ], [ -64.53152, 11.81069 ], [ -64.53294, 11.8086 ], [ -64.53457, 11.80667 ], [ -64.53638, 11.80491 ], [ -64.53836, 11.80335 ], [ -64.54837, 11.79623 ], [ -64.55033, 11.79497 ], [ -64.55239, 11.7939 ], [ -64.55455, 11.79302 ], [ -64.55677, 11.79235 ], [ -64.55905, 11.79189 ], [ -64.56136, 11.79164 ], [ -64.56369, 11.79161 ], [ -64.60641, 11.79303 ], [ -64.60969, 11.79336 ], [ -64.63341, 11.79731 ], [ -64.6363, 11.79797 ], [ -64.6391, 11.79897 ], [ -64.65859, 11.80727 ], [ -64.66079, 11.80834 ], [ -64.66287, 11.80961 ], [ -64.66482, 11.81109 ], [ -64.66662, 11.81274 ], [ -64.66825, 11.81457 ], [ -64.66969, 11.81655 ], [ -64.67093, 11.81865 ], [ -64.67196, 11.82087 ], [ -64.67276, 11.82318 ], [ -64.67334, 11.82556 ], [ -64.67368, 11.82798 ], [ -64.67379, 11.83042 ], [ -64.67366, 11.83286 ], [ -64.67328, 11.83528 ], [ -64.67268, 11.83765 ], [ -64.67184, 11.83994 ], [ -64.67149, 11.84078 ], [ -64.67188, 11.84171 ], [ -64.67272, 11.84408 ], [ -64.67333, 11.84652 ], [ -64.67369, 11.84901 ], [ -64.67379, 11.85153 ], [ -64.67364, 11.85404 ], [ -64.67324, 11.85653 ], [ -64.67259, 11.85896 ], [ -64.6717, 11.86131 ], [ -64.67058, 11.86356 ], [ -64.66923, 11.86569 ], [ -64.66768, 11.86767 ], [ -64.66594, 11.86949 ], [ -64.66403, 11.87112 ], [ -64.65463, 11.87834 ], [ -64.64031, 11.90213 ], [ -64.63877, 11.90439 ], [ -64.637, 11.90646 ], [ -64.63501, 11.90834 ], [ -64.62329, 11.91823 ], [ -64.62133, 11.91973 ], [ -64.61922, 11.92102 ], [ -64.617, 11.92211 ], [ -64.61468, 11.92297 ], [ -64.61228, 11.92359 ], [ -64.60984, 11.92398 ], [ -64.60737, 11.92412 ], [ -64.6049, 11.92402 ], [ -64.60245, 11.92367 ], [ -64.60005, 11.92308 ], [ -64.59771, 11.92226 ], [ -64.59547, 11.92121 ], [ -64.58293, 11.91457 ], [ -64.58113, 11.91352 ], [ -64.57941, 11.91232 ], [ -64.54764, 11.88795 ], [ -64.54572, 11.88631 ], [ -64.54398, 11.88449 ], [ -64.54242, 11.88251 ], [ -64.54108, 11.88038 ], [ -64.53501, 11.8696 ], [ -64.53405, 11.86772 ] ] ], [ [ [ -66.75878, 11.83787 ], [ -66.77358, 11.84087 ], [ -66.78043, 11.84087 ], [ -66.78265, 11.84097 ], [ -66.78486, 11.84126 ], [ -66.78703, 11.84176 ], [ -66.78914, 11.84244 ], [ -66.79266, 11.84375 ], [ -66.82007, 11.84618 ], [ -66.82248, 11.84651 ], [ -66.82485, 11.84708 ], [ -66.82715, 11.84787 ], [ -66.82937, 11.84889 ], [ -66.83147, 11.85011 ], [ -66.83345, 11.85154 ], [ -66.83528, 11.85315 ], [ -66.83694, 11.85493 ], [ -66.83842, 11.85686 ], [ -66.83971, 11.85893 ], [ -66.84079, 11.86111 ], [ -66.84165, 11.86339 ], [ -66.84228, 11.86574 ], [ -66.84269, 11.86815 ], [ -66.84285, 11.87058 ], [ -66.84279, 11.87301 ], [ -66.84248, 11.87543 ], [ -66.84194, 11.8778 ], [ -66.84117, 11.88011 ], [ -66.84018, 11.88234 ], [ -66.83898, 11.88446 ], [ -66.83758, 11.88645 ], [ -66.83599, 11.8883 ], [ -66.83423, 11.88998 ], [ -66.83231, 11.89148 ], [ -66.82926, 11.89364 ], [ -66.82728, 11.89491 ], [ -66.8252, 11.89598 ], [ -66.82302, 11.89685 ], [ -66.82078, 11.89752 ], [ -66.81847, 11.89797 ], [ -66.81614, 11.8982 ], [ -66.8138, 11.89822 ], [ -66.73335, 11.89496 ], [ -66.71699, 11.89557 ], [ -66.7145, 11.89554 ], [ -66.71202, 11.89526 ], [ -66.70959, 11.89474 ], [ -66.70722, 11.89398 ], [ -66.70493, 11.89298 ], [ -66.70276, 11.89176 ], [ -66.69849, 11.88908 ], [ -66.69646, 11.88767 ], [ -66.69458, 11.88605 ], [ -66.69287, 11.88426 ], [ -66.69134, 11.88231 ], [ -66.69002, 11.88022 ], [ -66.68891, 11.878 ], [ -66.68802, 11.87569 ], [ -66.68737, 11.8733 ], [ -66.68695, 11.87086 ], [ -66.68678, 11.86839 ], [ -66.68686, 11.86591 ], [ -66.68718, 11.86345 ], [ -66.68774, 11.86104 ], [ -66.68854, 11.8587 ], [ -66.68957, 11.85644 ], [ -66.69081, 11.8543 ], [ -66.69226, 11.85229 ], [ -66.6939, 11.85044 ], [ -66.69572, 11.84875 ], [ -66.69769, 11.84726 ], [ -66.69981, 11.84596 ], [ -66.70204, 11.84489 ], [ -66.70436, 11.84404 ], [ -66.70676, 11.84342 ], [ -66.70921, 11.84304 ], [ -66.73448, 11.84043 ], [ -66.73667, 11.8403 ], [ -66.73885, 11.84036 ], [ -66.73913, 11.84039 ], [ -66.74741, 11.8382 ], [ -66.74965, 11.83772 ], [ -66.75193, 11.83744 ], [ -66.75422, 11.83737 ], [ -66.75651, 11.83752 ], [ -66.75878, 11.83787 ] ] ], [ [ [ -67.64091, 12.0076 ], [ -67.62951, 12.0037 ], [ -67.62723, 12.0028 ], [ -67.62505, 12.00167 ], [ -67.62299, 12.00033 ], [ -67.62107, 11.9988 ], [ -67.61931, 11.99709 ], [ -67.61772, 11.99522 ], [ -67.61633, 11.99319 ], [ -67.61515, 11.99104 ], [ -67.61418, 11.98879 ], [ -67.61343, 11.98645 ], [ -67.61292, 11.98405 ], [ -67.61265, 11.98161 ], [ -67.61262, 11.97915 ], [ -67.61282, 11.97671 ], [ -67.61327, 11.97429 ], [ -67.61395, 11.97194 ], [ -67.61486, 11.96966 ], [ -67.61599, 11.96748 ], [ -67.61733, 11.96542 ], [ -67.61886, 11.9635 ], [ -67.62058, 11.96174 ], [ -67.62245, 11.96016 ], [ -67.62448, 11.95877 ], [ -67.62663, 11.95759 ], [ -67.62888, 11.95662 ], [ -67.63122, 11.95588 ], [ -67.63362, 11.95537 ], [ -67.64225, 11.95398 ], [ -67.64497, 11.95369 ], [ -67.6477, 11.9537 ], [ -67.65042, 11.95401 ], [ -67.67007, 11.95735 ], [ -67.67296, 11.95802 ], [ -67.67575, 11.95903 ], [ -67.68352, 11.96237 ], [ -67.68574, 11.96346 ], [ -67.68784, 11.96476 ], [ -67.6898, 11.96626 ], [ -67.6916, 11.96794 ], [ -67.69323, 11.9698 ], [ -67.69467, 11.9718 ], [ -67.6959, 11.97394 ], [ -67.69692, 11.97619 ], [ -67.6977, 11.97853 ], [ -67.69892, 11.98284 ], [ -67.69947, 11.9852 ], [ -67.69979, 11.98761 ], [ -67.69987, 11.99003 ], [ -67.69971, 11.99245 ], [ -67.69933, 11.99484 ], [ -67.69871, 11.99719 ], [ -67.69787, 11.99946 ], [ -67.69681, 12.00164 ], [ -67.69554, 12.00371 ], [ -67.69485, 12.00462 ], [ -67.69503, 12.00473 ], [ -67.69708, 12.00619 ], [ -67.69897, 12.00785 ], [ -67.70068, 12.00969 ], [ -67.7022, 12.01169 ], [ -67.70351, 12.01384 ], [ -67.7046, 12.0161 ], [ -67.70546, 12.01847 ], [ -67.70607, 12.02091 ], [ -67.70644, 12.0234 ], [ -67.70655, 12.02591 ], [ -67.70641, 12.02842 ], [ -67.70602, 12.0309 ], [ -67.70538, 12.03334 ], [ -67.7045, 12.03569 ], [ -67.70339, 12.03795 ], [ -67.70206, 12.04008 ], [ -67.70138, 12.04096 ], [ -67.70169, 12.04247 ], [ -67.70194, 12.0448 ], [ -67.70197, 12.04535 ], [ -67.7026, 12.04579 ], [ -67.7045, 12.04741 ], [ -67.70623, 12.04922 ], [ -67.70777, 12.05119 ], [ -67.70911, 12.0533 ], [ -67.71022, 12.05554 ], [ -67.71172, 12.05896 ], [ -67.71261, 12.06128 ], [ -67.71326, 12.06368 ], [ -67.71366, 12.06613 ], [ -67.71383, 12.0686 ], [ -67.71374, 12.07108 ], [ -67.71341, 12.07355 ], [ -67.71284, 12.07596 ], [ -67.71203, 12.07831 ], [ -67.71099, 12.08057 ], [ -67.70974, 12.08271 ], [ -67.70827, 12.08471 ], [ -67.70662, 12.08656 ], [ -67.70479, 12.08824 ], [ -67.7028, 12.08973 ], [ -67.70068, 12.09101 ], [ -67.69843, 12.09208 ], [ -67.6961, 12.09292 ], [ -67.69369, 12.09352 ], [ -67.69123, 12.09388 ], [ -67.68875, 12.094 ], [ -67.68627, 12.09387 ], [ -67.68382, 12.09349 ], [ -67.68141, 12.09287 ], [ -67.67908, 12.09202 ], [ -67.67685, 12.09094 ], [ -67.67473, 12.08964 ], [ -67.67275, 12.08814 ], [ -67.671, 12.08667 ], [ -67.67045, 12.08616 ], [ -67.66938, 12.08564 ], [ -67.66731, 12.08437 ], [ -67.66537, 12.0829 ], [ -67.66359, 12.08126 ], [ -67.66197, 12.07945 ], [ -67.66053, 12.07749 ], [ -67.65929, 12.0754 ], [ -67.65826, 12.07321 ], [ -67.65745, 12.07092 ], [ -67.65687, 12.06856 ], [ -67.6565, 12.06669 ], [ -67.6563, 12.06535 ], [ -67.65479, 12.06357 ], [ -67.65338, 12.06152 ], [ -67.65218, 12.05934 ], [ -67.65121, 12.05705 ], [ -67.65047, 12.05467 ], [ -67.64996, 12.05224 ], [ -67.64971, 12.04976 ], [ -67.6497, 12.04727 ], [ -67.64993, 12.0448 ], [ -67.65041, 12.04236 ], [ -67.65114, 12.03998 ], [ -67.65257, 12.03599 ], [ -67.65269, 12.0357 ], [ -67.6523, 12.03452 ], [ -67.65176, 12.03216 ], [ -67.65145, 12.02975 ], [ -67.65139, 12.02732 ], [ -67.65155, 12.02489 ], [ -67.65195, 12.0225 ], [ -67.65258, 12.02015 ], [ -67.65287, 12.01925 ], [ -67.65373, 12.01699 ], [ -67.65479, 12.01483 ], [ -67.65541, 12.01383 ], [ -67.65381, 12.01292 ], [ -67.65181, 12.01152 ], [ -67.64996, 12.00993 ], [ -67.64909, 12.0091 ], [ -67.6463, 12.0088 ], [ -67.64357, 12.00835 ], [ -67.64091, 12.0076 ] ] ], [ [ [ -68.43429, 12.29115 ], [ -68.43001, 12.30307 ], [ -68.42884, 12.30579 ], [ -68.42736, 12.30836 ], [ -68.42093, 12.31813 ], [ -68.41963, 12.31993 ], [ -68.41818, 12.32161 ], [ -68.41658, 12.32314 ], [ -68.41485, 12.32454 ], [ -68.41301, 12.32577 ], [ -68.40341, 12.33159 ], [ -68.40137, 12.3327 ], [ -68.39924, 12.33361 ], [ -68.39704, 12.33433 ], [ -68.39478, 12.33483 ], [ -68.39248, 12.33513 ], [ -68.39016, 12.33521 ], [ -68.37633, 12.33505 ], [ -68.374, 12.33491 ], [ -68.37169, 12.33456 ], [ -68.36942, 12.33399 ], [ -68.36722, 12.33322 ], [ -68.3651, 12.33224 ], [ -68.34996, 12.32438 ], [ -68.34763, 12.323 ], [ -68.34545, 12.32138 ], [ -68.34347, 12.31953 ], [ -68.3417, 12.31748 ], [ -68.32301, 12.2933 ], [ -68.32143, 12.2922 ], [ -68.30888, 12.28912 ], [ -68.30651, 12.28841 ], [ -68.30422, 12.28747 ], [ -68.24533, 12.25979 ], [ -68.21713, 12.25592 ], [ -68.21479, 12.25548 ], [ -68.2125, 12.25482 ], [ -68.20351, 12.25177 ], [ -68.20125, 12.25089 ], [ -68.1991, 12.24978 ], [ -68.19706, 12.24848 ], [ -68.19018, 12.24359 ], [ -68.18808, 12.24192 ], [ -68.17762, 12.23265 ], [ -68.17577, 12.23083 ], [ -68.17412, 12.22883 ], [ -68.17269, 12.22667 ], [ -68.17148, 12.22438 ], [ -68.16729, 12.21526 ], [ -68.16638, 12.21298 ], [ -68.16569, 12.21062 ], [ -68.16524, 12.20821 ], [ -68.16503, 12.20577 ], [ -68.16506, 12.20331 ], [ -68.16532, 12.20088 ], [ -68.16583, 12.19847 ], [ -68.16657, 12.19614 ], [ -68.16753, 12.19388 ], [ -68.16871, 12.19173 ], [ -68.1701, 12.1897 ], [ -68.17168, 12.18782 ], [ -68.17343, 12.18611 ], [ -68.17534, 12.18457 ], [ -68.1774, 12.18323 ], [ -68.17958, 12.1821 ], [ -68.18185, 12.18119 ], [ -68.18426, 12.18036 ], [ -68.17884, 12.14119 ], [ -68.17861, 12.13839 ], [ -68.1787, 12.13558 ], [ -68.18041, 12.11605 ], [ -68.18072, 12.11373 ], [ -68.18125, 12.11145 ], [ -68.18199, 12.10923 ], [ -68.18293, 12.10709 ], [ -68.18407, 12.10504 ], [ -68.1854, 12.10311 ], [ -68.1869, 12.10132 ], [ -68.18856, 12.09967 ], [ -68.19037, 12.09818 ], [ -68.199, 12.09175 ], [ -68.20102, 12.0904 ], [ -68.20315, 12.08925 ], [ -68.20539, 12.08831 ], [ -68.20771, 12.08759 ], [ -68.20831, 12.08747 ], [ -68.20503, 12.07901 ], [ -68.20414, 12.07624 ], [ -68.20162, 12.06652 ], [ -68.20109, 12.06388 ], [ -68.20084, 12.0612 ], [ -68.20088, 12.0585 ], [ -68.20121, 12.05583 ], [ -68.20292, 12.04631 ], [ -68.20332, 12.0445 ], [ -68.20385, 12.04272 ], [ -68.20816, 12.02998 ], [ -68.20936, 12.02704 ], [ -68.21481, 12.01585 ], [ -68.21596, 12.01376 ], [ -68.21729, 12.01179 ], [ -68.21881, 12.00996 ], [ -68.2205, 12.00828 ], [ -68.22575, 12.00352 ], [ -68.22762, 12.00198 ], [ -68.22963, 12.00063 ], [ -68.23176, 11.99948 ], [ -68.23399, 11.99855 ], [ -68.2363, 11.99783 ], [ -68.23867, 11.99734 ], [ -68.24108, 11.99708 ], [ -68.2435, 11.99706 ], [ -68.24591, 11.99727 ], [ -68.25759, 11.99886 ], [ -68.25983, 11.99927 ], [ -68.26203, 11.99988 ], [ -68.26416, 12.00069 ], [ -68.26621, 12.00169 ], [ -68.26816, 12.00287 ], [ -68.26999, 12.00423 ], [ -68.27544, 12.00866 ], [ -68.2771, 12.01014 ], [ -68.27862, 12.01176 ], [ -68.28, 12.01351 ], [ -68.28121, 12.01537 ], [ -68.28225, 12.01734 ], [ -68.30321, 12.06149 ], [ -68.3041, 12.06359 ], [ -68.30479, 12.06577 ], [ -68.30955, 12.08363 ], [ -68.30998, 12.08556 ], [ -68.31026, 12.08752 ], [ -68.31213, 12.10575 ], [ -68.31226, 12.10878 ], [ -68.31201, 12.1118 ], [ -68.30778, 12.14172 ], [ -68.30731, 12.15723 ], [ -68.31046, 12.17002 ], [ -68.32007, 12.18422 ], [ -68.32975, 12.18985 ], [ -68.37356, 12.19655 ], [ -68.37686, 12.19728 ], [ -68.39891, 12.20379 ], [ -68.40126, 12.20462 ], [ -68.40351, 12.20567 ], [ -68.40565, 12.20694 ], [ -68.42453, 12.21947 ], [ -68.42656, 12.22097 ], [ -68.42843, 12.22266 ], [ -68.43011, 12.22453 ], [ -68.4316, 12.22657 ], [ -68.43288, 12.22874 ], [ -68.43393, 12.23103 ], [ -68.44061, 12.24776 ], [ -68.44142, 12.25014 ], [ -68.44199, 12.25258 ], [ -68.44231, 12.25508 ], [ -68.44238, 12.25759 ], [ -68.4422, 12.26009 ], [ -68.44177, 12.26257 ], [ -68.44109, 12.26499 ], [ -68.44017, 12.26733 ], [ -68.43902, 12.26956 ], [ -68.43766, 12.27167 ], [ -68.43475, 12.2757 ], [ -68.43488, 12.27611 ], [ -68.43542, 12.2786 ], [ -68.43571, 12.28113 ], [ -68.43574, 12.28367 ], [ -68.43551, 12.28621 ], [ -68.43503, 12.28871 ], [ -68.43429, 12.29115 ] ] ], [ [ [ -68.71479, 12.05138 ], [ -68.71508, 12.04887 ], [ -68.71563, 12.0464 ], [ -68.71642, 12.04401 ], [ -68.71745, 12.0417 ], [ -68.71871, 12.03951 ], [ -68.72018, 12.03746 ], [ -68.72186, 12.03557 ], [ -68.72371, 12.03386 ], [ -68.72573, 12.03234 ], [ -68.73465, 12.02631 ], [ -68.7368, 12.02501 ], [ -68.73908, 12.02393 ], [ -68.74145, 12.02308 ], [ -68.74389, 12.02248 ], [ -68.76509, 12.01837 ], [ -68.76827, 12.01796 ], [ -68.79317, 12.01638 ], [ -68.7951, 12.01633 ], [ -68.79702, 12.01643 ], [ -68.81708, 12.01826 ], [ -68.81923, 12.01855 ], [ -68.82134, 12.01903 ], [ -68.8234, 12.01968 ], [ -68.8254, 12.02051 ], [ -68.85177, 12.03284 ], [ -68.85347, 12.03372 ], [ -68.8551, 12.03473 ], [ -68.90416, 12.06762 ], [ -68.95179, 12.08164 ], [ -68.95455, 12.08263 ], [ -68.95717, 12.08394 ], [ -68.99021, 12.1029 ], [ -68.99181, 12.1039 ], [ -68.99333, 12.10501 ], [ -69.023, 12.12861 ], [ -69.02471, 12.13011 ], [ -69.02628, 12.13174 ], [ -69.02769, 12.13352 ], [ -69.02894, 12.13541 ], [ -69.04175, 12.15698 ], [ -69.04294, 12.15926 ], [ -69.0439, 12.16166 ], [ -69.04716, 12.17116 ], [ -69.04952, 12.17211 ], [ -69.06516, 12.17353 ], [ -69.06734, 12.17383 ], [ -69.06949, 12.17431 ], [ -69.07159, 12.17499 ], [ -69.08729, 12.18081 ], [ -69.08963, 12.18182 ], [ -69.09186, 12.18306 ], [ -69.09395, 12.18452 ], [ -69.09588, 12.18619 ], [ -69.09763, 12.18804 ], [ -69.11094, 12.20367 ], [ -69.1131, 12.20662 ], [ -69.14121, 12.25152 ], [ -69.14741, 12.25592 ], [ -69.15957, 12.2622 ], [ -69.1616, 12.26337 ], [ -69.1635, 12.26472 ], [ -69.17494, 12.27367 ], [ -69.17674, 12.27522 ], [ -69.17839, 12.27693 ], [ -69.17986, 12.2788 ], [ -69.18115, 12.28079 ], [ -69.18224, 12.28289 ], [ -69.18313, 12.2851 ], [ -69.18789, 12.29869 ], [ -69.1886, 12.30109 ], [ -69.18907, 12.30356 ], [ -69.18928, 12.30605 ], [ -69.18925, 12.30856 ], [ -69.18706, 12.34245 ], [ -69.18828, 12.35521 ], [ -69.1944, 12.36833 ], [ -69.19534, 12.37063 ], [ -69.19604, 12.37302 ], [ -69.1965, 12.37547 ], [ -69.19672, 12.37795 ], [ -69.19669, 12.38043 ], [ -69.19641, 12.38291 ], [ -69.19589, 12.38534 ], [ -69.19513, 12.38771 ], [ -69.19414, 12.39 ], [ -69.19292, 12.39217 ], [ -69.18731, 12.40112 ], [ -69.18599, 12.40302 ], [ -69.1845, 12.4048 ], [ -69.18285, 12.40642 ], [ -69.18106, 12.40789 ], [ -69.17613, 12.41156 ], [ -69.174, 12.41298 ], [ -69.17174, 12.41418 ], [ -69.16936, 12.41514 ], [ -69.1669, 12.41585 ], [ -69.16439, 12.41631 ], [ -69.16183, 12.4165 ], [ -69.15928, 12.41644 ], [ -69.15674, 12.41611 ], [ -69.15178, 12.41521 ], [ -69.14917, 12.41459 ], [ -69.14665, 12.4137 ], [ -69.14424, 12.41254 ], [ -69.14196, 12.41113 ], [ -69.13985, 12.40949 ], [ -69.13727, 12.40725 ], [ -69.09814, 12.3909 ], [ -69.09489, 12.38925 ], [ -69.0767, 12.3783 ], [ -69.07495, 12.37715 ], [ -69.07331, 12.37586 ], [ -69.05524, 12.36036 ], [ -69.05327, 12.35847 ], [ -69.05151, 12.35637 ], [ -69.05, 12.3541 ], [ -69.03889, 12.3353 ], [ -69.03768, 12.33299 ], [ -69.03672, 12.33057 ], [ -69.03602, 12.32806 ], [ -69.02614, 12.28415 ], [ -69.02009, 12.27094 ], [ -68.98978, 12.24258 ], [ -68.95291, 12.22506 ], [ -68.82943, 12.19536 ], [ -68.827, 12.19464 ], [ -68.82464, 12.19367 ], [ -68.8224, 12.19248 ], [ -68.80791, 12.18377 ], [ -68.80587, 12.1824 ], [ -68.80397, 12.18083 ], [ -68.80223, 12.17909 ], [ -68.80067, 12.17718 ], [ -68.79931, 12.17514 ], [ -68.79816, 12.17296 ], [ -68.79218, 12.16022 ], [ -68.79125, 12.15796 ], [ -68.79055, 12.15562 ], [ -68.79007, 12.15323 ], [ -68.78788, 12.13823 ], [ -68.78505, 12.13376 ], [ -68.76484, 12.1171 ], [ -68.76306, 12.11548 ], [ -68.72754, 12.07991 ], [ -68.72551, 12.07761 ], [ -68.72378, 12.07508 ], [ -68.71828, 12.06589 ], [ -68.71709, 12.06366 ], [ -68.71614, 12.06132 ], [ -68.71542, 12.0589 ], [ -68.71496, 12.05642 ], [ -68.71474, 12.0539 ], [ -68.71479, 12.05138 ] ] ], [ [ [ -70.05923, 12.50878 ], [ -70.06096, 12.50974 ], [ -70.07097, 12.51576 ], [ -70.07308, 12.51717 ], [ -70.07502, 12.51879 ], [ -70.0768, 12.5206 ], [ -70.07838, 12.52257 ], [ -70.07975, 12.5247 ], [ -70.0809, 12.52696 ], [ -70.08522, 12.5366 ], [ -70.08616, 12.539 ], [ -70.08684, 12.5415 ], [ -70.08726, 12.54404 ], [ -70.08741, 12.54662 ], [ -70.0873, 12.5492 ], [ -70.08692, 12.55176 ], [ -70.08488, 12.56189 ], [ -70.08427, 12.56429 ], [ -70.08342, 12.56663 ], [ -70.08235, 12.56887 ], [ -70.07462, 12.58311 ], [ -70.07446, 12.58378 ], [ -70.0763, 12.59147 ], [ -70.08208, 12.60321 ], [ -70.08314, 12.60571 ], [ -70.08393, 12.60831 ], [ -70.08443, 12.61097 ], [ -70.0859, 12.62212 ], [ -70.0861, 12.62462 ], [ -70.08605, 12.62712 ], [ -70.08575, 12.6296 ], [ -70.08521, 12.63205 ], [ -70.08442, 12.63442 ], [ -70.0834, 12.63671 ], [ -70.08216, 12.63888 ], [ -70.0807, 12.64092 ], [ -70.07905, 12.6428 ], [ -70.07722, 12.6445 ], [ -70.07523, 12.64602 ], [ -70.0731, 12.64733 ], [ -70.06073, 12.65409 ], [ -70.05857, 12.65514 ], [ -70.05633, 12.65597 ], [ -70.05401, 12.65659 ], [ -70.05165, 12.65698 ], [ -70.04926, 12.65714 ], [ -70.04686, 12.65708 ], [ -70.04448, 12.65678 ], [ -70.04214, 12.65626 ], [ -70.03986, 12.65552 ], [ -70.03767, 12.65456 ], [ -70.03557, 12.6534 ], [ -70.0336, 12.65204 ], [ -70.03176, 12.6505 ], [ -70.03008, 12.64879 ], [ -69.9901, 12.60396 ], [ -69.92126, 12.55162 ], [ -69.91965, 12.55029 ], [ -69.91816, 12.54883 ], [ -69.90644, 12.53634 ], [ -69.90493, 12.53457 ], [ -69.90359, 12.53267 ], [ -69.90243, 12.53065 ], [ -69.90147, 12.52854 ], [ -69.89398, 12.50989 ], [ -69.86085, 12.46939 ], [ -69.85947, 12.46753 ], [ -69.85826, 12.46555 ], [ -69.85724, 12.46346 ], [ -69.85642, 12.46129 ], [ -69.85581, 12.45905 ], [ -69.85541, 12.45676 ], [ -69.85203, 12.4306 ], [ -69.85183, 12.42814 ], [ -69.85188, 12.42568 ], [ -69.85217, 12.42323 ], [ -69.8527, 12.42082 ], [ -69.85347, 12.41848 ], [ -69.85446, 12.41622 ], [ -69.85567, 12.41407 ], [ -69.85709, 12.41205 ], [ -69.8587, 12.41018 ], [ -69.86048, 12.40848 ], [ -69.87175, 12.39875 ], [ -69.87378, 12.39717 ], [ -69.87595, 12.39582 ], [ -69.87825, 12.39469 ], [ -69.88066, 12.3938 ], [ -69.88314, 12.39317 ], [ -69.88567, 12.39279 ], [ -69.88823, 12.39267 ], [ -69.90894, 12.39279 ], [ -69.91116, 12.3929 ], [ -69.91335, 12.39321 ], [ -69.9155, 12.39371 ], [ -69.91761, 12.39439 ], [ -69.93934, 12.40257 ], [ -69.94173, 12.40362 ], [ -69.94401, 12.40491 ], [ -69.94613, 12.40643 ], [ -69.94809, 12.40817 ], [ -69.9627, 12.42258 ], [ -69.96436, 12.42439 ], [ -69.96584, 12.42636 ], [ -69.96712, 12.42846 ], [ -69.96818, 12.43068 ], [ -69.96902, 12.43299 ], [ -69.96963, 12.43538 ], [ -69.97001, 12.43781 ], [ -69.97014, 12.44027 ], [ -69.97011, 12.44105 ], [ -69.97124, 12.44165 ], [ -69.97314, 12.44289 ], [ -69.97492, 12.44429 ], [ -70.04086, 12.5013 ], [ -70.05742, 12.50797 ], [ -70.05923, 12.50878 ] ] ], [ [ [ -63.63844, 15.72792 ], [ -63.63602, 15.72769 ], [ -63.63363, 15.72722 ], [ -63.6313, 15.72652 ], [ -63.62906, 15.7256 ], [ -63.62401, 15.72324 ], [ -63.62183, 15.72209 ], [ -63.61977, 15.72072 ], [ -63.61786, 15.71916 ], [ -63.61611, 15.71743 ], [ -63.61454, 15.71552 ], [ -63.61317, 15.71347 ], [ -63.612, 15.7113 ], [ -63.61106, 15.70902 ], [ -63.61034, 15.70666 ], [ -63.60986, 15.70424 ], [ -63.60921, 15.69984 ], [ -63.60897, 15.69745 ], [ -63.60897, 15.69504 ], [ -63.60919, 15.69264 ], [ -63.60965, 15.69027 ], [ -63.61033, 15.68796 ], [ -63.61123, 15.68573 ], [ -63.61235, 15.68359 ], [ -63.61366, 15.68157 ], [ -63.61521, 15.67942 ], [ -63.61674, 15.67751 ], [ -63.61845, 15.67575 ], [ -63.62032, 15.67417 ], [ -63.62233, 15.67278 ], [ -63.62448, 15.6716 ], [ -63.62672, 15.67063 ], [ -63.62906, 15.66988 ], [ -63.63145, 15.66937 ], [ -63.63388, 15.66909 ], [ -63.63633, 15.66905 ], [ -63.63877, 15.66926 ], [ -63.64118, 15.6697 ], [ -63.64353, 15.67037 ], [ -63.64581, 15.67127 ], [ -63.6502, 15.67326 ], [ -63.65224, 15.6743 ], [ -63.65418, 15.67552 ], [ -63.656, 15.67692 ], [ -63.65768, 15.67847 ], [ -63.65921, 15.68018 ], [ -63.66295, 15.68474 ], [ -63.66438, 15.68666 ], [ -63.66561, 15.6887 ], [ -63.66665, 15.69086 ], [ -63.66747, 15.6931 ], [ -63.66808, 15.69542 ], [ -63.66846, 15.69778 ], [ -63.66862, 15.70016 ], [ -63.66854, 15.70255 ], [ -63.66824, 15.70493 ], [ -63.66771, 15.70726 ], [ -63.66697, 15.70953 ], [ -63.66601, 15.71172 ], [ -63.66484, 15.71381 ], [ -63.66348, 15.71578 ], [ -63.66194, 15.7176 ], [ -63.66023, 15.71928 ], [ -63.65837, 15.72078 ], [ -63.65637, 15.72209 ], [ -63.65239, 15.72445 ], [ -63.65024, 15.72559 ], [ -63.64799, 15.72651 ], [ -63.64567, 15.72721 ], [ -63.64328, 15.72768 ], [ -63.64087, 15.72792 ], [ -63.63844, 15.72792 ] ] ], [ [ [ -62.11636, 16.70485 ], [ -62.11571, 16.69948 ], [ -62.11553, 16.69689 ], [ -62.11563, 16.69428 ], [ -62.11599, 16.6917 ], [ -62.11662, 16.68917 ], [ -62.11751, 16.68673 ], [ -62.12101, 16.67847 ], [ -62.12221, 16.67601 ], [ -62.12367, 16.67371 ], [ -62.12538, 16.67157 ], [ -62.13112, 16.66514 ], [ -62.13309, 16.66317 ], [ -62.13527, 16.66143 ], [ -62.13762, 16.65994 ], [ -62.14568, 16.65546 ], [ -62.14805, 16.6543 ], [ -62.15052, 16.6534 ], [ -62.15307, 16.65277 ], [ -62.16312, 16.65082 ], [ -62.16533, 16.65049 ], [ -62.16757, 16.65036 ], [ -62.1698, 16.65043 ], [ -62.17202, 16.65071 ], [ -62.17421, 16.65118 ], [ -62.22519, 16.66453 ], [ -62.22743, 16.66523 ], [ -62.2296, 16.66613 ], [ -62.23167, 16.66724 ], [ -62.23362, 16.66853 ], [ -62.23545, 16.67001 ], [ -62.23713, 16.67164 ], [ -62.23865, 16.67343 ], [ -62.23999, 16.67535 ], [ -62.24115, 16.67739 ], [ -62.24211, 16.67953 ], [ -62.24287, 16.68175 ], [ -62.25414, 16.72065 ], [ -62.25473, 16.72313 ], [ -62.25505, 16.72566 ], [ -62.25512, 16.7282 ], [ -62.25493, 16.73074 ], [ -62.25449, 16.73325 ], [ -62.24322, 16.78195 ], [ -62.24214, 16.78542 ], [ -62.2253, 16.82843 ], [ -62.2243, 16.83067 ], [ -62.22308, 16.83279 ], [ -62.22166, 16.83479 ], [ -62.22005, 16.83664 ], [ -62.21827, 16.83832 ], [ -62.21634, 16.83981 ], [ -62.21426, 16.84112 ], [ -62.21207, 16.84221 ], [ -62.20978, 16.84308 ], [ -62.20742, 16.84373 ], [ -62.20501, 16.84414 ], [ -62.20257, 16.84431 ], [ -62.20012, 16.84425 ], [ -62.19769, 16.84394 ], [ -62.1953, 16.8434 ], [ -62.19298, 16.84263 ], [ -62.18172, 16.83826 ], [ -62.18031, 16.83789 ], [ -62.17591, 16.83811 ], [ -62.17346, 16.83811 ], [ -62.17102, 16.83787 ], [ -62.16861, 16.83739 ], [ -62.16626, 16.83668 ], [ -62.164, 16.83575 ], [ -62.16183, 16.83459 ], [ -62.15979, 16.83323 ], [ -62.1579, 16.83168 ], [ -62.15616, 16.82995 ], [ -62.1546, 16.82805 ], [ -62.15324, 16.82602 ], [ -62.15208, 16.82385 ], [ -62.15114, 16.82159 ], [ -62.15043, 16.81924 ], [ -62.14995, 16.81684 ], [ -62.1497, 16.8144 ], [ -62.1497, 16.81195 ], [ -62.14994, 16.80951 ], [ -62.15041, 16.8071 ], [ -62.15274, 16.79775 ], [ -62.14912, 16.79093 ], [ -62.13701, 16.77619 ], [ -62.13567, 16.77441 ], [ -62.13449, 16.77251 ], [ -62.12554, 16.75648 ], [ -62.12451, 16.75442 ], [ -62.12368, 16.75227 ], [ -62.12304, 16.75005 ], [ -62.12262, 16.74779 ], [ -62.1224, 16.74549 ], [ -62.12239, 16.74319 ], [ -62.12271, 16.73595 ], [ -62.12291, 16.73371 ], [ -62.12331, 16.7315 ], [ -62.12391, 16.72933 ], [ -62.12499, 16.726 ], [ -62.12251, 16.7219 ], [ -62.12145, 16.71995 ], [ -62.12057, 16.71792 ], [ -62.11784, 16.7108 ], [ -62.11718, 16.70886 ], [ -62.11669, 16.70687 ], [ -62.11636, 16.70485 ] ] ], [ [ [ -62.33378, 16.96411 ], [ -62.33152, 16.96308 ], [ -62.32938, 16.96183 ], [ -62.32738, 16.96037 ], [ -62.32553, 16.95872 ], [ -62.32385, 16.9569 ], [ -62.32236, 16.95492 ], [ -62.32107, 16.9528 ], [ -62.32, 16.95056 ], [ -62.31916, 16.94823 ], [ -62.31855, 16.94583 ], [ -62.31818, 16.94338 ], [ -62.31806, 16.9409 ], [ -62.31806, 16.93506 ], [ -62.31819, 16.93254 ], [ -62.31857, 16.93004 ], [ -62.3192, 16.92759 ], [ -62.32008, 16.92522 ], [ -62.32119, 16.92296 ], [ -62.32259, 16.92043 ], [ -62.32383, 16.91841 ], [ -62.32526, 16.91652 ], [ -62.32686, 16.91477 ], [ -62.32862, 16.91319 ], [ -62.33052, 16.91178 ], [ -62.33255, 16.91055 ], [ -62.33468, 16.90952 ], [ -62.33691, 16.9087 ], [ -62.3392, 16.90809 ], [ -62.3418, 16.90753 ], [ -62.34419, 16.90714 ], [ -62.34661, 16.90697 ], [ -62.34904, 16.90705 ], [ -62.35145, 16.90736 ], [ -62.35381, 16.9079 ], [ -62.35611, 16.90867 ], [ -62.35833, 16.90966 ], [ -62.36044, 16.91085 ], [ -62.36243, 16.91225 ], [ -62.36427, 16.91383 ], [ -62.36594, 16.91559 ], [ -62.36744, 16.9175 ], [ -62.36864, 16.91919 ], [ -62.36995, 16.92123 ], [ -62.37106, 16.9234 ], [ -62.37195, 16.92566 ], [ -62.37261, 16.928 ], [ -62.37304, 16.93039 ], [ -62.37325, 16.93281 ], [ -62.37321, 16.93524 ], [ -62.37294, 16.93765 ], [ -62.37244, 16.94003 ], [ -62.37146, 16.94375 ], [ -62.37075, 16.94598 ], [ -62.36985, 16.94814 ], [ -62.36874, 16.9502 ], [ -62.36745, 16.95215 ], [ -62.36598, 16.95397 ], [ -62.3633, 16.95699 ], [ -62.36143, 16.95888 ], [ -62.35938, 16.96056 ], [ -62.35716, 16.96202 ], [ -62.3548, 16.96323 ], [ -62.35232, 16.96418 ], [ -62.35078, 16.96468 ], [ -62.34839, 16.96533 ], [ -62.34594, 16.96573 ], [ -62.34347, 16.9659 ], [ -62.34099, 16.96581 ], [ -62.33853, 16.96549 ], [ -62.33612, 16.96492 ], [ -62.33378, 16.96411 ] ] ] ] } }
]
}
